ISO-10303-21;
HEADER;
/* Generated by software containing ST-Developer
 * from STEP Tools, Inc. (www.steptools.com) 
 */

FILE_DESCRIPTION(
/* description */ (''),
/* implementation_level */ '2;1');

FILE_NAME(
/* name */ 'Behlter Bad.stp',
/* time_stamp */ '2025-11-02T11:20:33+01:00',
/* author */ ('Tim.Hermann'),
/* organization */ (''),
/* preprocessor_version */ 'ST-DEVELOPER v20',
/* originating_system */ 'Autodesk Inventor 2024',
/* authorisation */ '');

FILE_SCHEMA (('AUTOMOTIVE_DESIGN { 1 0 10303 214 3 1 1 }'));
ENDSEC;

DATA;
#10=MECHANICAL_DESIGN_GEOMETRIC_PRESENTATION_REPRESENTATION('',(#13),#20690);
#11=SHAPE_REPRESENTATION_RELATIONSHIP('SRR','None',#20697,#12);
#12=ADVANCED_BREP_SHAPE_REPRESENTATION('',(#14),#20689);
#13=STYLED_ITEM('',(#20706),#14);
#14=MANIFOLD_SOLID_BREP('Volumenk\X\F6rper1',#12889);
#15=FACE_BOUND('',#1342,.T.);
#16=CYLINDRICAL_SURFACE('',#12916,48.);
#17=CYLINDRICAL_SURFACE('',#12918,50.);
#18=CYLINDRICAL_SURFACE('',#12921,50.);
#19=CYLINDRICAL_SURFACE('',#12924,50.);
#20=CYLINDRICAL_SURFACE('',#12927,50.);
#21=CYLINDRICAL_SURFACE('',#12930,50.);
#22=CYLINDRICAL_SURFACE('',#12933,50.);
#23=CYLINDRICAL_SURFACE('',#12936,50.);
#24=CYLINDRICAL_SURFACE('',#12939,50.);
#25=CYLINDRICAL_SURFACE('',#12942,50.);
#26=CYLINDRICAL_SURFACE('',#12945,50.);
#27=CYLINDRICAL_SURFACE('',#12948,50.);
#28=CYLINDRICAL_SURFACE('',#12951,50.);
#29=CYLINDRICAL_SURFACE('',#12954,50.);
#30=CYLINDRICAL_SURFACE('',#12957,50.);
#31=CYLINDRICAL_SURFACE('',#12960,50.);
#32=CYLINDRICAL_SURFACE('',#12963,50.);
#33=CYLINDRICAL_SURFACE('',#12966,50.);
#34=CYLINDRICAL_SURFACE('',#12969,50.);
#35=CYLINDRICAL_SURFACE('',#12972,50.);
#36=CYLINDRICAL_SURFACE('',#12975,50.);
#37=CYLINDRICAL_SURFACE('',#12978,50.);
#38=CYLINDRICAL_SURFACE('',#12981,50.);
#39=CYLINDRICAL_SURFACE('',#12984,50.);
#40=CYLINDRICAL_SURFACE('',#12987,50.);
#41=CYLINDRICAL_SURFACE('',#12990,50.);
#42=CYLINDRICAL_SURFACE('',#12993,50.);
#43=CYLINDRICAL_SURFACE('',#12996,50.);
#44=CYLINDRICAL_SURFACE('',#12999,50.);
#45=CYLINDRICAL_SURFACE('',#13002,50.);
#46=CYLINDRICAL_SURFACE('',#13005,50.);
#47=CYLINDRICAL_SURFACE('',#13008,50.);
#48=CYLINDRICAL_SURFACE('',#13011,50.);
#49=CYLINDRICAL_SURFACE('',#13014,50.);
#50=CYLINDRICAL_SURFACE('',#13017,50.);
#51=CYLINDRICAL_SURFACE('',#13020,50.);
#52=CYLINDRICAL_SURFACE('',#13023,50.);
#53=CYLINDRICAL_SURFACE('',#13026,50.);
#54=CYLINDRICAL_SURFACE('',#13029,50.);
#55=CYLINDRICAL_SURFACE('',#13107,50.);
#56=CYLINDRICAL_SURFACE('',#13110,50.);
#57=CYLINDRICAL_SURFACE('',#13113,50.);
#58=CYLINDRICAL_SURFACE('',#13116,50.);
#59=CYLINDRICAL_SURFACE('',#13119,50.);
#60=CYLINDRICAL_SURFACE('',#13122,50.);
#61=CYLINDRICAL_SURFACE('',#13125,50.);
#62=CYLINDRICAL_SURFACE('',#13128,50.);
#63=CYLINDRICAL_SURFACE('',#13131,50.);
#64=CYLINDRICAL_SURFACE('',#13134,50.);
#65=CYLINDRICAL_SURFACE('',#13137,50.);
#66=CYLINDRICAL_SURFACE('',#13140,50.);
#67=CYLINDRICAL_SURFACE('',#13143,50.);
#68=CYLINDRICAL_SURFACE('',#13146,50.);
#69=CYLINDRICAL_SURFACE('',#13149,50.);
#70=CYLINDRICAL_SURFACE('',#13152,50.);
#71=CYLINDRICAL_SURFACE('',#13155,50.);
#72=CYLINDRICAL_SURFACE('',#13158,50.);
#73=CYLINDRICAL_SURFACE('',#13161,50.);
#74=CYLINDRICAL_SURFACE('',#13164,50.);
#75=CYLINDRICAL_SURFACE('',#13167,50.);
#76=CYLINDRICAL_SURFACE('',#13170,50.);
#77=CYLINDRICAL_SURFACE('',#13173,50.);
#78=CYLINDRICAL_SURFACE('',#13176,50.);
#79=CYLINDRICAL_SURFACE('',#13179,50.);
#80=CYLINDRICAL_SURFACE('',#13182,50.);
#81=CYLINDRICAL_SURFACE('',#13185,50.);
#82=CYLINDRICAL_SURFACE('',#13188,50.);
#83=CYLINDRICAL_SURFACE('',#13191,50.);
#84=CYLINDRICAL_SURFACE('',#13194,50.);
#85=CYLINDRICAL_SURFACE('',#13197,50.);
#86=CYLINDRICAL_SURFACE('',#13200,50.);
#87=CYLINDRICAL_SURFACE('',#13203,50.);
#88=CYLINDRICAL_SURFACE('',#13206,50.);
#89=CYLINDRICAL_SURFACE('',#13209,50.);
#90=CYLINDRICAL_SURFACE('',#13212,50.);
#91=CYLINDRICAL_SURFACE('',#13215,50.);
#92=CYLINDRICAL_SURFACE('',#13218,50.);
#93=CYLINDRICAL_SURFACE('',#13222,48.);
#94=CYLINDRICAL_SURFACE('',#13224,50.);
#95=CYLINDRICAL_SURFACE('',#13227,50.);
#96=FACE_OUTER_BOUND('',#719,.T.);
#97=FACE_OUTER_BOUND('',#720,.T.);
#98=FACE_OUTER_BOUND('',#721,.T.);
#99=FACE_OUTER_BOUND('',#722,.T.);
#100=FACE_OUTER_BOUND('',#723,.T.);
#101=FACE_OUTER_BOUND('',#724,.T.);
#102=FACE_OUTER_BOUND('',#725,.T.);
#103=FACE_OUTER_BOUND('',#726,.T.);
#104=FACE_OUTER_BOUND('',#727,.T.);
#105=FACE_OUTER_BOUND('',#728,.T.);
#106=FACE_OUTER_BOUND('',#729,.T.);
#107=FACE_OUTER_BOUND('',#730,.T.);
#108=FACE_OUTER_BOUND('',#731,.T.);
#109=FACE_OUTER_BOUND('',#732,.T.);
#110=FACE_OUTER_BOUND('',#733,.T.);
#111=FACE_OUTER_BOUND('',#734,.T.);
#112=FACE_OUTER_BOUND('',#735,.T.);
#113=FACE_OUTER_BOUND('',#736,.T.);
#114=FACE_OUTER_BOUND('',#737,.T.);
#115=FACE_OUTER_BOUND('',#738,.T.);
#116=FACE_OUTER_BOUND('',#739,.T.);
#117=FACE_OUTER_BOUND('',#740,.T.);
#118=FACE_OUTER_BOUND('',#741,.T.);
#119=FACE_OUTER_BOUND('',#742,.T.);
#120=FACE_OUTER_BOUND('',#743,.T.);
#121=FACE_OUTER_BOUND('',#744,.T.);
#122=FACE_OUTER_BOUND('',#745,.T.);
#123=FACE_OUTER_BOUND('',#746,.T.);
#124=FACE_OUTER_BOUND('',#747,.T.);
#125=FACE_OUTER_BOUND('',#748,.T.);
#126=FACE_OUTER_BOUND('',#749,.T.);
#127=FACE_OUTER_BOUND('',#750,.T.);
#128=FACE_OUTER_BOUND('',#751,.T.);
#129=FACE_OUTER_BOUND('',#752,.T.);
#130=FACE_OUTER_BOUND('',#753,.T.);
#131=FACE_OUTER_BOUND('',#754,.T.);
#132=FACE_OUTER_BOUND('',#755,.T.);
#133=FACE_OUTER_BOUND('',#756,.T.);
#134=FACE_OUTER_BOUND('',#757,.T.);
#135=FACE_OUTER_BOUND('',#758,.T.);
#136=FACE_OUTER_BOUND('',#759,.T.);
#137=FACE_OUTER_BOUND('',#760,.T.);
#138=FACE_OUTER_BOUND('',#761,.T.);
#139=FACE_OUTER_BOUND('',#762,.T.);
#140=FACE_OUTER_BOUND('',#763,.T.);
#141=FACE_OUTER_BOUND('',#764,.T.);
#142=FACE_OUTER_BOUND('',#765,.T.);
#143=FACE_OUTER_BOUND('',#766,.T.);
#144=FACE_OUTER_BOUND('',#767,.T.);
#145=FACE_OUTER_BOUND('',#768,.T.);
#146=FACE_OUTER_BOUND('',#769,.T.);
#147=FACE_OUTER_BOUND('',#770,.T.);
#148=FACE_OUTER_BOUND('',#771,.T.);
#149=FACE_OUTER_BOUND('',#772,.T.);
#150=FACE_OUTER_BOUND('',#773,.T.);
#151=FACE_OUTER_BOUND('',#774,.T.);
#152=FACE_OUTER_BOUND('',#775,.T.);
#153=FACE_OUTER_BOUND('',#776,.T.);
#154=FACE_OUTER_BOUND('',#777,.T.);
#155=FACE_OUTER_BOUND('',#778,.T.);
#156=FACE_OUTER_BOUND('',#779,.T.);
#157=FACE_OUTER_BOUND('',#780,.T.);
#158=FACE_OUTER_BOUND('',#781,.T.);
#159=FACE_OUTER_BOUND('',#782,.T.);
#160=FACE_OUTER_BOUND('',#783,.T.);
#161=FACE_OUTER_BOUND('',#784,.T.);
#162=FACE_OUTER_BOUND('',#785,.T.);
#163=FACE_OUTER_BOUND('',#786,.T.);
#164=FACE_OUTER_BOUND('',#787,.T.);
#165=FACE_OUTER_BOUND('',#788,.T.);
#166=FACE_OUTER_BOUND('',#789,.T.);
#167=FACE_OUTER_BOUND('',#790,.T.);
#168=FACE_OUTER_BOUND('',#791,.T.);
#169=FACE_OUTER_BOUND('',#792,.T.);
#170=FACE_OUTER_BOUND('',#793,.T.);
#171=FACE_OUTER_BOUND('',#794,.T.);
#172=FACE_OUTER_BOUND('',#795,.T.);
#173=FACE_OUTER_BOUND('',#796,.T.);
#174=FACE_OUTER_BOUND('',#797,.T.);
#175=FACE_OUTER_BOUND('',#798,.T.);
#176=FACE_OUTER_BOUND('',#799,.T.);
#177=FACE_OUTER_BOUND('',#800,.T.);
#178=FACE_OUTER_BOUND('',#801,.T.);
#179=FACE_OUTER_BOUND('',#802,.T.);
#180=FACE_OUTER_BOUND('',#803,.T.);
#181=FACE_OUTER_BOUND('',#804,.T.);
#182=FACE_OUTER_BOUND('',#805,.T.);
#183=FACE_OUTER_BOUND('',#806,.T.);
#184=FACE_OUTER_BOUND('',#807,.T.);
#185=FACE_OUTER_BOUND('',#808,.T.);
#186=FACE_OUTER_BOUND('',#809,.T.);
#187=FACE_OUTER_BOUND('',#810,.T.);
#188=FACE_OUTER_BOUND('',#811,.T.);
#189=FACE_OUTER_BOUND('',#812,.T.);
#190=FACE_OUTER_BOUND('',#813,.T.);
#191=FACE_OUTER_BOUND('',#814,.T.);
#192=FACE_OUTER_BOUND('',#815,.T.);
#193=FACE_OUTER_BOUND('',#816,.T.);
#194=FACE_OUTER_BOUND('',#817,.T.);
#195=FACE_OUTER_BOUND('',#818,.T.);
#196=FACE_OUTER_BOUND('',#819,.T.);
#197=FACE_OUTER_BOUND('',#820,.T.);
#198=FACE_OUTER_BOUND('',#821,.T.);
#199=FACE_OUTER_BOUND('',#822,.T.);
#200=FACE_OUTER_BOUND('',#823,.T.);
#201=FACE_OUTER_BOUND('',#824,.T.);
#202=FACE_OUTER_BOUND('',#825,.T.);
#203=FACE_OUTER_BOUND('',#826,.T.);
#204=FACE_OUTER_BOUND('',#827,.T.);
#205=FACE_OUTER_BOUND('',#828,.T.);
#206=FACE_OUTER_BOUND('',#829,.T.);
#207=FACE_OUTER_BOUND('',#830,.T.);
#208=FACE_OUTER_BOUND('',#831,.T.);
#209=FACE_OUTER_BOUND('',#832,.T.);
#210=FACE_OUTER_BOUND('',#833,.T.);
#211=FACE_OUTER_BOUND('',#834,.T.);
#212=FACE_OUTER_BOUND('',#835,.T.);
#213=FACE_OUTER_BOUND('',#836,.T.);
#214=FACE_OUTER_BOUND('',#837,.T.);
#215=FACE_OUTER_BOUND('',#838,.T.);
#216=FACE_OUTER_BOUND('',#839,.T.);
#217=FACE_OUTER_BOUND('',#840,.T.);
#218=FACE_OUTER_BOUND('',#841,.T.);
#219=FACE_OUTER_BOUND('',#842,.T.);
#220=FACE_OUTER_BOUND('',#843,.T.);
#221=FACE_OUTER_BOUND('',#844,.T.);
#222=FACE_OUTER_BOUND('',#845,.T.);
#223=FACE_OUTER_BOUND('',#846,.T.);
#224=FACE_OUTER_BOUND('',#847,.T.);
#225=FACE_OUTER_BOUND('',#848,.T.);
#226=FACE_OUTER_BOUND('',#849,.T.);
#227=FACE_OUTER_BOUND('',#850,.T.);
#228=FACE_OUTER_BOUND('',#851,.T.);
#229=FACE_OUTER_BOUND('',#852,.T.);
#230=FACE_OUTER_BOUND('',#853,.T.);
#231=FACE_OUTER_BOUND('',#854,.T.);
#232=FACE_OUTER_BOUND('',#855,.T.);
#233=FACE_OUTER_BOUND('',#856,.T.);
#234=FACE_OUTER_BOUND('',#857,.T.);
#235=FACE_OUTER_BOUND('',#858,.T.);
#236=FACE_OUTER_BOUND('',#859,.T.);
#237=FACE_OUTER_BOUND('',#860,.T.);
#238=FACE_OUTER_BOUND('',#861,.T.);
#239=FACE_OUTER_BOUND('',#862,.T.);
#240=FACE_OUTER_BOUND('',#863,.T.);
#241=FACE_OUTER_BOUND('',#864,.T.);
#242=FACE_OUTER_BOUND('',#865,.T.);
#243=FACE_OUTER_BOUND('',#866,.T.);
#244=FACE_OUTER_BOUND('',#867,.T.);
#245=FACE_OUTER_BOUND('',#868,.T.);
#246=FACE_OUTER_BOUND('',#869,.T.);
#247=FACE_OUTER_BOUND('',#870,.T.);
#248=FACE_OUTER_BOUND('',#871,.T.);
#249=FACE_OUTER_BOUND('',#872,.T.);
#250=FACE_OUTER_BOUND('',#873,.T.);
#251=FACE_OUTER_BOUND('',#874,.T.);
#252=FACE_OUTER_BOUND('',#875,.T.);
#253=FACE_OUTER_BOUND('',#876,.T.);
#254=FACE_OUTER_BOUND('',#877,.T.);
#255=FACE_OUTER_BOUND('',#878,.T.);
#256=FACE_OUTER_BOUND('',#879,.T.);
#257=FACE_OUTER_BOUND('',#880,.T.);
#258=FACE_OUTER_BOUND('',#881,.T.);
#259=FACE_OUTER_BOUND('',#882,.T.);
#260=FACE_OUTER_BOUND('',#883,.T.);
#261=FACE_OUTER_BOUND('',#884,.T.);
#262=FACE_OUTER_BOUND('',#885,.T.);
#263=FACE_OUTER_BOUND('',#886,.T.);
#264=FACE_OUTER_BOUND('',#887,.T.);
#265=FACE_OUTER_BOUND('',#888,.T.);
#266=FACE_OUTER_BOUND('',#889,.T.);
#267=FACE_OUTER_BOUND('',#890,.T.);
#268=FACE_OUTER_BOUND('',#891,.T.);
#269=FACE_OUTER_BOUND('',#892,.T.);
#270=FACE_OUTER_BOUND('',#893,.T.);
#271=FACE_OUTER_BOUND('',#894,.T.);
#272=FACE_OUTER_BOUND('',#895,.T.);
#273=FACE_OUTER_BOUND('',#896,.T.);
#274=FACE_OUTER_BOUND('',#897,.T.);
#275=FACE_OUTER_BOUND('',#898,.T.);
#276=FACE_OUTER_BOUND('',#899,.T.);
#277=FACE_OUTER_BOUND('',#900,.T.);
#278=FACE_OUTER_BOUND('',#901,.T.);
#279=FACE_OUTER_BOUND('',#902,.T.);
#280=FACE_OUTER_BOUND('',#903,.T.);
#281=FACE_OUTER_BOUND('',#904,.T.);
#282=FACE_OUTER_BOUND('',#905,.T.);
#283=FACE_OUTER_BOUND('',#906,.T.);
#284=FACE_OUTER_BOUND('',#907,.T.);
#285=FACE_OUTER_BOUND('',#908,.T.);
#286=FACE_OUTER_BOUND('',#909,.T.);
#287=FACE_OUTER_BOUND('',#910,.T.);
#288=FACE_OUTER_BOUND('',#911,.T.);
#289=FACE_OUTER_BOUND('',#912,.T.);
#290=FACE_OUTER_BOUND('',#913,.T.);
#291=FACE_OUTER_BOUND('',#914,.T.);
#292=FACE_OUTER_BOUND('',#915,.T.);
#293=FACE_OUTER_BOUND('',#916,.T.);
#294=FACE_OUTER_BOUND('',#917,.T.);
#295=FACE_OUTER_BOUND('',#918,.T.);
#296=FACE_OUTER_BOUND('',#919,.T.);
#297=FACE_OUTER_BOUND('',#920,.T.);
#298=FACE_OUTER_BOUND('',#921,.T.);
#299=FACE_OUTER_BOUND('',#922,.T.);
#300=FACE_OUTER_BOUND('',#923,.T.);
#301=FACE_OUTER_BOUND('',#924,.T.);
#302=FACE_OUTER_BOUND('',#925,.T.);
#303=FACE_OUTER_BOUND('',#926,.T.);
#304=FACE_OUTER_BOUND('',#927,.T.);
#305=FACE_OUTER_BOUND('',#928,.T.);
#306=FACE_OUTER_BOUND('',#929,.T.);
#307=FACE_OUTER_BOUND('',#930,.T.);
#308=FACE_OUTER_BOUND('',#931,.T.);
#309=FACE_OUTER_BOUND('',#932,.T.);
#310=FACE_OUTER_BOUND('',#933,.T.);
#311=FACE_OUTER_BOUND('',#934,.T.);
#312=FACE_OUTER_BOUND('',#935,.T.);
#313=FACE_OUTER_BOUND('',#936,.T.);
#314=FACE_OUTER_BOUND('',#937,.T.);
#315=FACE_OUTER_BOUND('',#938,.T.);
#316=FACE_OUTER_BOUND('',#939,.T.);
#317=FACE_OUTER_BOUND('',#940,.T.);
#318=FACE_OUTER_BOUND('',#941,.T.);
#319=FACE_OUTER_BOUND('',#942,.T.);
#320=FACE_OUTER_BOUND('',#943,.T.);
#321=FACE_OUTER_BOUND('',#944,.T.);
#322=FACE_OUTER_BOUND('',#945,.T.);
#323=FACE_OUTER_BOUND('',#946,.T.);
#324=FACE_OUTER_BOUND('',#947,.T.);
#325=FACE_OUTER_BOUND('',#948,.T.);
#326=FACE_OUTER_BOUND('',#949,.T.);
#327=FACE_OUTER_BOUND('',#950,.T.);
#328=FACE_OUTER_BOUND('',#951,.T.);
#329=FACE_OUTER_BOUND('',#952,.T.);
#330=FACE_OUTER_BOUND('',#953,.T.);
#331=FACE_OUTER_BOUND('',#954,.T.);
#332=FACE_OUTER_BOUND('',#955,.T.);
#333=FACE_OUTER_BOUND('',#956,.T.);
#334=FACE_OUTER_BOUND('',#957,.T.);
#335=FACE_OUTER_BOUND('',#958,.T.);
#336=FACE_OUTER_BOUND('',#959,.T.);
#337=FACE_OUTER_BOUND('',#960,.T.);
#338=FACE_OUTER_BOUND('',#961,.T.);
#339=FACE_OUTER_BOUND('',#962,.T.);
#340=FACE_OUTER_BOUND('',#963,.T.);
#341=FACE_OUTER_BOUND('',#964,.T.);
#342=FACE_OUTER_BOUND('',#965,.T.);
#343=FACE_OUTER_BOUND('',#966,.T.);
#344=FACE_OUTER_BOUND('',#967,.T.);
#345=FACE_OUTER_BOUND('',#968,.T.);
#346=FACE_OUTER_BOUND('',#969,.T.);
#347=FACE_OUTER_BOUND('',#970,.T.);
#348=FACE_OUTER_BOUND('',#971,.T.);
#349=FACE_OUTER_BOUND('',#972,.T.);
#350=FACE_OUTER_BOUND('',#973,.T.);
#351=FACE_OUTER_BOUND('',#974,.T.);
#352=FACE_OUTER_BOUND('',#975,.T.);
#353=FACE_OUTER_BOUND('',#976,.T.);
#354=FACE_OUTER_BOUND('',#977,.T.);
#355=FACE_OUTER_BOUND('',#978,.T.);
#356=FACE_OUTER_BOUND('',#979,.T.);
#357=FACE_OUTER_BOUND('',#980,.T.);
#358=FACE_OUTER_BOUND('',#981,.T.);
#359=FACE_OUTER_BOUND('',#982,.T.);
#360=FACE_OUTER_BOUND('',#983,.T.);
#361=FACE_OUTER_BOUND('',#984,.T.);
#362=FACE_OUTER_BOUND('',#985,.T.);
#363=FACE_OUTER_BOUND('',#986,.T.);
#364=FACE_OUTER_BOUND('',#987,.T.);
#365=FACE_OUTER_BOUND('',#988,.T.);
#366=FACE_OUTER_BOUND('',#989,.T.);
#367=FACE_OUTER_BOUND('',#990,.T.);
#368=FACE_OUTER_BOUND('',#991,.T.);
#369=FACE_OUTER_BOUND('',#992,.T.);
#370=FACE_OUTER_BOUND('',#993,.T.);
#371=FACE_OUTER_BOUND('',#994,.T.);
#372=FACE_OUTER_BOUND('',#995,.T.);
#373=FACE_OUTER_BOUND('',#996,.T.);
#374=FACE_OUTER_BOUND('',#997,.T.);
#375=FACE_OUTER_BOUND('',#998,.T.);
#376=FACE_OUTER_BOUND('',#999,.T.);
#377=FACE_OUTER_BOUND('',#1000,.T.);
#378=FACE_OUTER_BOUND('',#1001,.T.);
#379=FACE_OUTER_BOUND('',#1002,.T.);
#380=FACE_OUTER_BOUND('',#1003,.T.);
#381=FACE_OUTER_BOUND('',#1004,.T.);
#382=FACE_OUTER_BOUND('',#1005,.T.);
#383=FACE_OUTER_BOUND('',#1006,.T.);
#384=FACE_OUTER_BOUND('',#1007,.T.);
#385=FACE_OUTER_BOUND('',#1008,.T.);
#386=FACE_OUTER_BOUND('',#1009,.T.);
#387=FACE_OUTER_BOUND('',#1010,.T.);
#388=FACE_OUTER_BOUND('',#1011,.T.);
#389=FACE_OUTER_BOUND('',#1012,.T.);
#390=FACE_OUTER_BOUND('',#1013,.T.);
#391=FACE_OUTER_BOUND('',#1014,.T.);
#392=FACE_OUTER_BOUND('',#1015,.T.);
#393=FACE_OUTER_BOUND('',#1016,.T.);
#394=FACE_OUTER_BOUND('',#1017,.T.);
#395=FACE_OUTER_BOUND('',#1018,.T.);
#396=FACE_OUTER_BOUND('',#1019,.T.);
#397=FACE_OUTER_BOUND('',#1020,.T.);
#398=FACE_OUTER_BOUND('',#1021,.T.);
#399=FACE_OUTER_BOUND('',#1022,.T.);
#400=FACE_OUTER_BOUND('',#1023,.T.);
#401=FACE_OUTER_BOUND('',#1024,.T.);
#402=FACE_OUTER_BOUND('',#1025,.T.);
#403=FACE_OUTER_BOUND('',#1026,.T.);
#404=FACE_OUTER_BOUND('',#1027,.T.);
#405=FACE_OUTER_BOUND('',#1028,.T.);
#406=FACE_OUTER_BOUND('',#1029,.T.);
#407=FACE_OUTER_BOUND('',#1030,.T.);
#408=FACE_OUTER_BOUND('',#1031,.T.);
#409=FACE_OUTER_BOUND('',#1032,.T.);
#410=FACE_OUTER_BOUND('',#1033,.T.);
#411=FACE_OUTER_BOUND('',#1034,.T.);
#412=FACE_OUTER_BOUND('',#1035,.T.);
#413=FACE_OUTER_BOUND('',#1036,.T.);
#414=FACE_OUTER_BOUND('',#1037,.T.);
#415=FACE_OUTER_BOUND('',#1038,.T.);
#416=FACE_OUTER_BOUND('',#1039,.T.);
#417=FACE_OUTER_BOUND('',#1040,.T.);
#418=FACE_OUTER_BOUND('',#1041,.T.);
#419=FACE_OUTER_BOUND('',#1042,.T.);
#420=FACE_OUTER_BOUND('',#1043,.T.);
#421=FACE_OUTER_BOUND('',#1044,.T.);
#422=FACE_OUTER_BOUND('',#1045,.T.);
#423=FACE_OUTER_BOUND('',#1046,.T.);
#424=FACE_OUTER_BOUND('',#1047,.T.);
#425=FACE_OUTER_BOUND('',#1048,.T.);
#426=FACE_OUTER_BOUND('',#1049,.T.);
#427=FACE_OUTER_BOUND('',#1050,.T.);
#428=FACE_OUTER_BOUND('',#1051,.T.);
#429=FACE_OUTER_BOUND('',#1052,.T.);
#430=FACE_OUTER_BOUND('',#1053,.T.);
#431=FACE_OUTER_BOUND('',#1054,.T.);
#432=FACE_OUTER_BOUND('',#1055,.T.);
#433=FACE_OUTER_BOUND('',#1056,.T.);
#434=FACE_OUTER_BOUND('',#1057,.T.);
#435=FACE_OUTER_BOUND('',#1058,.T.);
#436=FACE_OUTER_BOUND('',#1059,.T.);
#437=FACE_OUTER_BOUND('',#1060,.T.);
#438=FACE_OUTER_BOUND('',#1061,.T.);
#439=FACE_OUTER_BOUND('',#1062,.T.);
#440=FACE_OUTER_BOUND('',#1063,.T.);
#441=FACE_OUTER_BOUND('',#1064,.T.);
#442=FACE_OUTER_BOUND('',#1065,.T.);
#443=FACE_OUTER_BOUND('',#1066,.T.);
#444=FACE_OUTER_BOUND('',#1067,.T.);
#445=FACE_OUTER_BOUND('',#1068,.T.);
#446=FACE_OUTER_BOUND('',#1069,.T.);
#447=FACE_OUTER_BOUND('',#1070,.T.);
#448=FACE_OUTER_BOUND('',#1071,.T.);
#449=FACE_OUTER_BOUND('',#1072,.T.);
#450=FACE_OUTER_BOUND('',#1073,.T.);
#451=FACE_OUTER_BOUND('',#1074,.T.);
#452=FACE_OUTER_BOUND('',#1075,.T.);
#453=FACE_OUTER_BOUND('',#1076,.T.);
#454=FACE_OUTER_BOUND('',#1077,.T.);
#455=FACE_OUTER_BOUND('',#1078,.T.);
#456=FACE_OUTER_BOUND('',#1079,.T.);
#457=FACE_OUTER_BOUND('',#1080,.T.);
#458=FACE_OUTER_BOUND('',#1081,.T.);
#459=FACE_OUTER_BOUND('',#1082,.T.);
#460=FACE_OUTER_BOUND('',#1083,.T.);
#461=FACE_OUTER_BOUND('',#1084,.T.);
#462=FACE_OUTER_BOUND('',#1085,.T.);
#463=FACE_OUTER_BOUND('',#1086,.T.);
#464=FACE_OUTER_BOUND('',#1087,.T.);
#465=FACE_OUTER_BOUND('',#1088,.T.);
#466=FACE_OUTER_BOUND('',#1089,.T.);
#467=FACE_OUTER_BOUND('',#1090,.T.);
#468=FACE_OUTER_BOUND('',#1091,.T.);
#469=FACE_OUTER_BOUND('',#1092,.T.);
#470=FACE_OUTER_BOUND('',#1093,.T.);
#471=FACE_OUTER_BOUND('',#1094,.T.);
#472=FACE_OUTER_BOUND('',#1095,.T.);
#473=FACE_OUTER_BOUND('',#1096,.T.);
#474=FACE_OUTER_BOUND('',#1097,.T.);
#475=FACE_OUTER_BOUND('',#1098,.T.);
#476=FACE_OUTER_BOUND('',#1099,.T.);
#477=FACE_OUTER_BOUND('',#1100,.T.);
#478=FACE_OUTER_BOUND('',#1101,.T.);
#479=FACE_OUTER_BOUND('',#1102,.T.);
#480=FACE_OUTER_BOUND('',#1103,.T.);
#481=FACE_OUTER_BOUND('',#1104,.T.);
#482=FACE_OUTER_BOUND('',#1105,.T.);
#483=FACE_OUTER_BOUND('',#1106,.T.);
#484=FACE_OUTER_BOUND('',#1107,.T.);
#485=FACE_OUTER_BOUND('',#1108,.T.);
#486=FACE_OUTER_BOUND('',#1109,.T.);
#487=FACE_OUTER_BOUND('',#1110,.T.);
#488=FACE_OUTER_BOUND('',#1111,.T.);
#489=FACE_OUTER_BOUND('',#1112,.T.);
#490=FACE_OUTER_BOUND('',#1113,.T.);
#491=FACE_OUTER_BOUND('',#1114,.T.);
#492=FACE_OUTER_BOUND('',#1115,.T.);
#493=FACE_OUTER_BOUND('',#1116,.T.);
#494=FACE_OUTER_BOUND('',#1117,.T.);
#495=FACE_OUTER_BOUND('',#1118,.T.);
#496=FACE_OUTER_BOUND('',#1119,.T.);
#497=FACE_OUTER_BOUND('',#1120,.T.);
#498=FACE_OUTER_BOUND('',#1121,.T.);
#499=FACE_OUTER_BOUND('',#1122,.T.);
#500=FACE_OUTER_BOUND('',#1123,.T.);
#501=FACE_OUTER_BOUND('',#1124,.T.);
#502=FACE_OUTER_BOUND('',#1125,.T.);
#503=FACE_OUTER_BOUND('',#1126,.T.);
#504=FACE_OUTER_BOUND('',#1127,.T.);
#505=FACE_OUTER_BOUND('',#1128,.T.);
#506=FACE_OUTER_BOUND('',#1129,.T.);
#507=FACE_OUTER_BOUND('',#1130,.T.);
#508=FACE_OUTER_BOUND('',#1131,.T.);
#509=FACE_OUTER_BOUND('',#1132,.T.);
#510=FACE_OUTER_BOUND('',#1133,.T.);
#511=FACE_OUTER_BOUND('',#1134,.T.);
#512=FACE_OUTER_BOUND('',#1135,.T.);
#513=FACE_OUTER_BOUND('',#1136,.T.);
#514=FACE_OUTER_BOUND('',#1137,.T.);
#515=FACE_OUTER_BOUND('',#1138,.T.);
#516=FACE_OUTER_BOUND('',#1139,.T.);
#517=FACE_OUTER_BOUND('',#1140,.T.);
#518=FACE_OUTER_BOUND('',#1141,.T.);
#519=FACE_OUTER_BOUND('',#1142,.T.);
#520=FACE_OUTER_BOUND('',#1143,.T.);
#521=FACE_OUTER_BOUND('',#1144,.T.);
#522=FACE_OUTER_BOUND('',#1145,.T.);
#523=FACE_OUTER_BOUND('',#1146,.T.);
#524=FACE_OUTER_BOUND('',#1147,.T.);
#525=FACE_OUTER_BOUND('',#1148,.T.);
#526=FACE_OUTER_BOUND('',#1149,.T.);
#527=FACE_OUTER_BOUND('',#1150,.T.);
#528=FACE_OUTER_BOUND('',#1151,.T.);
#529=FACE_OUTER_BOUND('',#1152,.T.);
#530=FACE_OUTER_BOUND('',#1153,.T.);
#531=FACE_OUTER_BOUND('',#1154,.T.);
#532=FACE_OUTER_BOUND('',#1155,.T.);
#533=FACE_OUTER_BOUND('',#1156,.T.);
#534=FACE_OUTER_BOUND('',#1157,.T.);
#535=FACE_OUTER_BOUND('',#1158,.T.);
#536=FACE_OUTER_BOUND('',#1159,.T.);
#537=FACE_OUTER_BOUND('',#1160,.T.);
#538=FACE_OUTER_BOUND('',#1161,.T.);
#539=FACE_OUTER_BOUND('',#1162,.T.);
#540=FACE_OUTER_BOUND('',#1163,.T.);
#541=FACE_OUTER_BOUND('',#1164,.T.);
#542=FACE_OUTER_BOUND('',#1165,.T.);
#543=FACE_OUTER_BOUND('',#1166,.T.);
#544=FACE_OUTER_BOUND('',#1167,.T.);
#545=FACE_OUTER_BOUND('',#1168,.T.);
#546=FACE_OUTER_BOUND('',#1169,.T.);
#547=FACE_OUTER_BOUND('',#1170,.T.);
#548=FACE_OUTER_BOUND('',#1171,.T.);
#549=FACE_OUTER_BOUND('',#1172,.T.);
#550=FACE_OUTER_BOUND('',#1173,.T.);
#551=FACE_OUTER_BOUND('',#1174,.T.);
#552=FACE_OUTER_BOUND('',#1175,.T.);
#553=FACE_OUTER_BOUND('',#1176,.T.);
#554=FACE_OUTER_BOUND('',#1177,.T.);
#555=FACE_OUTER_BOUND('',#1178,.T.);
#556=FACE_OUTER_BOUND('',#1179,.T.);
#557=FACE_OUTER_BOUND('',#1180,.T.);
#558=FACE_OUTER_BOUND('',#1181,.T.);
#559=FACE_OUTER_BOUND('',#1182,.T.);
#560=FACE_OUTER_BOUND('',#1183,.T.);
#561=FACE_OUTER_BOUND('',#1184,.T.);
#562=FACE_OUTER_BOUND('',#1185,.T.);
#563=FACE_OUTER_BOUND('',#1186,.T.);
#564=FACE_OUTER_BOUND('',#1187,.T.);
#565=FACE_OUTER_BOUND('',#1188,.T.);
#566=FACE_OUTER_BOUND('',#1189,.T.);
#567=FACE_OUTER_BOUND('',#1190,.T.);
#568=FACE_OUTER_BOUND('',#1191,.T.);
#569=FACE_OUTER_BOUND('',#1192,.T.);
#570=FACE_OUTER_BOUND('',#1193,.T.);
#571=FACE_OUTER_BOUND('',#1194,.T.);
#572=FACE_OUTER_BOUND('',#1195,.T.);
#573=FACE_OUTER_BOUND('',#1196,.T.);
#574=FACE_OUTER_BOUND('',#1197,.T.);
#575=FACE_OUTER_BOUND('',#1198,.T.);
#576=FACE_OUTER_BOUND('',#1199,.T.);
#577=FACE_OUTER_BOUND('',#1200,.T.);
#578=FACE_OUTER_BOUND('',#1201,.T.);
#579=FACE_OUTER_BOUND('',#1202,.T.);
#580=FACE_OUTER_BOUND('',#1203,.T.);
#581=FACE_OUTER_BOUND('',#1204,.T.);
#582=FACE_OUTER_BOUND('',#1205,.T.);
#583=FACE_OUTER_BOUND('',#1206,.T.);
#584=FACE_OUTER_BOUND('',#1207,.T.);
#585=FACE_OUTER_BOUND('',#1208,.T.);
#586=FACE_OUTER_BOUND('',#1209,.T.);
#587=FACE_OUTER_BOUND('',#1210,.T.);
#588=FACE_OUTER_BOUND('',#1211,.T.);
#589=FACE_OUTER_BOUND('',#1212,.T.);
#590=FACE_OUTER_BOUND('',#1213,.T.);
#591=FACE_OUTER_BOUND('',#1214,.T.);
#592=FACE_OUTER_BOUND('',#1215,.T.);
#593=FACE_OUTER_BOUND('',#1216,.T.);
#594=FACE_OUTER_BOUND('',#1217,.T.);
#595=FACE_OUTER_BOUND('',#1218,.T.);
#596=FACE_OUTER_BOUND('',#1219,.T.);
#597=FACE_OUTER_BOUND('',#1220,.T.);
#598=FACE_OUTER_BOUND('',#1221,.T.);
#599=FACE_OUTER_BOUND('',#1222,.T.);
#600=FACE_OUTER_BOUND('',#1223,.T.);
#601=FACE_OUTER_BOUND('',#1224,.T.);
#602=FACE_OUTER_BOUND('',#1225,.T.);
#603=FACE_OUTER_BOUND('',#1226,.T.);
#604=FACE_OUTER_BOUND('',#1227,.T.);
#605=FACE_OUTER_BOUND('',#1228,.T.);
#606=FACE_OUTER_BOUND('',#1229,.T.);
#607=FACE_OUTER_BOUND('',#1230,.T.);
#608=FACE_OUTER_BOUND('',#1231,.T.);
#609=FACE_OUTER_BOUND('',#1232,.T.);
#610=FACE_OUTER_BOUND('',#1233,.T.);
#611=FACE_OUTER_BOUND('',#1234,.T.);
#612=FACE_OUTER_BOUND('',#1235,.T.);
#613=FACE_OUTER_BOUND('',#1236,.T.);
#614=FACE_OUTER_BOUND('',#1237,.T.);
#615=FACE_OUTER_BOUND('',#1238,.T.);
#616=FACE_OUTER_BOUND('',#1239,.T.);
#617=FACE_OUTER_BOUND('',#1240,.T.);
#618=FACE_OUTER_BOUND('',#1241,.T.);
#619=FACE_OUTER_BOUND('',#1242,.T.);
#620=FACE_OUTER_BOUND('',#1243,.T.);
#621=FACE_OUTER_BOUND('',#1244,.T.);
#622=FACE_OUTER_BOUND('',#1245,.T.);
#623=FACE_OUTER_BOUND('',#1246,.T.);
#624=FACE_OUTER_BOUND('',#1247,.T.);
#625=FACE_OUTER_BOUND('',#1248,.T.);
#626=FACE_OUTER_BOUND('',#1249,.T.);
#627=FACE_OUTER_BOUND('',#1250,.T.);
#628=FACE_OUTER_BOUND('',#1251,.T.);
#629=FACE_OUTER_BOUND('',#1252,.T.);
#630=FACE_OUTER_BOUND('',#1253,.T.);
#631=FACE_OUTER_BOUND('',#1254,.T.);
#632=FACE_OUTER_BOUND('',#1255,.T.);
#633=FACE_OUTER_BOUND('',#1256,.T.);
#634=FACE_OUTER_BOUND('',#1257,.T.);
#635=FACE_OUTER_BOUND('',#1258,.T.);
#636=FACE_OUTER_BOUND('',#1259,.T.);
#637=FACE_OUTER_BOUND('',#1260,.T.);
#638=FACE_OUTER_BOUND('',#1261,.T.);
#639=FACE_OUTER_BOUND('',#1262,.T.);
#640=FACE_OUTER_BOUND('',#1263,.T.);
#641=FACE_OUTER_BOUND('',#1264,.T.);
#642=FACE_OUTER_BOUND('',#1265,.T.);
#643=FACE_OUTER_BOUND('',#1266,.T.);
#644=FACE_OUTER_BOUND('',#1267,.T.);
#645=FACE_OUTER_BOUND('',#1268,.T.);
#646=FACE_OUTER_BOUND('',#1269,.T.);
#647=FACE_OUTER_BOUND('',#1270,.T.);
#648=FACE_OUTER_BOUND('',#1271,.T.);
#649=FACE_OUTER_BOUND('',#1272,.T.);
#650=FACE_OUTER_BOUND('',#1273,.T.);
#651=FACE_OUTER_BOUND('',#1274,.T.);
#652=FACE_OUTER_BOUND('',#1275,.T.);
#653=FACE_OUTER_BOUND('',#1276,.T.);
#654=FACE_OUTER_BOUND('',#1277,.T.);
#655=FACE_OUTER_BOUND('',#1278,.T.);
#656=FACE_OUTER_BOUND('',#1279,.T.);
#657=FACE_OUTER_BOUND('',#1280,.T.);
#658=FACE_OUTER_BOUND('',#1281,.T.);
#659=FACE_OUTER_BOUND('',#1282,.T.);
#660=FACE_OUTER_BOUND('',#1283,.T.);
#661=FACE_OUTER_BOUND('',#1284,.T.);
#662=FACE_OUTER_BOUND('',#1285,.T.);
#663=FACE_OUTER_BOUND('',#1286,.T.);
#664=FACE_OUTER_BOUND('',#1287,.T.);
#665=FACE_OUTER_BOUND('',#1288,.T.);
#666=FACE_OUTER_BOUND('',#1289,.T.);
#667=FACE_OUTER_BOUND('',#1290,.T.);
#668=FACE_OUTER_BOUND('',#1291,.T.);
#669=FACE_OUTER_BOUND('',#1292,.T.);
#670=FACE_OUTER_BOUND('',#1293,.T.);
#671=FACE_OUTER_BOUND('',#1294,.T.);
#672=FACE_OUTER_BOUND('',#1295,.T.);
#673=FACE_OUTER_BOUND('',#1296,.T.);
#674=FACE_OUTER_BOUND('',#1297,.T.);
#675=FACE_OUTER_BOUND('',#1298,.T.);
#676=FACE_OUTER_BOUND('',#1299,.T.);
#677=FACE_OUTER_BOUND('',#1300,.T.);
#678=FACE_OUTER_BOUND('',#1301,.T.);
#679=FACE_OUTER_BOUND('',#1302,.T.);
#680=FACE_OUTER_BOUND('',#1303,.T.);
#681=FACE_OUTER_BOUND('',#1304,.T.);
#682=FACE_OUTER_BOUND('',#1305,.T.);
#683=FACE_OUTER_BOUND('',#1306,.T.);
#684=FACE_OUTER_BOUND('',#1307,.T.);
#685=FACE_OUTER_BOUND('',#1308,.T.);
#686=FACE_OUTER_BOUND('',#1309,.T.);
#687=FACE_OUTER_BOUND('',#1310,.T.);
#688=FACE_OUTER_BOUND('',#1311,.T.);
#689=FACE_OUTER_BOUND('',#1312,.T.);
#690=FACE_OUTER_BOUND('',#1313,.T.);
#691=FACE_OUTER_BOUND('',#1314,.T.);
#692=FACE_OUTER_BOUND('',#1315,.T.);
#693=FACE_OUTER_BOUND('',#1316,.T.);
#694=FACE_OUTER_BOUND('',#1317,.T.);
#695=FACE_OUTER_BOUND('',#1318,.T.);
#696=FACE_OUTER_BOUND('',#1319,.T.);
#697=FACE_OUTER_BOUND('',#1320,.T.);
#698=FACE_OUTER_BOUND('',#1321,.T.);
#699=FACE_OUTER_BOUND('',#1322,.T.);
#700=FACE_OUTER_BOUND('',#1323,.T.);
#701=FACE_OUTER_BOUND('',#1324,.T.);
#702=FACE_OUTER_BOUND('',#1325,.T.);
#703=FACE_OUTER_BOUND('',#1326,.T.);
#704=FACE_OUTER_BOUND('',#1327,.T.);
#705=FACE_OUTER_BOUND('',#1328,.T.);
#706=FACE_OUTER_BOUND('',#1329,.T.);
#707=FACE_OUTER_BOUND('',#1330,.T.);
#708=FACE_OUTER_BOUND('',#1331,.T.);
#709=FACE_OUTER_BOUND('',#1332,.T.);
#710=FACE_OUTER_BOUND('',#1333,.T.);
#711=FACE_OUTER_BOUND('',#1334,.T.);
#712=FACE_OUTER_BOUND('',#1335,.T.);
#713=FACE_OUTER_BOUND('',#1336,.T.);
#714=FACE_OUTER_BOUND('',#1337,.T.);
#715=FACE_OUTER_BOUND('',#1338,.T.);
#716=FACE_OUTER_BOUND('',#1339,.T.);
#717=FACE_OUTER_BOUND('',#1340,.T.);
#718=FACE_OUTER_BOUND('',#1341,.T.);
#719=EDGE_LOOP('',(#8003,#8004,#8005,#8006));
#720=EDGE_LOOP('',(#8007,#8008,#8009,#8010));
#721=EDGE_LOOP('',(#8011,#8012,#8013,#8014));
#722=EDGE_LOOP('',(#8015,#8016,#8017,#8018));
#723=EDGE_LOOP('',(#8019,#8020,#8021,#8022));
#724=EDGE_LOOP('',(#8023,#8024,#8025,#8026));
#725=EDGE_LOOP('',(#8027,#8028,#8029,#8030));
#726=EDGE_LOOP('',(#8031,#8032,#8033,#8034));
#727=EDGE_LOOP('',(#8035,#8036,#8037,#8038));
#728=EDGE_LOOP('',(#8039,#8040,#8041,#8042));
#729=EDGE_LOOP('',(#8043,#8044,#8045,#8046));
#730=EDGE_LOOP('',(#8047,#8048,#8049,#8050));
#731=EDGE_LOOP('',(#8051,#8052,#8053,#8054));
#732=EDGE_LOOP('',(#8055,#8056,#8057,#8058));
#733=EDGE_LOOP('',(#8059,#8060,#8061,#8062));
#734=EDGE_LOOP('',(#8063,#8064,#8065,#8066));
#735=EDGE_LOOP('',(#8067,#8068,#8069,#8070));
#736=EDGE_LOOP('',(#8071,#8072,#8073,#8074));
#737=EDGE_LOOP('',(#8075,#8076,#8077,#8078));
#738=EDGE_LOOP('',(#8079,#8080,#8081,#8082));
#739=EDGE_LOOP('',(#8083,#8084,#8085,#8086));
#740=EDGE_LOOP('',(#8087,#8088,#8089,#8090));
#741=EDGE_LOOP('',(#8091,#8092,#8093,#8094));
#742=EDGE_LOOP('',(#8095,#8096,#8097,#8098));
#743=EDGE_LOOP('',(#8099,#8100,#8101,#8102));
#744=EDGE_LOOP('',(#8103,#8104,#8105,#8106));
#745=EDGE_LOOP('',(#8107,#8108,#8109,#8110));
#746=EDGE_LOOP('',(#8111,#8112,#8113,#8114));
#747=EDGE_LOOP('',(#8115,#8116,#8117,#8118));
#748=EDGE_LOOP('',(#8119,#8120,#8121,#8122));
#749=EDGE_LOOP('',(#8123,#8124,#8125,#8126));
#750=EDGE_LOOP('',(#8127,#8128,#8129,#8130));
#751=EDGE_LOOP('',(#8131,#8132,#8133,#8134));
#752=EDGE_LOOP('',(#8135,#8136,#8137,#8138));
#753=EDGE_LOOP('',(#8139,#8140,#8141,#8142));
#754=EDGE_LOOP('',(#8143,#8144,#8145,#8146));
#755=EDGE_LOOP('',(#8147,#8148,#8149,#8150));
#756=EDGE_LOOP('',(#8151,#8152,#8153,#8154));
#757=EDGE_LOOP('',(#8155,#8156,#8157,#8158));
#758=EDGE_LOOP('',(#8159,#8160,#8161,#8162));
#759=EDGE_LOOP('',(#8163,#8164,#8165,#8166));
#760=EDGE_LOOP('',(#8167,#8168,#8169,#8170));
#761=EDGE_LOOP('',(#8171,#8172,#8173,#8174));
#762=EDGE_LOOP('',(#8175,#8176,#8177,#8178));
#763=EDGE_LOOP('',(#8179,#8180,#8181,#8182));
#764=EDGE_LOOP('',(#8183,#8184,#8185,#8186));
#765=EDGE_LOOP('',(#8187,#8188,#8189,#8190));
#766=EDGE_LOOP('',(#8191,#8192,#8193,#8194));
#767=EDGE_LOOP('',(#8195,#8196,#8197,#8198));
#768=EDGE_LOOP('',(#8199,#8200,#8201,#8202));
#769=EDGE_LOOP('',(#8203,#8204,#8205,#8206));
#770=EDGE_LOOP('',(#8207,#8208,#8209,#8210));
#771=EDGE_LOOP('',(#8211,#8212,#8213,#8214));
#772=EDGE_LOOP('',(#8215,#8216,#8217,#8218));
#773=EDGE_LOOP('',(#8219,#8220,#8221,#8222));
#774=EDGE_LOOP('',(#8223,#8224,#8225,#8226));
#775=EDGE_LOOP('',(#8227,#8228,#8229,#8230));
#776=EDGE_LOOP('',(#8231,#8232,#8233,#8234));
#777=EDGE_LOOP('',(#8235,#8236,#8237,#8238));
#778=EDGE_LOOP('',(#8239,#8240,#8241,#8242));
#779=EDGE_LOOP('',(#8243,#8244,#8245,#8246));
#780=EDGE_LOOP('',(#8247,#8248,#8249,#8250));
#781=EDGE_LOOP('',(#8251,#8252,#8253,#8254));
#782=EDGE_LOOP('',(#8255,#8256,#8257,#8258));
#783=EDGE_LOOP('',(#8259,#8260,#8261,#8262));
#784=EDGE_LOOP('',(#8263,#8264,#8265,#8266));
#785=EDGE_LOOP('',(#8267,#8268,#8269,#8270));
#786=EDGE_LOOP('',(#8271,#8272,#8273,#8274));
#787=EDGE_LOOP('',(#8275,#8276,#8277,#8278));
#788=EDGE_LOOP('',(#8279,#8280,#8281,#8282));
#789=EDGE_LOOP('',(#8283,#8284,#8285,#8286));
#790=EDGE_LOOP('',(#8287,#8288,#8289,#8290));
#791=EDGE_LOOP('',(#8291,#8292,#8293,#8294));
#792=EDGE_LOOP('',(#8295,#8296,#8297,#8298));
#793=EDGE_LOOP('',(#8299,#8300,#8301,#8302));
#794=EDGE_LOOP('',(#8303,#8304,#8305,#8306));
#795=EDGE_LOOP('',(#8307,#8308,#8309,#8310));
#796=EDGE_LOOP('',(#8311,#8312,#8313,#8314));
#797=EDGE_LOOP('',(#8315,#8316,#8317,#8318));
#798=EDGE_LOOP('',(#8319,#8320,#8321,#8322));
#799=EDGE_LOOP('',(#8323,#8324,#8325,#8326));
#800=EDGE_LOOP('',(#8327,#8328,#8329,#8330));
#801=EDGE_LOOP('',(#8331,#8332,#8333,#8334));
#802=EDGE_LOOP('',(#8335,#8336,#8337,#8338));
#803=EDGE_LOOP('',(#8339,#8340,#8341,#8342));
#804=EDGE_LOOP('',(#8343,#8344,#8345,#8346));
#805=EDGE_LOOP('',(#8347,#8348,#8349,#8350));
#806=EDGE_LOOP('',(#8351,#8352,#8353,#8354));
#807=EDGE_LOOP('',(#8355,#8356,#8357,#8358));
#808=EDGE_LOOP('',(#8359,#8360,#8361,#8362));
#809=EDGE_LOOP('',(#8363,#8364,#8365,#8366));
#810=EDGE_LOOP('',(#8367,#8368,#8369,#8370));
#811=EDGE_LOOP('',(#8371,#8372,#8373,#8374));
#812=EDGE_LOOP('',(#8375,#8376,#8377,#8378));
#813=EDGE_LOOP('',(#8379,#8380,#8381,#8382));
#814=EDGE_LOOP('',(#8383,#8384,#8385,#8386));
#815=EDGE_LOOP('',(#8387,#8388,#8389,#8390));
#816=EDGE_LOOP('',(#8391,#8392,#8393,#8394));
#817=EDGE_LOOP('',(#8395,#8396,#8397,#8398));
#818=EDGE_LOOP('',(#8399,#8400,#8401,#8402));
#819=EDGE_LOOP('',(#8403,#8404,#8405,#8406));
#820=EDGE_LOOP('',(#8407,#8408,#8409,#8410));
#821=EDGE_LOOP('',(#8411,#8412,#8413,#8414));
#822=EDGE_LOOP('',(#8415,#8416,#8417,#8418));
#823=EDGE_LOOP('',(#8419,#8420,#8421,#8422));
#824=EDGE_LOOP('',(#8423,#8424,#8425,#8426));
#825=EDGE_LOOP('',(#8427,#8428,#8429,#8430));
#826=EDGE_LOOP('',(#8431,#8432,#8433,#8434));
#827=EDGE_LOOP('',(#8435,#8436,#8437,#8438));
#828=EDGE_LOOP('',(#8439,#8440,#8441,#8442));
#829=EDGE_LOOP('',(#8443,#8444,#8445,#8446));
#830=EDGE_LOOP('',(#8447,#8448,#8449,#8450));
#831=EDGE_LOOP('',(#8451,#8452,#8453,#8454));
#832=EDGE_LOOP('',(#8455,#8456,#8457,#8458));
#833=EDGE_LOOP('',(#8459,#8460,#8461,#8462));
#834=EDGE_LOOP('',(#8463,#8464,#8465,#8466));
#835=EDGE_LOOP('',(#8467,#8468,#8469,#8470));
#836=EDGE_LOOP('',(#8471,#8472,#8473,#8474));
#837=EDGE_LOOP('',(#8475,#8476,#8477,#8478));
#838=EDGE_LOOP('',(#8479,#8480,#8481,#8482));
#839=EDGE_LOOP('',(#8483,#8484,#8485,#8486));
#840=EDGE_LOOP('',(#8487,#8488,#8489,#8490));
#841=EDGE_LOOP('',(#8491,#8492,#8493,#8494));
#842=EDGE_LOOP('',(#8495,#8496,#8497,#8498));
#843=EDGE_LOOP('',(#8499,#8500,#8501,#8502));
#844=EDGE_LOOP('',(#8503,#8504,#8505,#8506));
#845=EDGE_LOOP('',(#8507,#8508,#8509,#8510));
#846=EDGE_LOOP('',(#8511,#8512,#8513,#8514));
#847=EDGE_LOOP('',(#8515,#8516,#8517,#8518));
#848=EDGE_LOOP('',(#8519,#8520,#8521,#8522));
#849=EDGE_LOOP('',(#8523,#8524,#8525,#8526));
#850=EDGE_LOOP('',(#8527,#8528,#8529,#8530));
#851=EDGE_LOOP('',(#8531,#8532,#8533,#8534));
#852=EDGE_LOOP('',(#8535,#8536,#8537,#8538));
#853=EDGE_LOOP('',(#8539,#8540,#8541,#8542));
#854=EDGE_LOOP('',(#8543,#8544,#8545,#8546));
#855=EDGE_LOOP('',(#8547,#8548,#8549,#8550));
#856=EDGE_LOOP('',(#8551,#8552,#8553,#8554));
#857=EDGE_LOOP('',(#8555,#8556,#8557,#8558));
#858=EDGE_LOOP('',(#8559,#8560,#8561,#8562));
#859=EDGE_LOOP('',(#8563,#8564,#8565,#8566));
#860=EDGE_LOOP('',(#8567,#8568,#8569,#8570));
#861=EDGE_LOOP('',(#8571,#8572,#8573,#8574));
#862=EDGE_LOOP('',(#8575,#8576,#8577,#8578));
#863=EDGE_LOOP('',(#8579,#8580,#8581,#8582));
#864=EDGE_LOOP('',(#8583,#8584,#8585,#8586));
#865=EDGE_LOOP('',(#8587,#8588,#8589,#8590));
#866=EDGE_LOOP('',(#8591,#8592,#8593,#8594));
#867=EDGE_LOOP('',(#8595,#8596,#8597,#8598));
#868=EDGE_LOOP('',(#8599,#8600,#8601,#8602));
#869=EDGE_LOOP('',(#8603,#8604,#8605,#8606));
#870=EDGE_LOOP('',(#8607,#8608,#8609,#8610));
#871=EDGE_LOOP('',(#8611,#8612,#8613,#8614));
#872=EDGE_LOOP('',(#8615,#8616,#8617,#8618));
#873=EDGE_LOOP('',(#8619,#8620,#8621,#8622));
#874=EDGE_LOOP('',(#8623,#8624,#8625,#8626));
#875=EDGE_LOOP('',(#8627,#8628,#8629,#8630));
#876=EDGE_LOOP('',(#8631,#8632,#8633,#8634));
#877=EDGE_LOOP('',(#8635,#8636,#8637,#8638));
#878=EDGE_LOOP('',(#8639,#8640,#8641,#8642));
#879=EDGE_LOOP('',(#8643,#8644,#8645,#8646));
#880=EDGE_LOOP('',(#8647,#8648,#8649,#8650));
#881=EDGE_LOOP('',(#8651,#8652,#8653,#8654));
#882=EDGE_LOOP('',(#8655,#8656,#8657,#8658));
#883=EDGE_LOOP('',(#8659,#8660,#8661,#8662));
#884=EDGE_LOOP('',(#8663,#8664,#8665,#8666));
#885=EDGE_LOOP('',(#8667,#8668,#8669,#8670));
#886=EDGE_LOOP('',(#8671,#8672,#8673,#8674));
#887=EDGE_LOOP('',(#8675,#8676,#8677,#8678));
#888=EDGE_LOOP('',(#8679,#8680,#8681,#8682));
#889=EDGE_LOOP('',(#8683,#8684,#8685,#8686));
#890=EDGE_LOOP('',(#8687,#8688,#8689,#8690));
#891=EDGE_LOOP('',(#8691,#8692,#8693,#8694));
#892=EDGE_LOOP('',(#8695,#8696,#8697,#8698));
#893=EDGE_LOOP('',(#8699,#8700,#8701,#8702));
#894=EDGE_LOOP('',(#8703,#8704,#8705,#8706));
#895=EDGE_LOOP('',(#8707,#8708,#8709,#8710));
#896=EDGE_LOOP('',(#8711,#8712,#8713,#8714));
#897=EDGE_LOOP('',(#8715,#8716,#8717,#8718));
#898=EDGE_LOOP('',(#8719,#8720,#8721,#8722));
#899=EDGE_LOOP('',(#8723,#8724,#8725,#8726));
#900=EDGE_LOOP('',(#8727,#8728,#8729,#8730));
#901=EDGE_LOOP('',(#8731,#8732,#8733,#8734));
#902=EDGE_LOOP('',(#8735,#8736,#8737,#8738));
#903=EDGE_LOOP('',(#8739,#8740,#8741,#8742));
#904=EDGE_LOOP('',(#8743,#8744,#8745,#8746));
#905=EDGE_LOOP('',(#8747,#8748,#8749,#8750));
#906=EDGE_LOOP('',(#8751,#8752,#8753,#8754));
#907=EDGE_LOOP('',(#8755,#8756,#8757,#8758));
#908=EDGE_LOOP('',(#8759,#8760,#8761,#8762));
#909=EDGE_LOOP('',(#8763,#8764,#8765,#8766));
#910=EDGE_LOOP('',(#8767,#8768,#8769,#8770));
#911=EDGE_LOOP('',(#8771,#8772,#8773,#8774));
#912=EDGE_LOOP('',(#8775,#8776,#8777,#8778));
#913=EDGE_LOOP('',(#8779,#8780,#8781,#8782));
#914=EDGE_LOOP('',(#8783,#8784,#8785,#8786));
#915=EDGE_LOOP('',(#8787,#8788,#8789,#8790));
#916=EDGE_LOOP('',(#8791,#8792,#8793,#8794));
#917=EDGE_LOOP('',(#8795,#8796,#8797,#8798));
#918=EDGE_LOOP('',(#8799,#8800,#8801,#8802));
#919=EDGE_LOOP('',(#8803,#8804,#8805,#8806));
#920=EDGE_LOOP('',(#8807,#8808,#8809,#8810));
#921=EDGE_LOOP('',(#8811,#8812,#8813,#8814));
#922=EDGE_LOOP('',(#8815,#8816,#8817,#8818));
#923=EDGE_LOOP('',(#8819,#8820,#8821,#8822));
#924=EDGE_LOOP('',(#8823,#8824,#8825,#8826));
#925=EDGE_LOOP('',(#8827,#8828,#8829,#8830));
#926=EDGE_LOOP('',(#8831,#8832,#8833,#8834));
#927=EDGE_LOOP('',(#8835,#8836,#8837,#8838));
#928=EDGE_LOOP('',(#8839,#8840,#8841,#8842));
#929=EDGE_LOOP('',(#8843,#8844,#8845,#8846));
#930=EDGE_LOOP('',(#8847,#8848,#8849,#8850));
#931=EDGE_LOOP('',(#8851,#8852,#8853,#8854));
#932=EDGE_LOOP('',(#8855,#8856,#8857,#8858));
#933=EDGE_LOOP('',(#8859,#8860,#8861,#8862));
#934=EDGE_LOOP('',(#8863,#8864,#8865,#8866));
#935=EDGE_LOOP('',(#8867,#8868,#8869,#8870));
#936=EDGE_LOOP('',(#8871,#8872,#8873,#8874));
#937=EDGE_LOOP('',(#8875,#8876,#8877,#8878));
#938=EDGE_LOOP('',(#8879,#8880,#8881,#8882));
#939=EDGE_LOOP('',(#8883,#8884,#8885,#8886));
#940=EDGE_LOOP('',(#8887,#8888,#8889,#8890));
#941=EDGE_LOOP('',(#8891,#8892,#8893,#8894));
#942=EDGE_LOOP('',(#8895,#8896,#8897,#8898));
#943=EDGE_LOOP('',(#8899,#8900,#8901,#8902));
#944=EDGE_LOOP('',(#8903,#8904,#8905,#8906));
#945=EDGE_LOOP('',(#8907,#8908,#8909,#8910));
#946=EDGE_LOOP('',(#8911,#8912,#8913,#8914));
#947=EDGE_LOOP('',(#8915,#8916,#8917,#8918));
#948=EDGE_LOOP('',(#8919,#8920,#8921,#8922));
#949=EDGE_LOOP('',(#8923,#8924,#8925,#8926));
#950=EDGE_LOOP('',(#8927,#8928,#8929,#8930));
#951=EDGE_LOOP('',(#8931,#8932,#8933,#8934));
#952=EDGE_LOOP('',(#8935,#8936,#8937,#8938));
#953=EDGE_LOOP('',(#8939,#8940,#8941,#8942));
#954=EDGE_LOOP('',(#8943,#8944,#8945,#8946));
#955=EDGE_LOOP('',(#8947,#8948,#8949,#8950));
#956=EDGE_LOOP('',(#8951,#8952,#8953,#8954));
#957=EDGE_LOOP('',(#8955,#8956,#8957,#8958));
#958=EDGE_LOOP('',(#8959,#8960,#8961,#8962));
#959=EDGE_LOOP('',(#8963,#8964,#8965,#8966));
#960=EDGE_LOOP('',(#8967,#8968,#8969,#8970));
#961=EDGE_LOOP('',(#8971,#8972,#8973,#8974));
#962=EDGE_LOOP('',(#8975,#8976,#8977,#8978));
#963=EDGE_LOOP('',(#8979,#8980,#8981,#8982));
#964=EDGE_LOOP('',(#8983,#8984,#8985,#8986));
#965=EDGE_LOOP('',(#8987,#8988,#8989,#8990));
#966=EDGE_LOOP('',(#8991,#8992,#8993,#8994));
#967=EDGE_LOOP('',(#8995,#8996,#8997,#8998));
#968=EDGE_LOOP('',(#8999,#9000,#9001,#9002));
#969=EDGE_LOOP('',(#9003,#9004,#9005,#9006));
#970=EDGE_LOOP('',(#9007,#9008,#9009,#9010));
#971=EDGE_LOOP('',(#9011,#9012,#9013,#9014));
#972=EDGE_LOOP('',(#9015,#9016,#9017,#9018));
#973=EDGE_LOOP('',(#9019,#9020,#9021,#9022));
#974=EDGE_LOOP('',(#9023,#9024,#9025,#9026));
#975=EDGE_LOOP('',(#9027,#9028,#9029,#9030));
#976=EDGE_LOOP('',(#9031,#9032,#9033,#9034));
#977=EDGE_LOOP('',(#9035,#9036,#9037,#9038));
#978=EDGE_LOOP('',(#9039,#9040,#9041,#9042));
#979=EDGE_LOOP('',(#9043,#9044,#9045,#9046));
#980=EDGE_LOOP('',(#9047,#9048,#9049,#9050));
#981=EDGE_LOOP('',(#9051,#9052,#9053,#9054));
#982=EDGE_LOOP('',(#9055,#9056,#9057,#9058));
#983=EDGE_LOOP('',(#9059,#9060,#9061,#9062));
#984=EDGE_LOOP('',(#9063,#9064,#9065,#9066));
#985=EDGE_LOOP('',(#9067,#9068,#9069,#9070));
#986=EDGE_LOOP('',(#9071,#9072,#9073,#9074));
#987=EDGE_LOOP('',(#9075,#9076,#9077,#9078));
#988=EDGE_LOOP('',(#9079,#9080,#9081,#9082));
#989=EDGE_LOOP('',(#9083,#9084,#9085,#9086));
#990=EDGE_LOOP('',(#9087,#9088,#9089,#9090));
#991=EDGE_LOOP('',(#9091,#9092,#9093,#9094));
#992=EDGE_LOOP('',(#9095,#9096,#9097,#9098));
#993=EDGE_LOOP('',(#9099,#9100,#9101,#9102));
#994=EDGE_LOOP('',(#9103,#9104,#9105,#9106));
#995=EDGE_LOOP('',(#9107,#9108,#9109,#9110));
#996=EDGE_LOOP('',(#9111,#9112,#9113,#9114));
#997=EDGE_LOOP('',(#9115,#9116,#9117,#9118));
#998=EDGE_LOOP('',(#9119,#9120,#9121,#9122));
#999=EDGE_LOOP('',(#9123,#9124,#9125,#9126));
#1000=EDGE_LOOP('',(#9127,#9128,#9129,#9130));
#1001=EDGE_LOOP('',(#9131,#9132,#9133,#9134));
#1002=EDGE_LOOP('',(#9135,#9136,#9137,#9138));
#1003=EDGE_LOOP('',(#9139,#9140,#9141,#9142));
#1004=EDGE_LOOP('',(#9143,#9144,#9145,#9146));
#1005=EDGE_LOOP('',(#9147,#9148,#9149,#9150));
#1006=EDGE_LOOP('',(#9151,#9152,#9153,#9154));
#1007=EDGE_LOOP('',(#9155,#9156,#9157,#9158));
#1008=EDGE_LOOP('',(#9159,#9160,#9161,#9162));
#1009=EDGE_LOOP('',(#9163,#9164,#9165,#9166));
#1010=EDGE_LOOP('',(#9167,#9168,#9169,#9170));
#1011=EDGE_LOOP('',(#9171,#9172,#9173,#9174));
#1012=EDGE_LOOP('',(#9175,#9176,#9177,#9178));
#1013=EDGE_LOOP('',(#9179,#9180,#9181,#9182));
#1014=EDGE_LOOP('',(#9183,#9184,#9185,#9186));
#1015=EDGE_LOOP('',(#9187,#9188,#9189,#9190));
#1016=EDGE_LOOP('',(#9191,#9192,#9193,#9194));
#1017=EDGE_LOOP('',(#9195,#9196,#9197,#9198));
#1018=EDGE_LOOP('',(#9199,#9200,#9201,#9202));
#1019=EDGE_LOOP('',(#9203,#9204,#9205,#9206));
#1020=EDGE_LOOP('',(#9207,#9208,#9209,#9210));
#1021=EDGE_LOOP('',(#9211,#9212,#9213,#9214));
#1022=EDGE_LOOP('',(#9215,#9216,#9217,#9218));
#1023=EDGE_LOOP('',(#9219,#9220,#9221,#9222));
#1024=EDGE_LOOP('',(#9223,#9224,#9225,#9226));
#1025=EDGE_LOOP('',(#9227,#9228,#9229,#9230));
#1026=EDGE_LOOP('',(#9231,#9232,#9233,#9234));
#1027=EDGE_LOOP('',(#9235,#9236,#9237,#9238));
#1028=EDGE_LOOP('',(#9239,#9240,#9241,#9242));
#1029=EDGE_LOOP('',(#9243,#9244,#9245,#9246));
#1030=EDGE_LOOP('',(#9247,#9248,#9249,#9250));
#1031=EDGE_LOOP('',(#9251,#9252,#9253,#9254));
#1032=EDGE_LOOP('',(#9255,#9256,#9257,#9258));
#1033=EDGE_LOOP('',(#9259,#9260,#9261,#9262));
#1034=EDGE_LOOP('',(#9263,#9264,#9265,#9266));
#1035=EDGE_LOOP('',(#9267,#9268,#9269,#9270));
#1036=EDGE_LOOP('',(#9271,#9272,#9273,#9274));
#1037=EDGE_LOOP('',(#9275,#9276,#9277,#9278));
#1038=EDGE_LOOP('',(#9279,#9280,#9281,#9282));
#1039=EDGE_LOOP('',(#9283,#9284,#9285,#9286));
#1040=EDGE_LOOP('',(#9287,#9288,#9289,#9290));
#1041=EDGE_LOOP('',(#9291,#9292,#9293,#9294));
#1042=EDGE_LOOP('',(#9295,#9296,#9297,#9298));
#1043=EDGE_LOOP('',(#9299,#9300,#9301,#9302));
#1044=EDGE_LOOP('',(#9303,#9304,#9305,#9306));
#1045=EDGE_LOOP('',(#9307,#9308,#9309,#9310));
#1046=EDGE_LOOP('',(#9311,#9312,#9313,#9314));
#1047=EDGE_LOOP('',(#9315,#9316,#9317,#9318));
#1048=EDGE_LOOP('',(#9319,#9320,#9321,#9322));
#1049=EDGE_LOOP('',(#9323,#9324,#9325,#9326));
#1050=EDGE_LOOP('',(#9327,#9328,#9329,#9330));
#1051=EDGE_LOOP('',(#9331,#9332,#9333,#9334));
#1052=EDGE_LOOP('',(#9335,#9336,#9337,#9338));
#1053=EDGE_LOOP('',(#9339,#9340,#9341,#9342));
#1054=EDGE_LOOP('',(#9343,#9344,#9345,#9346));
#1055=EDGE_LOOP('',(#9347,#9348,#9349,#9350));
#1056=EDGE_LOOP('',(#9351,#9352,#9353,#9354));
#1057=EDGE_LOOP('',(#9355,#9356,#9357,#9358));
#1058=EDGE_LOOP('',(#9359,#9360,#9361,#9362));
#1059=EDGE_LOOP('',(#9363,#9364,#9365,#9366));
#1060=EDGE_LOOP('',(#9367,#9368,#9369,#9370));
#1061=EDGE_LOOP('',(#9371,#9372,#9373,#9374));
#1062=EDGE_LOOP('',(#9375,#9376,#9377,#9378));
#1063=EDGE_LOOP('',(#9379,#9380,#9381,#9382));
#1064=EDGE_LOOP('',(#9383,#9384,#9385,#9386));
#1065=EDGE_LOOP('',(#9387,#9388,#9389,#9390));
#1066=EDGE_LOOP('',(#9391,#9392,#9393,#9394));
#1067=EDGE_LOOP('',(#9395,#9396,#9397,#9398));
#1068=EDGE_LOOP('',(#9399,#9400,#9401,#9402));
#1069=EDGE_LOOP('',(#9403,#9404,#9405,#9406));
#1070=EDGE_LOOP('',(#9407,#9408,#9409,#9410));
#1071=EDGE_LOOP('',(#9411,#9412,#9413,#9414));
#1072=EDGE_LOOP('',(#9415,#9416,#9417,#9418));
#1073=EDGE_LOOP('',(#9419,#9420,#9421,#9422));
#1074=EDGE_LOOP('',(#9423,#9424,#9425,#9426));
#1075=EDGE_LOOP('',(#9427,#9428,#9429,#9430));
#1076=EDGE_LOOP('',(#9431,#9432,#9433,#9434));
#1077=EDGE_LOOP('',(#9435,#9436,#9437,#9438));
#1078=EDGE_LOOP('',(#9439,#9440,#9441,#9442));
#1079=EDGE_LOOP('',(#9443,#9444,#9445,#9446));
#1080=EDGE_LOOP('',(#9447,#9448,#9449,#9450));
#1081=EDGE_LOOP('',(#9451,#9452,#9453,#9454));
#1082=EDGE_LOOP('',(#9455,#9456,#9457,#9458));
#1083=EDGE_LOOP('',(#9459,#9460,#9461,#9462));
#1084=EDGE_LOOP('',(#9463,#9464,#9465,#9466));
#1085=EDGE_LOOP('',(#9467,#9468,#9469,#9470));
#1086=EDGE_LOOP('',(#9471,#9472,#9473,#9474));
#1087=EDGE_LOOP('',(#9475,#9476,#9477,#9478));
#1088=EDGE_LOOP('',(#9479,#9480,#9481,#9482));
#1089=EDGE_LOOP('',(#9483,#9484,#9485,#9486));
#1090=EDGE_LOOP('',(#9487,#9488,#9489,#9490));
#1091=EDGE_LOOP('',(#9491,#9492,#9493,#9494));
#1092=EDGE_LOOP('',(#9495,#9496,#9497,#9498));
#1093=EDGE_LOOP('',(#9499,#9500,#9501,#9502));
#1094=EDGE_LOOP('',(#9503,#9504,#9505,#9506));
#1095=EDGE_LOOP('',(#9507,#9508,#9509,#9510));
#1096=EDGE_LOOP('',(#9511,#9512,#9513,#9514));
#1097=EDGE_LOOP('',(#9515,#9516,#9517,#9518));
#1098=EDGE_LOOP('',(#9519,#9520,#9521,#9522));
#1099=EDGE_LOOP('',(#9523,#9524,#9525,#9526));
#1100=EDGE_LOOP('',(#9527,#9528,#9529,#9530));
#1101=EDGE_LOOP('',(#9531,#9532,#9533,#9534));
#1102=EDGE_LOOP('',(#9535,#9536,#9537,#9538));
#1103=EDGE_LOOP('',(#9539,#9540,#9541,#9542));
#1104=EDGE_LOOP('',(#9543,#9544,#9545,#9546));
#1105=EDGE_LOOP('',(#9547,#9548,#9549,#9550));
#1106=EDGE_LOOP('',(#9551,#9552,#9553,#9554));
#1107=EDGE_LOOP('',(#9555,#9556,#9557,#9558));
#1108=EDGE_LOOP('',(#9559,#9560,#9561,#9562));
#1109=EDGE_LOOP('',(#9563,#9564,#9565,#9566));
#1110=EDGE_LOOP('',(#9567,#9568,#9569,#9570));
#1111=EDGE_LOOP('',(#9571,#9572,#9573,#9574));
#1112=EDGE_LOOP('',(#9575,#9576,#9577,#9578));
#1113=EDGE_LOOP('',(#9579,#9580,#9581,#9582));
#1114=EDGE_LOOP('',(#9583,#9584,#9585,#9586));
#1115=EDGE_LOOP('',(#9587,#9588,#9589,#9590));
#1116=EDGE_LOOP('',(#9591,#9592,#9593,#9594));
#1117=EDGE_LOOP('',(#9595,#9596,#9597,#9598));
#1118=EDGE_LOOP('',(#9599,#9600,#9601,#9602));
#1119=EDGE_LOOP('',(#9603,#9604,#9605,#9606));
#1120=EDGE_LOOP('',(#9607,#9608,#9609,#9610));
#1121=EDGE_LOOP('',(#9611,#9612,#9613,#9614));
#1122=EDGE_LOOP('',(#9615,#9616,#9617,#9618));
#1123=EDGE_LOOP('',(#9619,#9620,#9621,#9622));
#1124=EDGE_LOOP('',(#9623,#9624,#9625,#9626));
#1125=EDGE_LOOP('',(#9627,#9628,#9629,#9630));
#1126=EDGE_LOOP('',(#9631,#9632,#9633,#9634));
#1127=EDGE_LOOP('',(#9635,#9636,#9637,#9638));
#1128=EDGE_LOOP('',(#9639,#9640,#9641,#9642));
#1129=EDGE_LOOP('',(#9643,#9644,#9645,#9646));
#1130=EDGE_LOOP('',(#9647,#9648,#9649,#9650));
#1131=EDGE_LOOP('',(#9651,#9652,#9653,#9654));
#1132=EDGE_LOOP('',(#9655,#9656,#9657,#9658));
#1133=EDGE_LOOP('',(#9659,#9660,#9661,#9662));
#1134=EDGE_LOOP('',(#9663,#9664,#9665,#9666));
#1135=EDGE_LOOP('',(#9667,#9668,#9669,#9670));
#1136=EDGE_LOOP('',(#9671,#9672,#9673,#9674));
#1137=EDGE_LOOP('',(#9675,#9676,#9677,#9678));
#1138=EDGE_LOOP('',(#9679,#9680,#9681,#9682));
#1139=EDGE_LOOP('',(#9683,#9684,#9685,#9686));
#1140=EDGE_LOOP('',(#9687,#9688,#9689,#9690));
#1141=EDGE_LOOP('',(#9691,#9692,#9693,#9694));
#1142=EDGE_LOOP('',(#9695,#9696,#9697,#9698));
#1143=EDGE_LOOP('',(#9699,#9700,#9701,#9702));
#1144=EDGE_LOOP('',(#9703,#9704,#9705,#9706));
#1145=EDGE_LOOP('',(#9707,#9708,#9709,#9710));
#1146=EDGE_LOOP('',(#9711,#9712,#9713,#9714));
#1147=EDGE_LOOP('',(#9715,#9716,#9717,#9718));
#1148=EDGE_LOOP('',(#9719,#9720,#9721,#9722));
#1149=EDGE_LOOP('',(#9723,#9724,#9725,#9726));
#1150=EDGE_LOOP('',(#9727,#9728,#9729,#9730));
#1151=EDGE_LOOP('',(#9731,#9732,#9733,#9734));
#1152=EDGE_LOOP('',(#9735,#9736,#9737,#9738));
#1153=EDGE_LOOP('',(#9739,#9740,#9741,#9742));
#1154=EDGE_LOOP('',(#9743,#9744,#9745,#9746));
#1155=EDGE_LOOP('',(#9747,#9748,#9749,#9750));
#1156=EDGE_LOOP('',(#9751,#9752,#9753,#9754));
#1157=EDGE_LOOP('',(#9755,#9756,#9757,#9758));
#1158=EDGE_LOOP('',(#9759,#9760,#9761,#9762));
#1159=EDGE_LOOP('',(#9763,#9764,#9765,#9766));
#1160=EDGE_LOOP('',(#9767,#9768,#9769,#9770));
#1161=EDGE_LOOP('',(#9771,#9772,#9773,#9774));
#1162=EDGE_LOOP('',(#9775,#9776,#9777,#9778));
#1163=EDGE_LOOP('',(#9779,#9780,#9781,#9782));
#1164=EDGE_LOOP('',(#9783,#9784,#9785,#9786));
#1165=EDGE_LOOP('',(#9787,#9788,#9789,#9790));
#1166=EDGE_LOOP('',(#9791,#9792,#9793,#9794));
#1167=EDGE_LOOP('',(#9795,#9796,#9797,#9798));
#1168=EDGE_LOOP('',(#9799,#9800,#9801,#9802));
#1169=EDGE_LOOP('',(#9803,#9804,#9805,#9806));
#1170=EDGE_LOOP('',(#9807,#9808,#9809,#9810));
#1171=EDGE_LOOP('',(#9811,#9812,#9813,#9814));
#1172=EDGE_LOOP('',(#9815,#9816,#9817,#9818));
#1173=EDGE_LOOP('',(#9819,#9820,#9821,#9822));
#1174=EDGE_LOOP('',(#9823,#9824,#9825,#9826));
#1175=EDGE_LOOP('',(#9827,#9828,#9829,#9830));
#1176=EDGE_LOOP('',(#9831,#9832,#9833,#9834));
#1177=EDGE_LOOP('',(#9835,#9836,#9837,#9838));
#1178=EDGE_LOOP('',(#9839,#9840,#9841,#9842));
#1179=EDGE_LOOP('',(#9843,#9844,#9845,#9846));
#1180=EDGE_LOOP('',(#9847,#9848,#9849,#9850));
#1181=EDGE_LOOP('',(#9851,#9852,#9853,#9854));
#1182=EDGE_LOOP('',(#9855,#9856,#9857,#9858));
#1183=EDGE_LOOP('',(#9859,#9860,#9861,#9862));
#1184=EDGE_LOOP('',(#9863,#9864,#9865,#9866));
#1185=EDGE_LOOP('',(#9867,#9868,#9869,#9870));
#1186=EDGE_LOOP('',(#9871,#9872,#9873,#9874));
#1187=EDGE_LOOP('',(#9875,#9876,#9877,#9878));
#1188=EDGE_LOOP('',(#9879,#9880,#9881,#9882));
#1189=EDGE_LOOP('',(#9883,#9884,#9885,#9886));
#1190=EDGE_LOOP('',(#9887,#9888,#9889,#9890));
#1191=EDGE_LOOP('',(#9891,#9892,#9893,#9894));
#1192=EDGE_LOOP('',(#9895,#9896,#9897,#9898));
#1193=EDGE_LOOP('',(#9899,#9900,#9901,#9902));
#1194=EDGE_LOOP('',(#9903,#9904,#9905,#9906));
#1195=EDGE_LOOP('',(#9907,#9908,#9909,#9910));
#1196=EDGE_LOOP('',(#9911,#9912,#9913,#9914));
#1197=EDGE_LOOP('',(#9915,#9916,#9917,#9918));
#1198=EDGE_LOOP('',(#9919,#9920,#9921,#9922));
#1199=EDGE_LOOP('',(#9923,#9924,#9925,#9926));
#1200=EDGE_LOOP('',(#9927,#9928,#9929,#9930));
#1201=EDGE_LOOP('',(#9931,#9932,#9933,#9934));
#1202=EDGE_LOOP('',(#9935,#9936,#9937,#9938));
#1203=EDGE_LOOP('',(#9939,#9940,#9941,#9942));
#1204=EDGE_LOOP('',(#9943,#9944,#9945,#9946));
#1205=EDGE_LOOP('',(#9947,#9948,#9949,#9950));
#1206=EDGE_LOOP('',(#9951,#9952,#9953,#9954));
#1207=EDGE_LOOP('',(#9955,#9956,#9957,#9958));
#1208=EDGE_LOOP('',(#9959,#9960,#9961,#9962));
#1209=EDGE_LOOP('',(#9963,#9964,#9965,#9966));
#1210=EDGE_LOOP('',(#9967,#9968,#9969,#9970));
#1211=EDGE_LOOP('',(#9971,#9972,#9973,#9974));
#1212=EDGE_LOOP('',(#9975,#9976,#9977,#9978));
#1213=EDGE_LOOP('',(#9979,#9980,#9981,#9982));
#1214=EDGE_LOOP('',(#9983,#9984,#9985,#9986));
#1215=EDGE_LOOP('',(#9987,#9988,#9989,#9990));
#1216=EDGE_LOOP('',(#9991,#9992,#9993,#9994));
#1217=EDGE_LOOP('',(#9995,#9996,#9997,#9998));
#1218=EDGE_LOOP('',(#9999,#10000,#10001,#10002));
#1219=EDGE_LOOP('',(#10003,#10004,#10005,#10006));
#1220=EDGE_LOOP('',(#10007,#10008,#10009,#10010));
#1221=EDGE_LOOP('',(#10011,#10012,#10013,#10014));
#1222=EDGE_LOOP('',(#10015,#10016,#10017,#10018));
#1223=EDGE_LOOP('',(#10019,#10020,#10021,#10022));
#1224=EDGE_LOOP('',(#10023,#10024,#10025,#10026));
#1225=EDGE_LOOP('',(#10027,#10028,#10029,#10030));
#1226=EDGE_LOOP('',(#10031,#10032,#10033,#10034));
#1227=EDGE_LOOP('',(#10035,#10036,#10037,#10038));
#1228=EDGE_LOOP('',(#10039,#10040,#10041,#10042));
#1229=EDGE_LOOP('',(#10043,#10044,#10045,#10046));
#1230=EDGE_LOOP('',(#10047,#10048,#10049,#10050));
#1231=EDGE_LOOP('',(#10051,#10052,#10053,#10054));
#1232=EDGE_LOOP('',(#10055,#10056,#10057,#10058));
#1233=EDGE_LOOP('',(#10059,#10060,#10061,#10062));
#1234=EDGE_LOOP('',(#10063,#10064,#10065,#10066));
#1235=EDGE_LOOP('',(#10067,#10068,#10069,#10070));
#1236=EDGE_LOOP('',(#10071,#10072,#10073,#10074));
#1237=EDGE_LOOP('',(#10075,#10076,#10077,#10078));
#1238=EDGE_LOOP('',(#10079,#10080,#10081,#10082));
#1239=EDGE_LOOP('',(#10083,#10084,#10085,#10086));
#1240=EDGE_LOOP('',(#10087,#10088,#10089,#10090));
#1241=EDGE_LOOP('',(#10091,#10092,#10093,#10094));
#1242=EDGE_LOOP('',(#10095,#10096,#10097,#10098));
#1243=EDGE_LOOP('',(#10099,#10100,#10101,#10102));
#1244=EDGE_LOOP('',(#10103,#10104,#10105,#10106));
#1245=EDGE_LOOP('',(#10107,#10108,#10109,#10110));
#1246=EDGE_LOOP('',(#10111,#10112,#10113,#10114));
#1247=EDGE_LOOP('',(#10115,#10116,#10117,#10118));
#1248=EDGE_LOOP('',(#10119,#10120,#10121,#10122));
#1249=EDGE_LOOP('',(#10123,#10124,#10125,#10126));
#1250=EDGE_LOOP('',(#10127,#10128,#10129,#10130));
#1251=EDGE_LOOP('',(#10131,#10132,#10133,#10134));
#1252=EDGE_LOOP('',(#10135,#10136,#10137,#10138));
#1253=EDGE_LOOP('',(#10139,#10140,#10141,#10142));
#1254=EDGE_LOOP('',(#10143,#10144,#10145,#10146));
#1255=EDGE_LOOP('',(#10147,#10148,#10149,#10150));
#1256=EDGE_LOOP('',(#10151,#10152,#10153,#10154));
#1257=EDGE_LOOP('',(#10155,#10156,#10157,#10158));
#1258=EDGE_LOOP('',(#10159,#10160,#10161,#10162));
#1259=EDGE_LOOP('',(#10163,#10164,#10165,#10166));
#1260=EDGE_LOOP('',(#10167,#10168,#10169,#10170));
#1261=EDGE_LOOP('',(#10171,#10172,#10173,#10174));
#1262=EDGE_LOOP('',(#10175,#10176,#10177,#10178));
#1263=EDGE_LOOP('',(#10179,#10180,#10181,#10182));
#1264=EDGE_LOOP('',(#10183,#10184,#10185,#10186));
#1265=EDGE_LOOP('',(#10187,#10188,#10189,#10190));
#1266=EDGE_LOOP('',(#10191,#10192,#10193,#10194));
#1267=EDGE_LOOP('',(#10195,#10196,#10197,#10198));
#1268=EDGE_LOOP('',(#10199,#10200,#10201,#10202));
#1269=EDGE_LOOP('',(#10203,#10204,#10205,#10206));
#1270=EDGE_LOOP('',(#10207,#10208,#10209,#10210));
#1271=EDGE_LOOP('',(#10211,#10212,#10213,#10214));
#1272=EDGE_LOOP('',(#10215,#10216,#10217,#10218));
#1273=EDGE_LOOP('',(#10219,#10220,#10221,#10222));
#1274=EDGE_LOOP('',(#10223,#10224,#10225,#10226));
#1275=EDGE_LOOP('',(#10227,#10228,#10229,#10230));
#1276=EDGE_LOOP('',(#10231,#10232,#10233,#10234));
#1277=EDGE_LOOP('',(#10235,#10236,#10237,#10238));
#1278=EDGE_LOOP('',(#10239,#10240,#10241,#10242));
#1279=EDGE_LOOP('',(#10243,#10244,#10245,#10246));
#1280=EDGE_LOOP('',(#10247,#10248,#10249,#10250));
#1281=EDGE_LOOP('',(#10251,#10252,#10253,#10254));
#1282=EDGE_LOOP('',(#10255,#10256,#10257,#10258));
#1283=EDGE_LOOP('',(#10259,#10260,#10261,#10262));
#1284=EDGE_LOOP('',(#10263,#10264,#10265,#10266));
#1285=EDGE_LOOP('',(#10267,#10268,#10269,#10270));
#1286=EDGE_LOOP('',(#10271,#10272,#10273,#10274));
#1287=EDGE_LOOP('',(#10275,#10276,#10277,#10278));
#1288=EDGE_LOOP('',(#10279,#10280,#10281,#10282));
#1289=EDGE_LOOP('',(#10283,#10284,#10285,#10286));
#1290=EDGE_LOOP('',(#10287,#10288,#10289,#10290));
#1291=EDGE_LOOP('',(#10291,#10292,#10293,#10294));
#1292=EDGE_LOOP('',(#10295,#10296,#10297,#10298));
#1293=EDGE_LOOP('',(#10299,#10300,#10301,#10302));
#1294=EDGE_LOOP('',(#10303,#10304,#10305,#10306));
#1295=EDGE_LOOP('',(#10307,#10308,#10309,#10310));
#1296=EDGE_LOOP('',(#10311,#10312,#10313,#10314));
#1297=EDGE_LOOP('',(#10315,#10316,#10317,#10318));
#1298=EDGE_LOOP('',(#10319,#10320,#10321,#10322));
#1299=EDGE_LOOP('',(#10323,#10324,#10325,#10326));
#1300=EDGE_LOOP('',(#10327,#10328,#10329,#10330));
#1301=EDGE_LOOP('',(#10331,#10332,#10333,#10334));
#1302=EDGE_LOOP('',(#10335,#10336,#10337,#10338));
#1303=EDGE_LOOP('',(#10339,#10340,#10341,#10342));
#1304=EDGE_LOOP('',(#10343,#10344,#10345,#10346));
#1305=EDGE_LOOP('',(#10347,#10348,#10349,#10350));
#1306=EDGE_LOOP('',(#10351,#10352,#10353,#10354));
#1307=EDGE_LOOP('',(#10355,#10356,#10357,#10358));
#1308=EDGE_LOOP('',(#10359,#10360,#10361,#10362));
#1309=EDGE_LOOP('',(#10363,#10364,#10365,#10366));
#1310=EDGE_LOOP('',(#10367,#10368,#10369,#10370));
#1311=EDGE_LOOP('',(#10371,#10372,#10373,#10374));
#1312=EDGE_LOOP('',(#10375,#10376,#10377,#10378));
#1313=EDGE_LOOP('',(#10379,#10380,#10381,#10382));
#1314=EDGE_LOOP('',(#10383,#10384,#10385,#10386));
#1315=EDGE_LOOP('',(#10387,#10388,#10389,#10390));
#1316=EDGE_LOOP('',(#10391,#10392,#10393,#10394));
#1317=EDGE_LOOP('',(#10395,#10396,#10397,#10398));
#1318=EDGE_LOOP('',(#10399,#10400,#10401,#10402));
#1319=EDGE_LOOP('',(#10403,#10404,#10405,#10406));
#1320=EDGE_LOOP('',(#10407,#10408,#10409,#10410));
#1321=EDGE_LOOP('',(#10411,#10412,#10413,#10414));
#1322=EDGE_LOOP('',(#10415,#10416,#10417,#10418));
#1323=EDGE_LOOP('',(#10419,#10420,#10421,#10422));
#1324=EDGE_LOOP('',(#10423,#10424,#10425,#10426));
#1325=EDGE_LOOP('',(#10427,#10428,#10429,#10430));
#1326=EDGE_LOOP('',(#10431,#10432,#10433,#10434));
#1327=EDGE_LOOP('',(#10435,#10436,#10437,#10438));
#1328=EDGE_LOOP('',(#10439,#10440,#10441,#10442));
#1329=EDGE_LOOP('',(#10443,#10444,#10445,#10446));
#1330=EDGE_LOOP('',(#10447,#10448,#10449,#10450));
#1331=EDGE_LOOP('',(#10451,#10452,#10453,#10454));
#1332=EDGE_LOOP('',(#10455,#10456,#10457,#10458));
#1333=EDGE_LOOP('',(#10459,#10460,#10461,#10462));
#1334=EDGE_LOOP('',(#10463,#10464,#10465,#10466));
#1335=EDGE_LOOP('',(#10467,#10468,#10469,#10470));
#1336=EDGE_LOOP('',(#10471,#10472,#10473,#10474));
#1337=EDGE_LOOP('',(#10475,#10476,#10477,#10478));
#1338=EDGE_LOOP('',(#10479,#10480,#10481,#10482,#10483,#10484,#10485,#10486,
#10487,#10488,#10489,#10490,#10491,#10492,#10493,#10494,#10495,#10496,#10497,
#10498,#10499,#10500,#10501,#10502,#10503,#10504,#10505,#10506,#10507,#10508,
#10509,#10510,#10511,#10512,#10513,#10514,#10515,#10516,#10517,#10518,#10519,
#10520,#10521,#10522,#10523,#10524,#10525,#10526,#10527,#10528,#10529,#10530,
#10531,#10532,#10533,#10534,#10535,#10536,#10537,#10538,#10539,#10540,#10541,
#10542,#10543,#10544,#10545,#10546,#10547,#10548,#10549,#10550,#10551,#10552,
#10553,#10554,#10555,#10556,#10557,#10558,#10559,#10560,#10561,#10562,#10563,
#10564,#10565,#10566,#10567,#10568,#10569,#10570,#10571,#10572,#10573,#10574,
#10575,#10576,#10577,#10578,#10579,#10580,#10581,#10582,#10583,#10584,#10585,
#10586,#10587,#10588,#10589,#10590,#10591,#10592,#10593,#10594,#10595,#10596,
#10597,#10598,#10599,#10600,#10601,#10602,#10603,#10604,#10605,#10606,#10607,
#10608,#10609,#10610,#10611,#10612,#10613,#10614,#10615,#10616,#10617,#10618,
#10619,#10620,#10621,#10622,#10623,#10624,#10625,#10626,#10627,#10628,#10629,
#10630,#10631,#10632,#10633,#10634,#10635,#10636,#10637,#10638,#10639,#10640,
#10641,#10642,#10643,#10644,#10645,#10646,#10647,#10648,#10649,#10650,#10651,
#10652,#10653,#10654,#10655,#10656,#10657,#10658,#10659,#10660,#10661,#10662,
#10663,#10664,#10665,#10666,#10667,#10668,#10669,#10670,#10671,#10672,#10673,
#10674,#10675,#10676,#10677,#10678,#10679,#10680,#10681,#10682,#10683,#10684,
#10685,#10686,#10687,#10688,#10689,#10690,#10691,#10692,#10693,#10694,#10695,
#10696,#10697,#10698,#10699,#10700,#10701,#10702,#10703,#10704,#10705,#10706,
#10707,#10708,#10709,#10710,#10711,#10712,#10713,#10714,#10715,#10716,#10717,
#10718,#10719,#10720,#10721,#10722,#10723,#10724,#10725,#10726,#10727,#10728,
#10729,#10730,#10731,#10732,#10733,#10734,#10735,#10736,#10737,#10738,#10739,
#10740,#10741,#10742,#10743,#10744,#10745,#10746,#10747,#10748,#10749,#10750,
#10751,#10752,#10753,#10754,#10755,#10756,#10757,#10758,#10759,#10760,#10761,
#10762,#10763,#10764,#10765,#10766,#10767,#10768,#10769,#10770,#10771,#10772,
#10773,#10774,#10775,#10776,#10777,#10778,#10779,#10780,#10781,#10782,#10783,
#10784,#10785,#10786,#10787,#10788,#10789,#10790,#10791,#10792,#10793,#10794,
#10795,#10796,#10797,#10798,#10799,#10800,#10801,#10802,#10803,#10804,#10805,
#10806,#10807,#10808,#10809,#10810,#10811,#10812,#10813,#10814,#10815,#10816,
#10817,#10818,#10819,#10820,#10821,#10822,#10823,#10824,#10825,#10826,#10827,
#10828,#10829,#10830,#10831,#10832,#10833,#10834,#10835,#10836,#10837,#10838,
#10839,#10840,#10841,#10842,#10843,#10844,#10845,#10846,#10847,#10848,#10849,
#10850,#10851,#10852,#10853,#10854,#10855,#10856,#10857,#10858,#10859,#10860,
#10861,#10862,#10863,#10864,#10865,#10866,#10867,#10868,#10869,#10870,#10871,
#10872,#10873,#10874,#10875,#10876,#10877,#10878,#10879,#10880,#10881,#10882,
#10883,#10884,#10885,#10886,#10887,#10888,#10889,#10890,#10891,#10892,#10893,
#10894,#10895,#10896,#10897,#10898,#10899,#10900,#10901,#10902,#10903,#10904,
#10905,#10906,#10907,#10908,#10909,#10910,#10911,#10912,#10913,#10914,#10915,
#10916,#10917,#10918,#10919,#10920,#10921,#10922,#10923,#10924,#10925,#10926,
#10927,#10928,#10929,#10930,#10931,#10932,#10933,#10934,#10935,#10936,#10937,
#10938,#10939,#10940,#10941,#10942,#10943,#10944,#10945,#10946,#10947,#10948,
#10949,#10950,#10951,#10952,#10953,#10954,#10955,#10956,#10957,#10958,#10959,
#10960,#10961,#10962,#10963,#10964,#10965,#10966,#10967,#10968,#10969,#10970,
#10971,#10972,#10973,#10974,#10975,#10976,#10977,#10978,#10979,#10980,#10981,
#10982,#10983,#10984,#10985,#10986,#10987,#10988,#10989,#10990,#10991,#10992,
#10993,#10994,#10995,#10996,#10997,#10998,#10999,#11000,#11001,#11002,#11003,
#11004,#11005,#11006,#11007,#11008,#11009,#11010,#11011,#11012,#11013,#11014,
#11015,#11016,#11017,#11018,#11019,#11020,#11021,#11022,#11023,#11024,#11025,
#11026,#11027,#11028,#11029,#11030,#11031,#11032,#11033,#11034,#11035,#11036,
#11037,#11038,#11039,#11040,#11041,#11042,#11043,#11044,#11045,#11046,#11047,
#11048,#11049,#11050,#11051,#11052,#11053,#11054,#11055,#11056,#11057,#11058,
#11059,#11060,#11061,#11062,#11063,#11064,#11065,#11066,#11067,#11068,#11069,
#11070,#11071,#11072,#11073,#11074,#11075,#11076,#11077,#11078,#11079,#11080,
#11081,#11082,#11083,#11084,#11085,#11086,#11087,#11088,#11089,#11090,#11091,
#11092,#11093,#11094));
#1339=EDGE_LOOP('',(#11095,#11096,#11097,#11098));
#1340=EDGE_LOOP('',(#11099,#11100,#11101,#11102));
#1341=EDGE_LOOP('',(#11103,#11104,#11105,#11106,#11107,#11108,#11109,#11110,
#11111,#11112,#11113,#11114,#11115,#11116,#11117,#11118,#11119,#11120,#11121,
#11122,#11123,#11124,#11125,#11126,#11127,#11128,#11129,#11130,#11131,#11132,
#11133,#11134,#11135,#11136,#11137,#11138,#11139,#11140,#11141,#11142,#11143,
#11144,#11145,#11146,#11147,#11148,#11149,#11150,#11151,#11152,#11153,#11154,
#11155,#11156,#11157,#11158,#11159,#11160,#11161,#11162,#11163,#11164,#11165,
#11166,#11167,#11168,#11169,#11170,#11171,#11172,#11173,#11174,#11175,#11176,
#11177,#11178,#11179,#11180,#11181,#11182,#11183,#11184,#11185,#11186,#11187,
#11188,#11189,#11190,#11191,#11192,#11193,#11194,#11195,#11196,#11197,#11198,
#11199,#11200,#11201,#11202,#11203,#11204,#11205,#11206,#11207,#11208,#11209,
#11210,#11211,#11212,#11213,#11214,#11215,#11216,#11217,#11218,#11219,#11220,
#11221,#11222,#11223,#11224,#11225,#11226,#11227,#11228,#11229,#11230,#11231,
#11232,#11233,#11234,#11235,#11236,#11237,#11238,#11239,#11240,#11241,#11242,
#11243,#11244,#11245,#11246,#11247,#11248,#11249,#11250,#11251,#11252,#11253,
#11254,#11255,#11256,#11257,#11258,#11259,#11260,#11261,#11262,#11263,#11264,
#11265,#11266,#11267,#11268,#11269,#11270,#11271,#11272,#11273,#11274,#11275,
#11276,#11277,#11278,#11279,#11280,#11281,#11282,#11283,#11284,#11285,#11286,
#11287,#11288,#11289,#11290,#11291,#11292,#11293,#11294,#11295,#11296,#11297,
#11298,#11299,#11300,#11301,#11302,#11303,#11304,#11305,#11306,#11307,#11308,
#11309,#11310,#11311,#11312,#11313,#11314,#11315,#11316,#11317,#11318,#11319,
#11320,#11321,#11322,#11323,#11324,#11325,#11326,#11327,#11328,#11329,#11330,
#11331,#11332,#11333,#11334,#11335,#11336,#11337,#11338,#11339,#11340,#11341,
#11342,#11343,#11344,#11345,#11346,#11347,#11348,#11349,#11350,#11351,#11352,
#11353,#11354,#11355,#11356,#11357,#11358,#11359,#11360,#11361,#11362,#11363,
#11364,#11365,#11366,#11367,#11368,#11369,#11370,#11371,#11372,#11373,#11374,
#11375,#11376,#11377,#11378,#11379,#11380,#11381,#11382,#11383,#11384,#11385,
#11386,#11387,#11388,#11389,#11390,#11391,#11392,#11393,#11394,#11395,#11396,
#11397,#11398,#11399,#11400,#11401,#11402,#11403,#11404,#11405,#11406,#11407,
#11408,#11409,#11410,#11411,#11412,#11413,#11414,#11415,#11416,#11417,#11418,
#11419,#11420,#11421,#11422,#11423,#11424,#11425,#11426,#11427,#11428,#11429,
#11430,#11431,#11432,#11433,#11434,#11435,#11436,#11437,#11438,#11439,#11440,
#11441,#11442,#11443,#11444,#11445,#11446,#11447,#11448,#11449,#11450,#11451,
#11452,#11453,#11454,#11455,#11456,#11457,#11458,#11459,#11460,#11461,#11462,
#11463,#11464,#11465,#11466,#11467,#11468,#11469,#11470,#11471,#11472,#11473,
#11474,#11475,#11476,#11477,#11478,#11479,#11480,#11481,#11482,#11483,#11484,
#11485,#11486,#11487,#11488,#11489,#11490,#11491,#11492,#11493,#11494,#11495,
#11496,#11497,#11498,#11499,#11500,#11501,#11502,#11503,#11504,#11505,#11506,
#11507,#11508,#11509,#11510,#11511,#11512,#11513,#11514,#11515,#11516,#11517,
#11518,#11519,#11520,#11521,#11522,#11523,#11524,#11525,#11526,#11527,#11528,
#11529,#11530,#11531,#11532,#11533,#11534,#11535,#11536,#11537,#11538,#11539,
#11540,#11541,#11542,#11543,#11544,#11545,#11546,#11547,#11548,#11549,#11550,
#11551,#11552,#11553,#11554,#11555,#11556,#11557,#11558,#11559,#11560,#11561,
#11562,#11563,#11564,#11565,#11566,#11567,#11568,#11569,#11570,#11571,#11572,
#11573,#11574,#11575,#11576,#11577,#11578,#11579,#11580,#11581,#11582,#11583,
#11584,#11585,#11586,#11587,#11588,#11589,#11590,#11591,#11592,#11593,#11594,
#11595,#11596,#11597,#11598,#11599,#11600,#11601,#11602,#11603,#11604,#11605,
#11606,#11607,#11608,#11609,#11610,#11611,#11612,#11613,#11614,#11615,#11616,
#11617,#11618,#11619,#11620,#11621,#11622,#11623,#11624,#11625,#11626,#11627,
#11628,#11629,#11630,#11631,#11632,#11633,#11634,#11635,#11636,#11637,#11638,
#11639,#11640,#11641,#11642,#11643,#11644,#11645,#11646,#11647,#11648,#11649,
#11650,#11651,#11652,#11653,#11654,#11655,#11656,#11657,#11658,#11659,#11660,
#11661,#11662,#11663,#11664,#11665,#11666,#11667,#11668,#11669,#11670,#11671,
#11672,#11673,#11674,#11675,#11676,#11677,#11678,#11679,#11680,#11681,#11682,
#11683,#11684,#11685,#11686,#11687,#11688,#11689,#11690,#11691,#11692,#11693,
#11694,#11695,#11696,#11697,#11698,#11699,#11700,#11701,#11702,#11703,#11704,
#11705,#11706,#11707,#11708,#11709,#11710,#11711,#11712,#11713,#11714,#11715,
#11716,#11717,#11718));
#1342=EDGE_LOOP('',(#11719,#11720,#11721,#11722));
#1343=CIRCLE('',#12913,48.);
#1344=CIRCLE('',#12914,48.);
#1345=CIRCLE('',#12917,48.);
#1346=CIRCLE('',#12919,50.);
#1347=CIRCLE('',#12920,50.);
#1348=CIRCLE('',#12922,50.);
#1349=CIRCLE('',#12923,50.);
#1350=CIRCLE('',#12925,50.);
#1351=CIRCLE('',#12926,50.);
#1352=CIRCLE('',#12928,50.);
#1353=CIRCLE('',#12929,50.);
#1354=CIRCLE('',#12931,50.);
#1355=CIRCLE('',#12932,50.);
#1356=CIRCLE('',#12934,50.);
#1357=CIRCLE('',#12935,50.);
#1358=CIRCLE('',#12937,50.);
#1359=CIRCLE('',#12938,50.);
#1360=CIRCLE('',#12940,50.);
#1361=CIRCLE('',#12941,50.);
#1362=CIRCLE('',#12943,50.);
#1363=CIRCLE('',#12944,50.);
#1364=CIRCLE('',#12946,50.);
#1365=CIRCLE('',#12947,50.);
#1366=CIRCLE('',#12949,50.);
#1367=CIRCLE('',#12950,50.);
#1368=CIRCLE('',#12952,50.);
#1369=CIRCLE('',#12953,50.);
#1370=CIRCLE('',#12955,50.);
#1371=CIRCLE('',#12956,50.);
#1372=CIRCLE('',#12958,50.);
#1373=CIRCLE('',#12959,50.);
#1374=CIRCLE('',#12961,50.);
#1375=CIRCLE('',#12962,50.);
#1376=CIRCLE('',#12964,50.);
#1377=CIRCLE('',#12965,50.);
#1378=CIRCLE('',#12967,50.);
#1379=CIRCLE('',#12968,50.);
#1380=CIRCLE('',#12970,50.);
#1381=CIRCLE('',#12971,50.);
#1382=CIRCLE('',#12973,50.);
#1383=CIRCLE('',#12974,50.);
#1384=CIRCLE('',#12976,50.);
#1385=CIRCLE('',#12977,50.);
#1386=CIRCLE('',#12979,50.);
#1387=CIRCLE('',#12980,50.);
#1388=CIRCLE('',#12982,50.);
#1389=CIRCLE('',#12983,50.);
#1390=CIRCLE('',#12985,50.);
#1391=CIRCLE('',#12986,50.);
#1392=CIRCLE('',#12988,50.);
#1393=CIRCLE('',#12989,50.);
#1394=CIRCLE('',#12991,50.);
#1395=CIRCLE('',#12992,50.);
#1396=CIRCLE('',#12994,50.);
#1397=CIRCLE('',#12995,50.);
#1398=CIRCLE('',#12997,50.);
#1399=CIRCLE('',#12998,50.);
#1400=CIRCLE('',#13000,50.);
#1401=CIRCLE('',#13001,50.);
#1402=CIRCLE('',#13003,50.);
#1403=CIRCLE('',#13004,50.);
#1404=CIRCLE('',#13006,50.);
#1405=CIRCLE('',#13007,50.);
#1406=CIRCLE('',#13009,50.);
#1407=CIRCLE('',#13010,50.);
#1408=CIRCLE('',#13012,50.);
#1409=CIRCLE('',#13013,50.);
#1410=CIRCLE('',#13015,50.);
#1411=CIRCLE('',#13016,50.);
#1412=CIRCLE('',#13018,50.);
#1413=CIRCLE('',#13019,50.);
#1414=CIRCLE('',#13021,50.);
#1415=CIRCLE('',#13022,50.);
#1416=CIRCLE('',#13024,50.);
#1417=CIRCLE('',#13025,50.);
#1418=CIRCLE('',#13027,50.);
#1419=CIRCLE('',#13028,50.);
#1420=CIRCLE('',#13030,50.);
#1421=CIRCLE('',#13031,50.);
#1422=CIRCLE('',#13108,50.);
#1423=CIRCLE('',#13109,50.);
#1424=CIRCLE('',#13111,50.);
#1425=CIRCLE('',#13112,50.);
#1426=CIRCLE('',#13114,50.);
#1427=CIRCLE('',#13115,50.);
#1428=CIRCLE('',#13117,50.);
#1429=CIRCLE('',#13118,50.);
#1430=CIRCLE('',#13120,50.);
#1431=CIRCLE('',#13121,50.);
#1432=CIRCLE('',#13123,50.);
#1433=CIRCLE('',#13124,50.);
#1434=CIRCLE('',#13126,50.);
#1435=CIRCLE('',#13127,50.);
#1436=CIRCLE('',#13129,50.);
#1437=CIRCLE('',#13130,50.);
#1438=CIRCLE('',#13132,50.);
#1439=CIRCLE('',#13133,50.);
#1440=CIRCLE('',#13135,50.);
#1441=CIRCLE('',#13136,50.);
#1442=CIRCLE('',#13138,50.);
#1443=CIRCLE('',#13139,50.);
#1444=CIRCLE('',#13141,50.);
#1445=CIRCLE('',#13142,50.);
#1446=CIRCLE('',#13144,50.);
#1447=CIRCLE('',#13145,50.);
#1448=CIRCLE('',#13147,50.);
#1449=CIRCLE('',#13148,50.);
#1450=CIRCLE('',#13150,50.);
#1451=CIRCLE('',#13151,50.);
#1452=CIRCLE('',#13153,50.);
#1453=CIRCLE('',#13154,50.);
#1454=CIRCLE('',#13156,50.);
#1455=CIRCLE('',#13157,50.);
#1456=CIRCLE('',#13159,50.);
#1457=CIRCLE('',#13160,50.);
#1458=CIRCLE('',#13162,50.);
#1459=CIRCLE('',#13163,50.);
#1460=CIRCLE('',#13165,50.);
#1461=CIRCLE('',#13166,50.);
#1462=CIRCLE('',#13168,50.);
#1463=CIRCLE('',#13169,50.);
#1464=CIRCLE('',#13171,50.);
#1465=CIRCLE('',#13172,50.);
#1466=CIRCLE('',#13174,50.);
#1467=CIRCLE('',#13175,50.);
#1468=CIRCLE('',#13177,50.);
#1469=CIRCLE('',#13178,50.);
#1470=CIRCLE('',#13180,50.);
#1471=CIRCLE('',#13181,50.);
#1472=CIRCLE('',#13183,50.);
#1473=CIRCLE('',#13184,50.);
#1474=CIRCLE('',#13186,50.);
#1475=CIRCLE('',#13187,50.);
#1476=CIRCLE('',#13189,50.);
#1477=CIRCLE('',#13190,50.);
#1478=CIRCLE('',#13192,50.);
#1479=CIRCLE('',#13193,50.);
#1480=CIRCLE('',#13195,50.);
#1481=CIRCLE('',#13196,50.);
#1482=CIRCLE('',#13198,50.);
#1483=CIRCLE('',#13199,50.);
#1484=CIRCLE('',#13201,50.);
#1485=CIRCLE('',#13202,50.);
#1486=CIRCLE('',#13204,50.);
#1487=CIRCLE('',#13205,50.);
#1488=CIRCLE('',#13207,50.);
#1489=CIRCLE('',#13208,50.);
#1490=CIRCLE('',#13210,50.);
#1491=CIRCLE('',#13211,50.);
#1492=CIRCLE('',#13213,50.);
#1493=CIRCLE('',#13214,50.);
#1494=CIRCLE('',#13216,50.);
#1495=CIRCLE('',#13217,50.);
#1496=CIRCLE('',#13219,50.);
#1497=CIRCLE('',#13220,50.);
#1498=CIRCLE('',#13223,48.);
#1499=CIRCLE('',#13225,50.);
#1500=CIRCLE('',#13226,50.);
#1501=CIRCLE('',#13228,50.);
#1502=CIRCLE('',#13229,50.);
#1503=LINE('',#16967,#3203);
#1504=LINE('',#16971,#3204);
#1505=LINE('',#16975,#3205);
#1506=LINE('',#16977,#3206);
#1507=LINE('',#16978,#3207);
#1508=LINE('',#16981,#3208);
#1509=LINE('',#16986,#3209);
#1510=LINE('',#16990,#3210);
#1511=LINE('',#16995,#3211);
#1512=LINE('',#16999,#3212);
#1513=LINE('',#17004,#3213);
#1514=LINE('',#17008,#3214);
#1515=LINE('',#17013,#3215);
#1516=LINE('',#17017,#3216);
#1517=LINE('',#17022,#3217);
#1518=LINE('',#17026,#3218);
#1519=LINE('',#17031,#3219);
#1520=LINE('',#17035,#3220);
#1521=LINE('',#17040,#3221);
#1522=LINE('',#17044,#3222);
#1523=LINE('',#17049,#3223);
#1524=LINE('',#17053,#3224);
#1525=LINE('',#17058,#3225);
#1526=LINE('',#17062,#3226);
#1527=LINE('',#17067,#3227);
#1528=LINE('',#17071,#3228);
#1529=LINE('',#17076,#3229);
#1530=LINE('',#17080,#3230);
#1531=LINE('',#17085,#3231);
#1532=LINE('',#17089,#3232);
#1533=LINE('',#17094,#3233);
#1534=LINE('',#17098,#3234);
#1535=LINE('',#17103,#3235);
#1536=LINE('',#17107,#3236);
#1537=LINE('',#17112,#3237);
#1538=LINE('',#17116,#3238);
#1539=LINE('',#17121,#3239);
#1540=LINE('',#17125,#3240);
#1541=LINE('',#17130,#3241);
#1542=LINE('',#17134,#3242);
#1543=LINE('',#17139,#3243);
#1544=LINE('',#17143,#3244);
#1545=LINE('',#17148,#3245);
#1546=LINE('',#17152,#3246);
#1547=LINE('',#17157,#3247);
#1548=LINE('',#17161,#3248);
#1549=LINE('',#17166,#3249);
#1550=LINE('',#17170,#3250);
#1551=LINE('',#17175,#3251);
#1552=LINE('',#17179,#3252);
#1553=LINE('',#17184,#3253);
#1554=LINE('',#17188,#3254);
#1555=LINE('',#17193,#3255);
#1556=LINE('',#17197,#3256);
#1557=LINE('',#17202,#3257);
#1558=LINE('',#17206,#3258);
#1559=LINE('',#17211,#3259);
#1560=LINE('',#17215,#3260);
#1561=LINE('',#17220,#3261);
#1562=LINE('',#17224,#3262);
#1563=LINE('',#17229,#3263);
#1564=LINE('',#17233,#3264);
#1565=LINE('',#17238,#3265);
#1566=LINE('',#17242,#3266);
#1567=LINE('',#17247,#3267);
#1568=LINE('',#17251,#3268);
#1569=LINE('',#17256,#3269);
#1570=LINE('',#17260,#3270);
#1571=LINE('',#17265,#3271);
#1572=LINE('',#17269,#3272);
#1573=LINE('',#17274,#3273);
#1574=LINE('',#17278,#3274);
#1575=LINE('',#17283,#3275);
#1576=LINE('',#17287,#3276);
#1577=LINE('',#17292,#3277);
#1578=LINE('',#17296,#3278);
#1579=LINE('',#17301,#3279);
#1580=LINE('',#17305,#3280);
#1581=LINE('',#17310,#3281);
#1582=LINE('',#17314,#3282);
#1583=LINE('',#17319,#3283);
#1584=LINE('',#17323,#3284);
#1585=LINE('',#17328,#3285);
#1586=LINE('',#17330,#3286);
#1587=LINE('',#17332,#3287);
#1588=LINE('',#17333,#3288);
#1589=LINE('',#17337,#3289);
#1590=LINE('',#17339,#3290);
#1591=LINE('',#17341,#3291);
#1592=LINE('',#17342,#3292);
#1593=LINE('',#17346,#3293);
#1594=LINE('',#17348,#3294);
#1595=LINE('',#17350,#3295);
#1596=LINE('',#17351,#3296);
#1597=LINE('',#17355,#3297);
#1598=LINE('',#17357,#3298);
#1599=LINE('',#17359,#3299);
#1600=LINE('',#17360,#3300);
#1601=LINE('',#17364,#3301);
#1602=LINE('',#17366,#3302);
#1603=LINE('',#17368,#3303);
#1604=LINE('',#17369,#3304);
#1605=LINE('',#17373,#3305);
#1606=LINE('',#17375,#3306);
#1607=LINE('',#17377,#3307);
#1608=LINE('',#17378,#3308);
#1609=LINE('',#17382,#3309);
#1610=LINE('',#17384,#3310);
#1611=LINE('',#17386,#3311);
#1612=LINE('',#17387,#3312);
#1613=LINE('',#17391,#3313);
#1614=LINE('',#17393,#3314);
#1615=LINE('',#17395,#3315);
#1616=LINE('',#17396,#3316);
#1617=LINE('',#17400,#3317);
#1618=LINE('',#17402,#3318);
#1619=LINE('',#17404,#3319);
#1620=LINE('',#17405,#3320);
#1621=LINE('',#17409,#3321);
#1622=LINE('',#17411,#3322);
#1623=LINE('',#17413,#3323);
#1624=LINE('',#17414,#3324);
#1625=LINE('',#17418,#3325);
#1626=LINE('',#17420,#3326);
#1627=LINE('',#17422,#3327);
#1628=LINE('',#17423,#3328);
#1629=LINE('',#17427,#3329);
#1630=LINE('',#17429,#3330);
#1631=LINE('',#17431,#3331);
#1632=LINE('',#17432,#3332);
#1633=LINE('',#17436,#3333);
#1634=LINE('',#17438,#3334);
#1635=LINE('',#17440,#3335);
#1636=LINE('',#17441,#3336);
#1637=LINE('',#17445,#3337);
#1638=LINE('',#17447,#3338);
#1639=LINE('',#17449,#3339);
#1640=LINE('',#17450,#3340);
#1641=LINE('',#17454,#3341);
#1642=LINE('',#17456,#3342);
#1643=LINE('',#17458,#3343);
#1644=LINE('',#17459,#3344);
#1645=LINE('',#17463,#3345);
#1646=LINE('',#17465,#3346);
#1647=LINE('',#17467,#3347);
#1648=LINE('',#17468,#3348);
#1649=LINE('',#17472,#3349);
#1650=LINE('',#17474,#3350);
#1651=LINE('',#17476,#3351);
#1652=LINE('',#17477,#3352);
#1653=LINE('',#17481,#3353);
#1654=LINE('',#17483,#3354);
#1655=LINE('',#17485,#3355);
#1656=LINE('',#17486,#3356);
#1657=LINE('',#17490,#3357);
#1658=LINE('',#17492,#3358);
#1659=LINE('',#17494,#3359);
#1660=LINE('',#17495,#3360);
#1661=LINE('',#17499,#3361);
#1662=LINE('',#17501,#3362);
#1663=LINE('',#17503,#3363);
#1664=LINE('',#17504,#3364);
#1665=LINE('',#17508,#3365);
#1666=LINE('',#17510,#3366);
#1667=LINE('',#17512,#3367);
#1668=LINE('',#17513,#3368);
#1669=LINE('',#17517,#3369);
#1670=LINE('',#17519,#3370);
#1671=LINE('',#17521,#3371);
#1672=LINE('',#17522,#3372);
#1673=LINE('',#17526,#3373);
#1674=LINE('',#17528,#3374);
#1675=LINE('',#17530,#3375);
#1676=LINE('',#17531,#3376);
#1677=LINE('',#17535,#3377);
#1678=LINE('',#17537,#3378);
#1679=LINE('',#17539,#3379);
#1680=LINE('',#17540,#3380);
#1681=LINE('',#17544,#3381);
#1682=LINE('',#17546,#3382);
#1683=LINE('',#17548,#3383);
#1684=LINE('',#17549,#3384);
#1685=LINE('',#17553,#3385);
#1686=LINE('',#17555,#3386);
#1687=LINE('',#17557,#3387);
#1688=LINE('',#17558,#3388);
#1689=LINE('',#17562,#3389);
#1690=LINE('',#17564,#3390);
#1691=LINE('',#17566,#3391);
#1692=LINE('',#17567,#3392);
#1693=LINE('',#17571,#3393);
#1694=LINE('',#17573,#3394);
#1695=LINE('',#17575,#3395);
#1696=LINE('',#17576,#3396);
#1697=LINE('',#17580,#3397);
#1698=LINE('',#17582,#3398);
#1699=LINE('',#17584,#3399);
#1700=LINE('',#17585,#3400);
#1701=LINE('',#17589,#3401);
#1702=LINE('',#17591,#3402);
#1703=LINE('',#17593,#3403);
#1704=LINE('',#17594,#3404);
#1705=LINE('',#17598,#3405);
#1706=LINE('',#17600,#3406);
#1707=LINE('',#17602,#3407);
#1708=LINE('',#17603,#3408);
#1709=LINE('',#17607,#3409);
#1710=LINE('',#17609,#3410);
#1711=LINE('',#17611,#3411);
#1712=LINE('',#17612,#3412);
#1713=LINE('',#17616,#3413);
#1714=LINE('',#17618,#3414);
#1715=LINE('',#17620,#3415);
#1716=LINE('',#17621,#3416);
#1717=LINE('',#17625,#3417);
#1718=LINE('',#17627,#3418);
#1719=LINE('',#17629,#3419);
#1720=LINE('',#17630,#3420);
#1721=LINE('',#17634,#3421);
#1722=LINE('',#17636,#3422);
#1723=LINE('',#17638,#3423);
#1724=LINE('',#17639,#3424);
#1725=LINE('',#17643,#3425);
#1726=LINE('',#17645,#3426);
#1727=LINE('',#17647,#3427);
#1728=LINE('',#17648,#3428);
#1729=LINE('',#17652,#3429);
#1730=LINE('',#17654,#3430);
#1731=LINE('',#17656,#3431);
#1732=LINE('',#17657,#3432);
#1733=LINE('',#17661,#3433);
#1734=LINE('',#17663,#3434);
#1735=LINE('',#17665,#3435);
#1736=LINE('',#17666,#3436);
#1737=LINE('',#17670,#3437);
#1738=LINE('',#17672,#3438);
#1739=LINE('',#17674,#3439);
#1740=LINE('',#17675,#3440);
#1741=LINE('',#17679,#3441);
#1742=LINE('',#17681,#3442);
#1743=LINE('',#17683,#3443);
#1744=LINE('',#17684,#3444);
#1745=LINE('',#17688,#3445);
#1746=LINE('',#17690,#3446);
#1747=LINE('',#17692,#3447);
#1748=LINE('',#17693,#3448);
#1749=LINE('',#17697,#3449);
#1750=LINE('',#17699,#3450);
#1751=LINE('',#17701,#3451);
#1752=LINE('',#17702,#3452);
#1753=LINE('',#17706,#3453);
#1754=LINE('',#17708,#3454);
#1755=LINE('',#17710,#3455);
#1756=LINE('',#17711,#3456);
#1757=LINE('',#17715,#3457);
#1758=LINE('',#17717,#3458);
#1759=LINE('',#17719,#3459);
#1760=LINE('',#17720,#3460);
#1761=LINE('',#17724,#3461);
#1762=LINE('',#17726,#3462);
#1763=LINE('',#17728,#3463);
#1764=LINE('',#17729,#3464);
#1765=LINE('',#17733,#3465);
#1766=LINE('',#17735,#3466);
#1767=LINE('',#17737,#3467);
#1768=LINE('',#17738,#3468);
#1769=LINE('',#17742,#3469);
#1770=LINE('',#17744,#3470);
#1771=LINE('',#17746,#3471);
#1772=LINE('',#17747,#3472);
#1773=LINE('',#17751,#3473);
#1774=LINE('',#17753,#3474);
#1775=LINE('',#17755,#3475);
#1776=LINE('',#17756,#3476);
#1777=LINE('',#17760,#3477);
#1778=LINE('',#17762,#3478);
#1779=LINE('',#17764,#3479);
#1780=LINE('',#17765,#3480);
#1781=LINE('',#17769,#3481);
#1782=LINE('',#17771,#3482);
#1783=LINE('',#17773,#3483);
#1784=LINE('',#17774,#3484);
#1785=LINE('',#17778,#3485);
#1786=LINE('',#17780,#3486);
#1787=LINE('',#17782,#3487);
#1788=LINE('',#17783,#3488);
#1789=LINE('',#17787,#3489);
#1790=LINE('',#17789,#3490);
#1791=LINE('',#17791,#3491);
#1792=LINE('',#17792,#3492);
#1793=LINE('',#17796,#3493);
#1794=LINE('',#17798,#3494);
#1795=LINE('',#17800,#3495);
#1796=LINE('',#17801,#3496);
#1797=LINE('',#17805,#3497);
#1798=LINE('',#17807,#3498);
#1799=LINE('',#17809,#3499);
#1800=LINE('',#17810,#3500);
#1801=LINE('',#17814,#3501);
#1802=LINE('',#17816,#3502);
#1803=LINE('',#17818,#3503);
#1804=LINE('',#17819,#3504);
#1805=LINE('',#17823,#3505);
#1806=LINE('',#17825,#3506);
#1807=LINE('',#17827,#3507);
#1808=LINE('',#17828,#3508);
#1809=LINE('',#17832,#3509);
#1810=LINE('',#17834,#3510);
#1811=LINE('',#17836,#3511);
#1812=LINE('',#17837,#3512);
#1813=LINE('',#17841,#3513);
#1814=LINE('',#17843,#3514);
#1815=LINE('',#17845,#3515);
#1816=LINE('',#17846,#3516);
#1817=LINE('',#17850,#3517);
#1818=LINE('',#17852,#3518);
#1819=LINE('',#17854,#3519);
#1820=LINE('',#17855,#3520);
#1821=LINE('',#17859,#3521);
#1822=LINE('',#17861,#3522);
#1823=LINE('',#17863,#3523);
#1824=LINE('',#17864,#3524);
#1825=LINE('',#17868,#3525);
#1826=LINE('',#17870,#3526);
#1827=LINE('',#17872,#3527);
#1828=LINE('',#17873,#3528);
#1829=LINE('',#17877,#3529);
#1830=LINE('',#17879,#3530);
#1831=LINE('',#17881,#3531);
#1832=LINE('',#17882,#3532);
#1833=LINE('',#17886,#3533);
#1834=LINE('',#17888,#3534);
#1835=LINE('',#17890,#3535);
#1836=LINE('',#17891,#3536);
#1837=LINE('',#17895,#3537);
#1838=LINE('',#17897,#3538);
#1839=LINE('',#17899,#3539);
#1840=LINE('',#17900,#3540);
#1841=LINE('',#17904,#3541);
#1842=LINE('',#17906,#3542);
#1843=LINE('',#17908,#3543);
#1844=LINE('',#17909,#3544);
#1845=LINE('',#17913,#3545);
#1846=LINE('',#17915,#3546);
#1847=LINE('',#17917,#3547);
#1848=LINE('',#17918,#3548);
#1849=LINE('',#17922,#3549);
#1850=LINE('',#17924,#3550);
#1851=LINE('',#17926,#3551);
#1852=LINE('',#17927,#3552);
#1853=LINE('',#17931,#3553);
#1854=LINE('',#17933,#3554);
#1855=LINE('',#17935,#3555);
#1856=LINE('',#17936,#3556);
#1857=LINE('',#17940,#3557);
#1858=LINE('',#17942,#3558);
#1859=LINE('',#17944,#3559);
#1860=LINE('',#17945,#3560);
#1861=LINE('',#17949,#3561);
#1862=LINE('',#17951,#3562);
#1863=LINE('',#17953,#3563);
#1864=LINE('',#17954,#3564);
#1865=LINE('',#17958,#3565);
#1866=LINE('',#17960,#3566);
#1867=LINE('',#17962,#3567);
#1868=LINE('',#17963,#3568);
#1869=LINE('',#17967,#3569);
#1870=LINE('',#17969,#3570);
#1871=LINE('',#17971,#3571);
#1872=LINE('',#17972,#3572);
#1873=LINE('',#17976,#3573);
#1874=LINE('',#17978,#3574);
#1875=LINE('',#17980,#3575);
#1876=LINE('',#17981,#3576);
#1877=LINE('',#17985,#3577);
#1878=LINE('',#17987,#3578);
#1879=LINE('',#17989,#3579);
#1880=LINE('',#17990,#3580);
#1881=LINE('',#17994,#3581);
#1882=LINE('',#17996,#3582);
#1883=LINE('',#17998,#3583);
#1884=LINE('',#17999,#3584);
#1885=LINE('',#18003,#3585);
#1886=LINE('',#18007,#3586);
#1887=LINE('',#18012,#3587);
#1888=LINE('',#18016,#3588);
#1889=LINE('',#18021,#3589);
#1890=LINE('',#18025,#3590);
#1891=LINE('',#18030,#3591);
#1892=LINE('',#18034,#3592);
#1893=LINE('',#18039,#3593);
#1894=LINE('',#18043,#3594);
#1895=LINE('',#18048,#3595);
#1896=LINE('',#18052,#3596);
#1897=LINE('',#18057,#3597);
#1898=LINE('',#18061,#3598);
#1899=LINE('',#18066,#3599);
#1900=LINE('',#18070,#3600);
#1901=LINE('',#18075,#3601);
#1902=LINE('',#18079,#3602);
#1903=LINE('',#18084,#3603);
#1904=LINE('',#18088,#3604);
#1905=LINE('',#18093,#3605);
#1906=LINE('',#18097,#3606);
#1907=LINE('',#18102,#3607);
#1908=LINE('',#18106,#3608);
#1909=LINE('',#18111,#3609);
#1910=LINE('',#18115,#3610);
#1911=LINE('',#18120,#3611);
#1912=LINE('',#18124,#3612);
#1913=LINE('',#18129,#3613);
#1914=LINE('',#18133,#3614);
#1915=LINE('',#18138,#3615);
#1916=LINE('',#18142,#3616);
#1917=LINE('',#18147,#3617);
#1918=LINE('',#18151,#3618);
#1919=LINE('',#18156,#3619);
#1920=LINE('',#18160,#3620);
#1921=LINE('',#18165,#3621);
#1922=LINE('',#18169,#3622);
#1923=LINE('',#18174,#3623);
#1924=LINE('',#18178,#3624);
#1925=LINE('',#18183,#3625);
#1926=LINE('',#18187,#3626);
#1927=LINE('',#18192,#3627);
#1928=LINE('',#18196,#3628);
#1929=LINE('',#18201,#3629);
#1930=LINE('',#18205,#3630);
#1931=LINE('',#18210,#3631);
#1932=LINE('',#18214,#3632);
#1933=LINE('',#18219,#3633);
#1934=LINE('',#18223,#3634);
#1935=LINE('',#18228,#3635);
#1936=LINE('',#18232,#3636);
#1937=LINE('',#18237,#3637);
#1938=LINE('',#18241,#3638);
#1939=LINE('',#18246,#3639);
#1940=LINE('',#18250,#3640);
#1941=LINE('',#18255,#3641);
#1942=LINE('',#18259,#3642);
#1943=LINE('',#18264,#3643);
#1944=LINE('',#18268,#3644);
#1945=LINE('',#18273,#3645);
#1946=LINE('',#18277,#3646);
#1947=LINE('',#18282,#3647);
#1948=LINE('',#18286,#3648);
#1949=LINE('',#18291,#3649);
#1950=LINE('',#18295,#3650);
#1951=LINE('',#18300,#3651);
#1952=LINE('',#18304,#3652);
#1953=LINE('',#18309,#3653);
#1954=LINE('',#18313,#3654);
#1955=LINE('',#18318,#3655);
#1956=LINE('',#18322,#3656);
#1957=LINE('',#18327,#3657);
#1958=LINE('',#18331,#3658);
#1959=LINE('',#18336,#3659);
#1960=LINE('',#18340,#3660);
#1961=LINE('',#18344,#3661);
#1962=LINE('',#18345,#3662);
#1963=LINE('',#18351,#3663);
#1964=LINE('',#18355,#3664);
#1965=LINE('',#18360,#3665);
#1966=LINE('',#18364,#3666);
#1967=LINE('',#18369,#3667);
#1968=LINE('',#18371,#3668);
#1969=LINE('',#18373,#3669);
#1970=LINE('',#18374,#3670);
#1971=LINE('',#18377,#3671);
#1972=LINE('',#18379,#3672);
#1973=LINE('',#18380,#3673);
#1974=LINE('',#18383,#3674);
#1975=LINE('',#18385,#3675);
#1976=LINE('',#18386,#3676);
#1977=LINE('',#18388,#3677);
#1978=LINE('',#18389,#3678);
#1979=LINE('',#18392,#3679);
#1980=LINE('',#18394,#3680);
#1981=LINE('',#18395,#3681);
#1982=LINE('',#18398,#3682);
#1983=LINE('',#18400,#3683);
#1984=LINE('',#18401,#3684);
#1985=LINE('',#18403,#3685);
#1986=LINE('',#18404,#3686);
#1987=LINE('',#18407,#3687);
#1988=LINE('',#18409,#3688);
#1989=LINE('',#18410,#3689);
#1990=LINE('',#18413,#3690);
#1991=LINE('',#18415,#3691);
#1992=LINE('',#18416,#3692);
#1993=LINE('',#18418,#3693);
#1994=LINE('',#18419,#3694);
#1995=LINE('',#18422,#3695);
#1996=LINE('',#18424,#3696);
#1997=LINE('',#18425,#3697);
#1998=LINE('',#18428,#3698);
#1999=LINE('',#18430,#3699);
#2000=LINE('',#18431,#3700);
#2001=LINE('',#18433,#3701);
#2002=LINE('',#18434,#3702);
#2003=LINE('',#18437,#3703);
#2004=LINE('',#18439,#3704);
#2005=LINE('',#18440,#3705);
#2006=LINE('',#18443,#3706);
#2007=LINE('',#18445,#3707);
#2008=LINE('',#18446,#3708);
#2009=LINE('',#18448,#3709);
#2010=LINE('',#18449,#3710);
#2011=LINE('',#18452,#3711);
#2012=LINE('',#18454,#3712);
#2013=LINE('',#18455,#3713);
#2014=LINE('',#18458,#3714);
#2015=LINE('',#18460,#3715);
#2016=LINE('',#18461,#3716);
#2017=LINE('',#18463,#3717);
#2018=LINE('',#18464,#3718);
#2019=LINE('',#18467,#3719);
#2020=LINE('',#18469,#3720);
#2021=LINE('',#18470,#3721);
#2022=LINE('',#18473,#3722);
#2023=LINE('',#18475,#3723);
#2024=LINE('',#18476,#3724);
#2025=LINE('',#18478,#3725);
#2026=LINE('',#18479,#3726);
#2027=LINE('',#18482,#3727);
#2028=LINE('',#18484,#3728);
#2029=LINE('',#18485,#3729);
#2030=LINE('',#18488,#3730);
#2031=LINE('',#18490,#3731);
#2032=LINE('',#18491,#3732);
#2033=LINE('',#18493,#3733);
#2034=LINE('',#18494,#3734);
#2035=LINE('',#18497,#3735);
#2036=LINE('',#18499,#3736);
#2037=LINE('',#18500,#3737);
#2038=LINE('',#18503,#3738);
#2039=LINE('',#18505,#3739);
#2040=LINE('',#18506,#3740);
#2041=LINE('',#18508,#3741);
#2042=LINE('',#18509,#3742);
#2043=LINE('',#18512,#3743);
#2044=LINE('',#18514,#3744);
#2045=LINE('',#18515,#3745);
#2046=LINE('',#18518,#3746);
#2047=LINE('',#18520,#3747);
#2048=LINE('',#18521,#3748);
#2049=LINE('',#18523,#3749);
#2050=LINE('',#18524,#3750);
#2051=LINE('',#18527,#3751);
#2052=LINE('',#18529,#3752);
#2053=LINE('',#18530,#3753);
#2054=LINE('',#18533,#3754);
#2055=LINE('',#18535,#3755);
#2056=LINE('',#18536,#3756);
#2057=LINE('',#18538,#3757);
#2058=LINE('',#18539,#3758);
#2059=LINE('',#18542,#3759);
#2060=LINE('',#18544,#3760);
#2061=LINE('',#18545,#3761);
#2062=LINE('',#18548,#3762);
#2063=LINE('',#18550,#3763);
#2064=LINE('',#18551,#3764);
#2065=LINE('',#18553,#3765);
#2066=LINE('',#18554,#3766);
#2067=LINE('',#18557,#3767);
#2068=LINE('',#18559,#3768);
#2069=LINE('',#18560,#3769);
#2070=LINE('',#18563,#3770);
#2071=LINE('',#18565,#3771);
#2072=LINE('',#18566,#3772);
#2073=LINE('',#18568,#3773);
#2074=LINE('',#18569,#3774);
#2075=LINE('',#18572,#3775);
#2076=LINE('',#18574,#3776);
#2077=LINE('',#18575,#3777);
#2078=LINE('',#18578,#3778);
#2079=LINE('',#18580,#3779);
#2080=LINE('',#18581,#3780);
#2081=LINE('',#18583,#3781);
#2082=LINE('',#18584,#3782);
#2083=LINE('',#18587,#3783);
#2084=LINE('',#18589,#3784);
#2085=LINE('',#18590,#3785);
#2086=LINE('',#18593,#3786);
#2087=LINE('',#18595,#3787);
#2088=LINE('',#18596,#3788);
#2089=LINE('',#18598,#3789);
#2090=LINE('',#18599,#3790);
#2091=LINE('',#18602,#3791);
#2092=LINE('',#18604,#3792);
#2093=LINE('',#18605,#3793);
#2094=LINE('',#18608,#3794);
#2095=LINE('',#18610,#3795);
#2096=LINE('',#18611,#3796);
#2097=LINE('',#18613,#3797);
#2098=LINE('',#18614,#3798);
#2099=LINE('',#18617,#3799);
#2100=LINE('',#18619,#3800);
#2101=LINE('',#18620,#3801);
#2102=LINE('',#18623,#3802);
#2103=LINE('',#18625,#3803);
#2104=LINE('',#18626,#3804);
#2105=LINE('',#18628,#3805);
#2106=LINE('',#18629,#3806);
#2107=LINE('',#18632,#3807);
#2108=LINE('',#18634,#3808);
#2109=LINE('',#18635,#3809);
#2110=LINE('',#18638,#3810);
#2111=LINE('',#18640,#3811);
#2112=LINE('',#18641,#3812);
#2113=LINE('',#18643,#3813);
#2114=LINE('',#18644,#3814);
#2115=LINE('',#18647,#3815);
#2116=LINE('',#18649,#3816);
#2117=LINE('',#18650,#3817);
#2118=LINE('',#18653,#3818);
#2119=LINE('',#18655,#3819);
#2120=LINE('',#18656,#3820);
#2121=LINE('',#18658,#3821);
#2122=LINE('',#18659,#3822);
#2123=LINE('',#18662,#3823);
#2124=LINE('',#18664,#3824);
#2125=LINE('',#18665,#3825);
#2126=LINE('',#18668,#3826);
#2127=LINE('',#18670,#3827);
#2128=LINE('',#18671,#3828);
#2129=LINE('',#18673,#3829);
#2130=LINE('',#18674,#3830);
#2131=LINE('',#18677,#3831);
#2132=LINE('',#18679,#3832);
#2133=LINE('',#18680,#3833);
#2134=LINE('',#18683,#3834);
#2135=LINE('',#18685,#3835);
#2136=LINE('',#18686,#3836);
#2137=LINE('',#18688,#3837);
#2138=LINE('',#18689,#3838);
#2139=LINE('',#18692,#3839);
#2140=LINE('',#18694,#3840);
#2141=LINE('',#18695,#3841);
#2142=LINE('',#18698,#3842);
#2143=LINE('',#18700,#3843);
#2144=LINE('',#18701,#3844);
#2145=LINE('',#18703,#3845);
#2146=LINE('',#18704,#3846);
#2147=LINE('',#18707,#3847);
#2148=LINE('',#18709,#3848);
#2149=LINE('',#18710,#3849);
#2150=LINE('',#18713,#3850);
#2151=LINE('',#18715,#3851);
#2152=LINE('',#18716,#3852);
#2153=LINE('',#18718,#3853);
#2154=LINE('',#18719,#3854);
#2155=LINE('',#18722,#3855);
#2156=LINE('',#18724,#3856);
#2157=LINE('',#18725,#3857);
#2158=LINE('',#18728,#3858);
#2159=LINE('',#18730,#3859);
#2160=LINE('',#18731,#3860);
#2161=LINE('',#18733,#3861);
#2162=LINE('',#18734,#3862);
#2163=LINE('',#18737,#3863);
#2164=LINE('',#18739,#3864);
#2165=LINE('',#18740,#3865);
#2166=LINE('',#18743,#3866);
#2167=LINE('',#18745,#3867);
#2168=LINE('',#18746,#3868);
#2169=LINE('',#18748,#3869);
#2170=LINE('',#18749,#3870);
#2171=LINE('',#18752,#3871);
#2172=LINE('',#18754,#3872);
#2173=LINE('',#18755,#3873);
#2174=LINE('',#18758,#3874);
#2175=LINE('',#18760,#3875);
#2176=LINE('',#18761,#3876);
#2177=LINE('',#18763,#3877);
#2178=LINE('',#18764,#3878);
#2179=LINE('',#18767,#3879);
#2180=LINE('',#18769,#3880);
#2181=LINE('',#18770,#3881);
#2182=LINE('',#18773,#3882);
#2183=LINE('',#18775,#3883);
#2184=LINE('',#18776,#3884);
#2185=LINE('',#18778,#3885);
#2186=LINE('',#18779,#3886);
#2187=LINE('',#18782,#3887);
#2188=LINE('',#18784,#3888);
#2189=LINE('',#18785,#3889);
#2190=LINE('',#18788,#3890);
#2191=LINE('',#18790,#3891);
#2192=LINE('',#18791,#3892);
#2193=LINE('',#18793,#3893);
#2194=LINE('',#18794,#3894);
#2195=LINE('',#18797,#3895);
#2196=LINE('',#18799,#3896);
#2197=LINE('',#18800,#3897);
#2198=LINE('',#18803,#3898);
#2199=LINE('',#18805,#3899);
#2200=LINE('',#18806,#3900);
#2201=LINE('',#18808,#3901);
#2202=LINE('',#18809,#3902);
#2203=LINE('',#18812,#3903);
#2204=LINE('',#18814,#3904);
#2205=LINE('',#18815,#3905);
#2206=LINE('',#18818,#3906);
#2207=LINE('',#18820,#3907);
#2208=LINE('',#18821,#3908);
#2209=LINE('',#18823,#3909);
#2210=LINE('',#18824,#3910);
#2211=LINE('',#18827,#3911);
#2212=LINE('',#18829,#3912);
#2213=LINE('',#18830,#3913);
#2214=LINE('',#18833,#3914);
#2215=LINE('',#18835,#3915);
#2216=LINE('',#18836,#3916);
#2217=LINE('',#18838,#3917);
#2218=LINE('',#18839,#3918);
#2219=LINE('',#18842,#3919);
#2220=LINE('',#18844,#3920);
#2221=LINE('',#18845,#3921);
#2222=LINE('',#18848,#3922);
#2223=LINE('',#18850,#3923);
#2224=LINE('',#18851,#3924);
#2225=LINE('',#18853,#3925);
#2226=LINE('',#18854,#3926);
#2227=LINE('',#18857,#3927);
#2228=LINE('',#18859,#3928);
#2229=LINE('',#18860,#3929);
#2230=LINE('',#18863,#3930);
#2231=LINE('',#18865,#3931);
#2232=LINE('',#18866,#3932);
#2233=LINE('',#18868,#3933);
#2234=LINE('',#18869,#3934);
#2235=LINE('',#18872,#3935);
#2236=LINE('',#18874,#3936);
#2237=LINE('',#18875,#3937);
#2238=LINE('',#18878,#3938);
#2239=LINE('',#18880,#3939);
#2240=LINE('',#18881,#3940);
#2241=LINE('',#18883,#3941);
#2242=LINE('',#18884,#3942);
#2243=LINE('',#18887,#3943);
#2244=LINE('',#18889,#3944);
#2245=LINE('',#18890,#3945);
#2246=LINE('',#18893,#3946);
#2247=LINE('',#18895,#3947);
#2248=LINE('',#18896,#3948);
#2249=LINE('',#18898,#3949);
#2250=LINE('',#18899,#3950);
#2251=LINE('',#18902,#3951);
#2252=LINE('',#18904,#3952);
#2253=LINE('',#18905,#3953);
#2254=LINE('',#18908,#3954);
#2255=LINE('',#18910,#3955);
#2256=LINE('',#18911,#3956);
#2257=LINE('',#18913,#3957);
#2258=LINE('',#18914,#3958);
#2259=LINE('',#18917,#3959);
#2260=LINE('',#18919,#3960);
#2261=LINE('',#18920,#3961);
#2262=LINE('',#18923,#3962);
#2263=LINE('',#18925,#3963);
#2264=LINE('',#18926,#3964);
#2265=LINE('',#18928,#3965);
#2266=LINE('',#18929,#3966);
#2267=LINE('',#18932,#3967);
#2268=LINE('',#18934,#3968);
#2269=LINE('',#18935,#3969);
#2270=LINE('',#18938,#3970);
#2271=LINE('',#18940,#3971);
#2272=LINE('',#18941,#3972);
#2273=LINE('',#18943,#3973);
#2274=LINE('',#18944,#3974);
#2275=LINE('',#18947,#3975);
#2276=LINE('',#18949,#3976);
#2277=LINE('',#18950,#3977);
#2278=LINE('',#18953,#3978);
#2279=LINE('',#18955,#3979);
#2280=LINE('',#18956,#3980);
#2281=LINE('',#18958,#3981);
#2282=LINE('',#18959,#3982);
#2283=LINE('',#18962,#3983);
#2284=LINE('',#18964,#3984);
#2285=LINE('',#18965,#3985);
#2286=LINE('',#18968,#3986);
#2287=LINE('',#18970,#3987);
#2288=LINE('',#18971,#3988);
#2289=LINE('',#18973,#3989);
#2290=LINE('',#18974,#3990);
#2291=LINE('',#18977,#3991);
#2292=LINE('',#18979,#3992);
#2293=LINE('',#18980,#3993);
#2294=LINE('',#18983,#3994);
#2295=LINE('',#18985,#3995);
#2296=LINE('',#18986,#3996);
#2297=LINE('',#18988,#3997);
#2298=LINE('',#18989,#3998);
#2299=LINE('',#18992,#3999);
#2300=LINE('',#18994,#4000);
#2301=LINE('',#18995,#4001);
#2302=LINE('',#18998,#4002);
#2303=LINE('',#19000,#4003);
#2304=LINE('',#19001,#4004);
#2305=LINE('',#19003,#4005);
#2306=LINE('',#19004,#4006);
#2307=LINE('',#19007,#4007);
#2308=LINE('',#19009,#4008);
#2309=LINE('',#19010,#4009);
#2310=LINE('',#19013,#4010);
#2311=LINE('',#19015,#4011);
#2312=LINE('',#19016,#4012);
#2313=LINE('',#19018,#4013);
#2314=LINE('',#19019,#4014);
#2315=LINE('',#19022,#4015);
#2316=LINE('',#19024,#4016);
#2317=LINE('',#19025,#4017);
#2318=LINE('',#19028,#4018);
#2319=LINE('',#19030,#4019);
#2320=LINE('',#19031,#4020);
#2321=LINE('',#19033,#4021);
#2322=LINE('',#19034,#4022);
#2323=LINE('',#19037,#4023);
#2324=LINE('',#19039,#4024);
#2325=LINE('',#19040,#4025);
#2326=LINE('',#19043,#4026);
#2327=LINE('',#19045,#4027);
#2328=LINE('',#19046,#4028);
#2329=LINE('',#19048,#4029);
#2330=LINE('',#19049,#4030);
#2331=LINE('',#19052,#4031);
#2332=LINE('',#19054,#4032);
#2333=LINE('',#19055,#4033);
#2334=LINE('',#19058,#4034);
#2335=LINE('',#19060,#4035);
#2336=LINE('',#19061,#4036);
#2337=LINE('',#19063,#4037);
#2338=LINE('',#19064,#4038);
#2339=LINE('',#19067,#4039);
#2340=LINE('',#19069,#4040);
#2341=LINE('',#19070,#4041);
#2342=LINE('',#19073,#4042);
#2343=LINE('',#19075,#4043);
#2344=LINE('',#19076,#4044);
#2345=LINE('',#19078,#4045);
#2346=LINE('',#19079,#4046);
#2347=LINE('',#19082,#4047);
#2348=LINE('',#19084,#4048);
#2349=LINE('',#19085,#4049);
#2350=LINE('',#19088,#4050);
#2351=LINE('',#19090,#4051);
#2352=LINE('',#19091,#4052);
#2353=LINE('',#19093,#4053);
#2354=LINE('',#19094,#4054);
#2355=LINE('',#19097,#4055);
#2356=LINE('',#19099,#4056);
#2357=LINE('',#19100,#4057);
#2358=LINE('',#19103,#4058);
#2359=LINE('',#19105,#4059);
#2360=LINE('',#19106,#4060);
#2361=LINE('',#19108,#4061);
#2362=LINE('',#19109,#4062);
#2363=LINE('',#19112,#4063);
#2364=LINE('',#19114,#4064);
#2365=LINE('',#19115,#4065);
#2366=LINE('',#19118,#4066);
#2367=LINE('',#19120,#4067);
#2368=LINE('',#19121,#4068);
#2369=LINE('',#19123,#4069);
#2370=LINE('',#19124,#4070);
#2371=LINE('',#19127,#4071);
#2372=LINE('',#19129,#4072);
#2373=LINE('',#19130,#4073);
#2374=LINE('',#19133,#4074);
#2375=LINE('',#19135,#4075);
#2376=LINE('',#19136,#4076);
#2377=LINE('',#19138,#4077);
#2378=LINE('',#19139,#4078);
#2379=LINE('',#19142,#4079);
#2380=LINE('',#19144,#4080);
#2381=LINE('',#19145,#4081);
#2382=LINE('',#19148,#4082);
#2383=LINE('',#19150,#4083);
#2384=LINE('',#19151,#4084);
#2385=LINE('',#19153,#4085);
#2386=LINE('',#19154,#4086);
#2387=LINE('',#19157,#4087);
#2388=LINE('',#19159,#4088);
#2389=LINE('',#19160,#4089);
#2390=LINE('',#19163,#4090);
#2391=LINE('',#19165,#4091);
#2392=LINE('',#19166,#4092);
#2393=LINE('',#19168,#4093);
#2394=LINE('',#19169,#4094);
#2395=LINE('',#19172,#4095);
#2396=LINE('',#19174,#4096);
#2397=LINE('',#19175,#4097);
#2398=LINE('',#19178,#4098);
#2399=LINE('',#19180,#4099);
#2400=LINE('',#19181,#4100);
#2401=LINE('',#19183,#4101);
#2402=LINE('',#19184,#4102);
#2403=LINE('',#19187,#4103);
#2404=LINE('',#19189,#4104);
#2405=LINE('',#19190,#4105);
#2406=LINE('',#19193,#4106);
#2407=LINE('',#19195,#4107);
#2408=LINE('',#19196,#4108);
#2409=LINE('',#19198,#4109);
#2410=LINE('',#19199,#4110);
#2411=LINE('',#19202,#4111);
#2412=LINE('',#19204,#4112);
#2413=LINE('',#19205,#4113);
#2414=LINE('',#19208,#4114);
#2415=LINE('',#19210,#4115);
#2416=LINE('',#19211,#4116);
#2417=LINE('',#19213,#4117);
#2418=LINE('',#19214,#4118);
#2419=LINE('',#19217,#4119);
#2420=LINE('',#19219,#4120);
#2421=LINE('',#19220,#4121);
#2422=LINE('',#19223,#4122);
#2423=LINE('',#19225,#4123);
#2424=LINE('',#19226,#4124);
#2425=LINE('',#19228,#4125);
#2426=LINE('',#19229,#4126);
#2427=LINE('',#19232,#4127);
#2428=LINE('',#19234,#4128);
#2429=LINE('',#19235,#4129);
#2430=LINE('',#19238,#4130);
#2431=LINE('',#19240,#4131);
#2432=LINE('',#19241,#4132);
#2433=LINE('',#19243,#4133);
#2434=LINE('',#19244,#4134);
#2435=LINE('',#19247,#4135);
#2436=LINE('',#19249,#4136);
#2437=LINE('',#19250,#4137);
#2438=LINE('',#19253,#4138);
#2439=LINE('',#19255,#4139);
#2440=LINE('',#19256,#4140);
#2441=LINE('',#19258,#4141);
#2442=LINE('',#19259,#4142);
#2443=LINE('',#19262,#4143);
#2444=LINE('',#19264,#4144);
#2445=LINE('',#19265,#4145);
#2446=LINE('',#19268,#4146);
#2447=LINE('',#19270,#4147);
#2448=LINE('',#19271,#4148);
#2449=LINE('',#19273,#4149);
#2450=LINE('',#19274,#4150);
#2451=LINE('',#19277,#4151);
#2452=LINE('',#19279,#4152);
#2453=LINE('',#19280,#4153);
#2454=LINE('',#19283,#4154);
#2455=LINE('',#19285,#4155);
#2456=LINE('',#19286,#4156);
#2457=LINE('',#19288,#4157);
#2458=LINE('',#19289,#4158);
#2459=LINE('',#19292,#4159);
#2460=LINE('',#19294,#4160);
#2461=LINE('',#19295,#4161);
#2462=LINE('',#19298,#4162);
#2463=LINE('',#19300,#4163);
#2464=LINE('',#19301,#4164);
#2465=LINE('',#19303,#4165);
#2466=LINE('',#19304,#4166);
#2467=LINE('',#19307,#4167);
#2468=LINE('',#19309,#4168);
#2469=LINE('',#19310,#4169);
#2470=LINE('',#19313,#4170);
#2471=LINE('',#19315,#4171);
#2472=LINE('',#19316,#4172);
#2473=LINE('',#19318,#4173);
#2474=LINE('',#19319,#4174);
#2475=LINE('',#19322,#4175);
#2476=LINE('',#19324,#4176);
#2477=LINE('',#19325,#4177);
#2478=LINE('',#19328,#4178);
#2479=LINE('',#19330,#4179);
#2480=LINE('',#19331,#4180);
#2481=LINE('',#19333,#4181);
#2482=LINE('',#19334,#4182);
#2483=LINE('',#19337,#4183);
#2484=LINE('',#19339,#4184);
#2485=LINE('',#19340,#4185);
#2486=LINE('',#19343,#4186);
#2487=LINE('',#19345,#4187);
#2488=LINE('',#19346,#4188);
#2489=LINE('',#19348,#4189);
#2490=LINE('',#19349,#4190);
#2491=LINE('',#19352,#4191);
#2492=LINE('',#19354,#4192);
#2493=LINE('',#19355,#4193);
#2494=LINE('',#19358,#4194);
#2495=LINE('',#19360,#4195);
#2496=LINE('',#19361,#4196);
#2497=LINE('',#19363,#4197);
#2498=LINE('',#19364,#4198);
#2499=LINE('',#19367,#4199);
#2500=LINE('',#19369,#4200);
#2501=LINE('',#19370,#4201);
#2502=LINE('',#19373,#4202);
#2503=LINE('',#19375,#4203);
#2504=LINE('',#19376,#4204);
#2505=LINE('',#19378,#4205);
#2506=LINE('',#19379,#4206);
#2507=LINE('',#19382,#4207);
#2508=LINE('',#19384,#4208);
#2509=LINE('',#19385,#4209);
#2510=LINE('',#19388,#4210);
#2511=LINE('',#19390,#4211);
#2512=LINE('',#19391,#4212);
#2513=LINE('',#19393,#4213);
#2514=LINE('',#19394,#4214);
#2515=LINE('',#19397,#4215);
#2516=LINE('',#19399,#4216);
#2517=LINE('',#19400,#4217);
#2518=LINE('',#19403,#4218);
#2519=LINE('',#19405,#4219);
#2520=LINE('',#19406,#4220);
#2521=LINE('',#19408,#4221);
#2522=LINE('',#19409,#4222);
#2523=LINE('',#19412,#4223);
#2524=LINE('',#19414,#4224);
#2525=LINE('',#19415,#4225);
#2526=LINE('',#19418,#4226);
#2527=LINE('',#19420,#4227);
#2528=LINE('',#19421,#4228);
#2529=LINE('',#19423,#4229);
#2530=LINE('',#19424,#4230);
#2531=LINE('',#19427,#4231);
#2532=LINE('',#19429,#4232);
#2533=LINE('',#19430,#4233);
#2534=LINE('',#19433,#4234);
#2535=LINE('',#19435,#4235);
#2536=LINE('',#19436,#4236);
#2537=LINE('',#19438,#4237);
#2538=LINE('',#19439,#4238);
#2539=LINE('',#19442,#4239);
#2540=LINE('',#19444,#4240);
#2541=LINE('',#19445,#4241);
#2542=LINE('',#19448,#4242);
#2543=LINE('',#19450,#4243);
#2544=LINE('',#19451,#4244);
#2545=LINE('',#19453,#4245);
#2546=LINE('',#19454,#4246);
#2547=LINE('',#19457,#4247);
#2548=LINE('',#19459,#4248);
#2549=LINE('',#19460,#4249);
#2550=LINE('',#19463,#4250);
#2551=LINE('',#19465,#4251);
#2552=LINE('',#19466,#4252);
#2553=LINE('',#19468,#4253);
#2554=LINE('',#19469,#4254);
#2555=LINE('',#19472,#4255);
#2556=LINE('',#19474,#4256);
#2557=LINE('',#19475,#4257);
#2558=LINE('',#19478,#4258);
#2559=LINE('',#19480,#4259);
#2560=LINE('',#19481,#4260);
#2561=LINE('',#19483,#4261);
#2562=LINE('',#19484,#4262);
#2563=LINE('',#19487,#4263);
#2564=LINE('',#19489,#4264);
#2565=LINE('',#19490,#4265);
#2566=LINE('',#19493,#4266);
#2567=LINE('',#19495,#4267);
#2568=LINE('',#19496,#4268);
#2569=LINE('',#19498,#4269);
#2570=LINE('',#19499,#4270);
#2571=LINE('',#19502,#4271);
#2572=LINE('',#19504,#4272);
#2573=LINE('',#19505,#4273);
#2574=LINE('',#19508,#4274);
#2575=LINE('',#19510,#4275);
#2576=LINE('',#19511,#4276);
#2577=LINE('',#19513,#4277);
#2578=LINE('',#19514,#4278);
#2579=LINE('',#19517,#4279);
#2580=LINE('',#19519,#4280);
#2581=LINE('',#19520,#4281);
#2582=LINE('',#19523,#4282);
#2583=LINE('',#19525,#4283);
#2584=LINE('',#19526,#4284);
#2585=LINE('',#19528,#4285);
#2586=LINE('',#19529,#4286);
#2587=LINE('',#19532,#4287);
#2588=LINE('',#19534,#4288);
#2589=LINE('',#19535,#4289);
#2590=LINE('',#19538,#4290);
#2591=LINE('',#19540,#4291);
#2592=LINE('',#19541,#4292);
#2593=LINE('',#19543,#4293);
#2594=LINE('',#19544,#4294);
#2595=LINE('',#19547,#4295);
#2596=LINE('',#19549,#4296);
#2597=LINE('',#19550,#4297);
#2598=LINE('',#19553,#4298);
#2599=LINE('',#19555,#4299);
#2600=LINE('',#19556,#4300);
#2601=LINE('',#19558,#4301);
#2602=LINE('',#19559,#4302);
#2603=LINE('',#19562,#4303);
#2604=LINE('',#19564,#4304);
#2605=LINE('',#19565,#4305);
#2606=LINE('',#19568,#4306);
#2607=LINE('',#19570,#4307);
#2608=LINE('',#19571,#4308);
#2609=LINE('',#19573,#4309);
#2610=LINE('',#19574,#4310);
#2611=LINE('',#19577,#4311);
#2612=LINE('',#19579,#4312);
#2613=LINE('',#19580,#4313);
#2614=LINE('',#19583,#4314);
#2615=LINE('',#19585,#4315);
#2616=LINE('',#19586,#4316);
#2617=LINE('',#19588,#4317);
#2618=LINE('',#19589,#4318);
#2619=LINE('',#19592,#4319);
#2620=LINE('',#19594,#4320);
#2621=LINE('',#19595,#4321);
#2622=LINE('',#19598,#4322);
#2623=LINE('',#19600,#4323);
#2624=LINE('',#19601,#4324);
#2625=LINE('',#19603,#4325);
#2626=LINE('',#19604,#4326);
#2627=LINE('',#19607,#4327);
#2628=LINE('',#19609,#4328);
#2629=LINE('',#19610,#4329);
#2630=LINE('',#19613,#4330);
#2631=LINE('',#19615,#4331);
#2632=LINE('',#19616,#4332);
#2633=LINE('',#19618,#4333);
#2634=LINE('',#19619,#4334);
#2635=LINE('',#19622,#4335);
#2636=LINE('',#19624,#4336);
#2637=LINE('',#19625,#4337);
#2638=LINE('',#19628,#4338);
#2639=LINE('',#19630,#4339);
#2640=LINE('',#19631,#4340);
#2641=LINE('',#19633,#4341);
#2642=LINE('',#19634,#4342);
#2643=LINE('',#19637,#4343);
#2644=LINE('',#19639,#4344);
#2645=LINE('',#19640,#4345);
#2646=LINE('',#19643,#4346);
#2647=LINE('',#19645,#4347);
#2648=LINE('',#19646,#4348);
#2649=LINE('',#19648,#4349);
#2650=LINE('',#19649,#4350);
#2651=LINE('',#19652,#4351);
#2652=LINE('',#19654,#4352);
#2653=LINE('',#19655,#4353);
#2654=LINE('',#19658,#4354);
#2655=LINE('',#19660,#4355);
#2656=LINE('',#19661,#4356);
#2657=LINE('',#19663,#4357);
#2658=LINE('',#19664,#4358);
#2659=LINE('',#19667,#4359);
#2660=LINE('',#19669,#4360);
#2661=LINE('',#19670,#4361);
#2662=LINE('',#19673,#4362);
#2663=LINE('',#19675,#4363);
#2664=LINE('',#19676,#4364);
#2665=LINE('',#19678,#4365);
#2666=LINE('',#19679,#4366);
#2667=LINE('',#19682,#4367);
#2668=LINE('',#19684,#4368);
#2669=LINE('',#19685,#4369);
#2670=LINE('',#19688,#4370);
#2671=LINE('',#19690,#4371);
#2672=LINE('',#19691,#4372);
#2673=LINE('',#19693,#4373);
#2674=LINE('',#19694,#4374);
#2675=LINE('',#19697,#4375);
#2676=LINE('',#19699,#4376);
#2677=LINE('',#19700,#4377);
#2678=LINE('',#19703,#4378);
#2679=LINE('',#19705,#4379);
#2680=LINE('',#19706,#4380);
#2681=LINE('',#19708,#4381);
#2682=LINE('',#19709,#4382);
#2683=LINE('',#19712,#4383);
#2684=LINE('',#19714,#4384);
#2685=LINE('',#19715,#4385);
#2686=LINE('',#19718,#4386);
#2687=LINE('',#19720,#4387);
#2688=LINE('',#19721,#4388);
#2689=LINE('',#19723,#4389);
#2690=LINE('',#19724,#4390);
#2691=LINE('',#19727,#4391);
#2692=LINE('',#19729,#4392);
#2693=LINE('',#19730,#4393);
#2694=LINE('',#19733,#4394);
#2695=LINE('',#19735,#4395);
#2696=LINE('',#19736,#4396);
#2697=LINE('',#19738,#4397);
#2698=LINE('',#19739,#4398);
#2699=LINE('',#19742,#4399);
#2700=LINE('',#19744,#4400);
#2701=LINE('',#19745,#4401);
#2702=LINE('',#19748,#4402);
#2703=LINE('',#19750,#4403);
#2704=LINE('',#19751,#4404);
#2705=LINE('',#19753,#4405);
#2706=LINE('',#19754,#4406);
#2707=LINE('',#19757,#4407);
#2708=LINE('',#19759,#4408);
#2709=LINE('',#19760,#4409);
#2710=LINE('',#19763,#4410);
#2711=LINE('',#19765,#4411);
#2712=LINE('',#19766,#4412);
#2713=LINE('',#19768,#4413);
#2714=LINE('',#19769,#4414);
#2715=LINE('',#19772,#4415);
#2716=LINE('',#19774,#4416);
#2717=LINE('',#19775,#4417);
#2718=LINE('',#19778,#4418);
#2719=LINE('',#19780,#4419);
#2720=LINE('',#19781,#4420);
#2721=LINE('',#19783,#4421);
#2722=LINE('',#19784,#4422);
#2723=LINE('',#19787,#4423);
#2724=LINE('',#19789,#4424);
#2725=LINE('',#19790,#4425);
#2726=LINE('',#19793,#4426);
#2727=LINE('',#19795,#4427);
#2728=LINE('',#19796,#4428);
#2729=LINE('',#19798,#4429);
#2730=LINE('',#19799,#4430);
#2731=LINE('',#19802,#4431);
#2732=LINE('',#19804,#4432);
#2733=LINE('',#19805,#4433);
#2734=LINE('',#19808,#4434);
#2735=LINE('',#19810,#4435);
#2736=LINE('',#19811,#4436);
#2737=LINE('',#19813,#4437);
#2738=LINE('',#19814,#4438);
#2739=LINE('',#19817,#4439);
#2740=LINE('',#19819,#4440);
#2741=LINE('',#19820,#4441);
#2742=LINE('',#19823,#4442);
#2743=LINE('',#19825,#4443);
#2744=LINE('',#19826,#4444);
#2745=LINE('',#19828,#4445);
#2746=LINE('',#19829,#4446);
#2747=LINE('',#19832,#4447);
#2748=LINE('',#19834,#4448);
#2749=LINE('',#19835,#4449);
#2750=LINE('',#19838,#4450);
#2751=LINE('',#19840,#4451);
#2752=LINE('',#19841,#4452);
#2753=LINE('',#19843,#4453);
#2754=LINE('',#19844,#4454);
#2755=LINE('',#19847,#4455);
#2756=LINE('',#19849,#4456);
#2757=LINE('',#19850,#4457);
#2758=LINE('',#19853,#4458);
#2759=LINE('',#19855,#4459);
#2760=LINE('',#19856,#4460);
#2761=LINE('',#19858,#4461);
#2762=LINE('',#19859,#4462);
#2763=LINE('',#19862,#4463);
#2764=LINE('',#19864,#4464);
#2765=LINE('',#19865,#4465);
#2766=LINE('',#19868,#4466);
#2767=LINE('',#19870,#4467);
#2768=LINE('',#19871,#4468);
#2769=LINE('',#19873,#4469);
#2770=LINE('',#19874,#4470);
#2771=LINE('',#19877,#4471);
#2772=LINE('',#19879,#4472);
#2773=LINE('',#19880,#4473);
#2774=LINE('',#19883,#4474);
#2775=LINE('',#19885,#4475);
#2776=LINE('',#19886,#4476);
#2777=LINE('',#19888,#4477);
#2778=LINE('',#19889,#4478);
#2779=LINE('',#19892,#4479);
#2780=LINE('',#19894,#4480);
#2781=LINE('',#19895,#4481);
#2782=LINE('',#19898,#4482);
#2783=LINE('',#19900,#4483);
#2784=LINE('',#19901,#4484);
#2785=LINE('',#19903,#4485);
#2786=LINE('',#19904,#4486);
#2787=LINE('',#19907,#4487);
#2788=LINE('',#19909,#4488);
#2789=LINE('',#19910,#4489);
#2790=LINE('',#19913,#4490);
#2791=LINE('',#19915,#4491);
#2792=LINE('',#19916,#4492);
#2793=LINE('',#19918,#4493);
#2794=LINE('',#19919,#4494);
#2795=LINE('',#19922,#4495);
#2796=LINE('',#19924,#4496);
#2797=LINE('',#19925,#4497);
#2798=LINE('',#19928,#4498);
#2799=LINE('',#19930,#4499);
#2800=LINE('',#19931,#4500);
#2801=LINE('',#19933,#4501);
#2802=LINE('',#19934,#4502);
#2803=LINE('',#19937,#4503);
#2804=LINE('',#19939,#4504);
#2805=LINE('',#19940,#4505);
#2806=LINE('',#19943,#4506);
#2807=LINE('',#19945,#4507);
#2808=LINE('',#19946,#4508);
#2809=LINE('',#19948,#4509);
#2810=LINE('',#19949,#4510);
#2811=LINE('',#19952,#4511);
#2812=LINE('',#19954,#4512);
#2813=LINE('',#19955,#4513);
#2814=LINE('',#19958,#4514);
#2815=LINE('',#19960,#4515);
#2816=LINE('',#19961,#4516);
#2817=LINE('',#19963,#4517);
#2818=LINE('',#19964,#4518);
#2819=LINE('',#19967,#4519);
#2820=LINE('',#19969,#4520);
#2821=LINE('',#19970,#4521);
#2822=LINE('',#19973,#4522);
#2823=LINE('',#19975,#4523);
#2824=LINE('',#19976,#4524);
#2825=LINE('',#19978,#4525);
#2826=LINE('',#19979,#4526);
#2827=LINE('',#19982,#4527);
#2828=LINE('',#19984,#4528);
#2829=LINE('',#19985,#4529);
#2830=LINE('',#19988,#4530);
#2831=LINE('',#19990,#4531);
#2832=LINE('',#19991,#4532);
#2833=LINE('',#19993,#4533);
#2834=LINE('',#19994,#4534);
#2835=LINE('',#19997,#4535);
#2836=LINE('',#19999,#4536);
#2837=LINE('',#20000,#4537);
#2838=LINE('',#20003,#4538);
#2839=LINE('',#20005,#4539);
#2840=LINE('',#20006,#4540);
#2841=LINE('',#20008,#4541);
#2842=LINE('',#20009,#4542);
#2843=LINE('',#20012,#4543);
#2844=LINE('',#20014,#4544);
#2845=LINE('',#20015,#4545);
#2846=LINE('',#20018,#4546);
#2847=LINE('',#20020,#4547);
#2848=LINE('',#20021,#4548);
#2849=LINE('',#20023,#4549);
#2850=LINE('',#20024,#4550);
#2851=LINE('',#20027,#4551);
#2852=LINE('',#20029,#4552);
#2853=LINE('',#20030,#4553);
#2854=LINE('',#20033,#4554);
#2855=LINE('',#20035,#4555);
#2856=LINE('',#20036,#4556);
#2857=LINE('',#20038,#4557);
#2858=LINE('',#20039,#4558);
#2859=LINE('',#20042,#4559);
#2860=LINE('',#20044,#4560);
#2861=LINE('',#20045,#4561);
#2862=LINE('',#20048,#4562);
#2863=LINE('',#20050,#4563);
#2864=LINE('',#20051,#4564);
#2865=LINE('',#20053,#4565);
#2866=LINE('',#20054,#4566);
#2867=LINE('',#20057,#4567);
#2868=LINE('',#20059,#4568);
#2869=LINE('',#20060,#4569);
#2870=LINE('',#20063,#4570);
#2871=LINE('',#20065,#4571);
#2872=LINE('',#20066,#4572);
#2873=LINE('',#20068,#4573);
#2874=LINE('',#20069,#4574);
#2875=LINE('',#20072,#4575);
#2876=LINE('',#20074,#4576);
#2877=LINE('',#20075,#4577);
#2878=LINE('',#20078,#4578);
#2879=LINE('',#20080,#4579);
#2880=LINE('',#20081,#4580);
#2881=LINE('',#20083,#4581);
#2882=LINE('',#20084,#4582);
#2883=LINE('',#20087,#4583);
#2884=LINE('',#20089,#4584);
#2885=LINE('',#20090,#4585);
#2886=LINE('',#20093,#4586);
#2887=LINE('',#20095,#4587);
#2888=LINE('',#20096,#4588);
#2889=LINE('',#20098,#4589);
#2890=LINE('',#20099,#4590);
#2891=LINE('',#20102,#4591);
#2892=LINE('',#20104,#4592);
#2893=LINE('',#20105,#4593);
#2894=LINE('',#20108,#4594);
#2895=LINE('',#20110,#4595);
#2896=LINE('',#20111,#4596);
#2897=LINE('',#20113,#4597);
#2898=LINE('',#20114,#4598);
#2899=LINE('',#20117,#4599);
#2900=LINE('',#20119,#4600);
#2901=LINE('',#20120,#4601);
#2902=LINE('',#20123,#4602);
#2903=LINE('',#20125,#4603);
#2904=LINE('',#20126,#4604);
#2905=LINE('',#20128,#4605);
#2906=LINE('',#20129,#4606);
#2907=LINE('',#20132,#4607);
#2908=LINE('',#20134,#4608);
#2909=LINE('',#20135,#4609);
#2910=LINE('',#20138,#4610);
#2911=LINE('',#20140,#4611);
#2912=LINE('',#20141,#4612);
#2913=LINE('',#20143,#4613);
#2914=LINE('',#20144,#4614);
#2915=LINE('',#20147,#4615);
#2916=LINE('',#20149,#4616);
#2917=LINE('',#20150,#4617);
#2918=LINE('',#20153,#4618);
#2919=LINE('',#20155,#4619);
#2920=LINE('',#20156,#4620);
#2921=LINE('',#20158,#4621);
#2922=LINE('',#20159,#4622);
#2923=LINE('',#20162,#4623);
#2924=LINE('',#20164,#4624);
#2925=LINE('',#20165,#4625);
#2926=LINE('',#20168,#4626);
#2927=LINE('',#20170,#4627);
#2928=LINE('',#20171,#4628);
#2929=LINE('',#20173,#4629);
#2930=LINE('',#20174,#4630);
#2931=LINE('',#20177,#4631);
#2932=LINE('',#20179,#4632);
#2933=LINE('',#20180,#4633);
#2934=LINE('',#20183,#4634);
#2935=LINE('',#20185,#4635);
#2936=LINE('',#20186,#4636);
#2937=LINE('',#20188,#4637);
#2938=LINE('',#20189,#4638);
#2939=LINE('',#20192,#4639);
#2940=LINE('',#20194,#4640);
#2941=LINE('',#20195,#4641);
#2942=LINE('',#20198,#4642);
#2943=LINE('',#20200,#4643);
#2944=LINE('',#20201,#4644);
#2945=LINE('',#20203,#4645);
#2946=LINE('',#20204,#4646);
#2947=LINE('',#20207,#4647);
#2948=LINE('',#20209,#4648);
#2949=LINE('',#20210,#4649);
#2950=LINE('',#20213,#4650);
#2951=LINE('',#20215,#4651);
#2952=LINE('',#20216,#4652);
#2953=LINE('',#20218,#4653);
#2954=LINE('',#20219,#4654);
#2955=LINE('',#20222,#4655);
#2956=LINE('',#20224,#4656);
#2957=LINE('',#20225,#4657);
#2958=LINE('',#20228,#4658);
#2959=LINE('',#20230,#4659);
#2960=LINE('',#20231,#4660);
#2961=LINE('',#20233,#4661);
#2962=LINE('',#20234,#4662);
#2963=LINE('',#20237,#4663);
#2964=LINE('',#20239,#4664);
#2965=LINE('',#20240,#4665);
#2966=LINE('',#20243,#4666);
#2967=LINE('',#20245,#4667);
#2968=LINE('',#20246,#4668);
#2969=LINE('',#20248,#4669);
#2970=LINE('',#20249,#4670);
#2971=LINE('',#20252,#4671);
#2972=LINE('',#20254,#4672);
#2973=LINE('',#20255,#4673);
#2974=LINE('',#20258,#4674);
#2975=LINE('',#20260,#4675);
#2976=LINE('',#20261,#4676);
#2977=LINE('',#20263,#4677);
#2978=LINE('',#20264,#4678);
#2979=LINE('',#20267,#4679);
#2980=LINE('',#20269,#4680);
#2981=LINE('',#20270,#4681);
#2982=LINE('',#20273,#4682);
#2983=LINE('',#20275,#4683);
#2984=LINE('',#20276,#4684);
#2985=LINE('',#20278,#4685);
#2986=LINE('',#20279,#4686);
#2987=LINE('',#20282,#4687);
#2988=LINE('',#20284,#4688);
#2989=LINE('',#20285,#4689);
#2990=LINE('',#20288,#4690);
#2991=LINE('',#20290,#4691);
#2992=LINE('',#20291,#4692);
#2993=LINE('',#20293,#4693);
#2994=LINE('',#20294,#4694);
#2995=LINE('',#20297,#4695);
#2996=LINE('',#20299,#4696);
#2997=LINE('',#20300,#4697);
#2998=LINE('',#20303,#4698);
#2999=LINE('',#20305,#4699);
#3000=LINE('',#20306,#4700);
#3001=LINE('',#20308,#4701);
#3002=LINE('',#20309,#4702);
#3003=LINE('',#20312,#4703);
#3004=LINE('',#20314,#4704);
#3005=LINE('',#20315,#4705);
#3006=LINE('',#20318,#4706);
#3007=LINE('',#20320,#4707);
#3008=LINE('',#20321,#4708);
#3009=LINE('',#20323,#4709);
#3010=LINE('',#20324,#4710);
#3011=LINE('',#20327,#4711);
#3012=LINE('',#20329,#4712);
#3013=LINE('',#20330,#4713);
#3014=LINE('',#20333,#4714);
#3015=LINE('',#20335,#4715);
#3016=LINE('',#20336,#4716);
#3017=LINE('',#20338,#4717);
#3018=LINE('',#20339,#4718);
#3019=LINE('',#20342,#4719);
#3020=LINE('',#20344,#4720);
#3021=LINE('',#20345,#4721);
#3022=LINE('',#20348,#4722);
#3023=LINE('',#20350,#4723);
#3024=LINE('',#20351,#4724);
#3025=LINE('',#20353,#4725);
#3026=LINE('',#20354,#4726);
#3027=LINE('',#20357,#4727);
#3028=LINE('',#20359,#4728);
#3029=LINE('',#20360,#4729);
#3030=LINE('',#20363,#4730);
#3031=LINE('',#20365,#4731);
#3032=LINE('',#20366,#4732);
#3033=LINE('',#20368,#4733);
#3034=LINE('',#20369,#4734);
#3035=LINE('',#20372,#4735);
#3036=LINE('',#20374,#4736);
#3037=LINE('',#20375,#4737);
#3038=LINE('',#20378,#4738);
#3039=LINE('',#20380,#4739);
#3040=LINE('',#20381,#4740);
#3041=LINE('',#20383,#4741);
#3042=LINE('',#20384,#4742);
#3043=LINE('',#20387,#4743);
#3044=LINE('',#20389,#4744);
#3045=LINE('',#20390,#4745);
#3046=LINE('',#20393,#4746);
#3047=LINE('',#20395,#4747);
#3048=LINE('',#20396,#4748);
#3049=LINE('',#20398,#4749);
#3050=LINE('',#20399,#4750);
#3051=LINE('',#20402,#4751);
#3052=LINE('',#20404,#4752);
#3053=LINE('',#20405,#4753);
#3054=LINE('',#20408,#4754);
#3055=LINE('',#20410,#4755);
#3056=LINE('',#20411,#4756);
#3057=LINE('',#20413,#4757);
#3058=LINE('',#20414,#4758);
#3059=LINE('',#20417,#4759);
#3060=LINE('',#20419,#4760);
#3061=LINE('',#20420,#4761);
#3062=LINE('',#20423,#4762);
#3063=LINE('',#20425,#4763);
#3064=LINE('',#20426,#4764);
#3065=LINE('',#20428,#4765);
#3066=LINE('',#20429,#4766);
#3067=LINE('',#20432,#4767);
#3068=LINE('',#20434,#4768);
#3069=LINE('',#20435,#4769);
#3070=LINE('',#20438,#4770);
#3071=LINE('',#20440,#4771);
#3072=LINE('',#20441,#4772);
#3073=LINE('',#20443,#4773);
#3074=LINE('',#20444,#4774);
#3075=LINE('',#20447,#4775);
#3076=LINE('',#20449,#4776);
#3077=LINE('',#20450,#4777);
#3078=LINE('',#20453,#4778);
#3079=LINE('',#20455,#4779);
#3080=LINE('',#20456,#4780);
#3081=LINE('',#20458,#4781);
#3082=LINE('',#20459,#4782);
#3083=LINE('',#20462,#4783);
#3084=LINE('',#20464,#4784);
#3085=LINE('',#20465,#4785);
#3086=LINE('',#20468,#4786);
#3087=LINE('',#20470,#4787);
#3088=LINE('',#20471,#4788);
#3089=LINE('',#20473,#4789);
#3090=LINE('',#20474,#4790);
#3091=LINE('',#20477,#4791);
#3092=LINE('',#20479,#4792);
#3093=LINE('',#20480,#4793);
#3094=LINE('',#20483,#4794);
#3095=LINE('',#20485,#4795);
#3096=LINE('',#20486,#4796);
#3097=LINE('',#20488,#4797);
#3098=LINE('',#20489,#4798);
#3099=LINE('',#20492,#4799);
#3100=LINE('',#20494,#4800);
#3101=LINE('',#20495,#4801);
#3102=LINE('',#20498,#4802);
#3103=LINE('',#20500,#4803);
#3104=LINE('',#20501,#4804);
#3105=LINE('',#20503,#4805);
#3106=LINE('',#20504,#4806);
#3107=LINE('',#20507,#4807);
#3108=LINE('',#20509,#4808);
#3109=LINE('',#20510,#4809);
#3110=LINE('',#20513,#4810);
#3111=LINE('',#20515,#4811);
#3112=LINE('',#20516,#4812);
#3113=LINE('',#20518,#4813);
#3114=LINE('',#20519,#4814);
#3115=LINE('',#20522,#4815);
#3116=LINE('',#20524,#4816);
#3117=LINE('',#20525,#4817);
#3118=LINE('',#20528,#4818);
#3119=LINE('',#20530,#4819);
#3120=LINE('',#20531,#4820);
#3121=LINE('',#20533,#4821);
#3122=LINE('',#20534,#4822);
#3123=LINE('',#20537,#4823);
#3124=LINE('',#20539,#4824);
#3125=LINE('',#20540,#4825);
#3126=LINE('',#20543,#4826);
#3127=LINE('',#20545,#4827);
#3128=LINE('',#20546,#4828);
#3129=LINE('',#20548,#4829);
#3130=LINE('',#20549,#4830);
#3131=LINE('',#20552,#4831);
#3132=LINE('',#20554,#4832);
#3133=LINE('',#20555,#4833);
#3134=LINE('',#20558,#4834);
#3135=LINE('',#20560,#4835);
#3136=LINE('',#20561,#4836);
#3137=LINE('',#20563,#4837);
#3138=LINE('',#20564,#4838);
#3139=LINE('',#20567,#4839);
#3140=LINE('',#20569,#4840);
#3141=LINE('',#20570,#4841);
#3142=LINE('',#20573,#4842);
#3143=LINE('',#20575,#4843);
#3144=LINE('',#20576,#4844);
#3145=LINE('',#20578,#4845);
#3146=LINE('',#20579,#4846);
#3147=LINE('',#20582,#4847);
#3148=LINE('',#20584,#4848);
#3149=LINE('',#20585,#4849);
#3150=LINE('',#20588,#4850);
#3151=LINE('',#20590,#4851);
#3152=LINE('',#20591,#4852);
#3153=LINE('',#20593,#4853);
#3154=LINE('',#20594,#4854);
#3155=LINE('',#20597,#4855);
#3156=LINE('',#20599,#4856);
#3157=LINE('',#20600,#4857);
#3158=LINE('',#20603,#4858);
#3159=LINE('',#20605,#4859);
#3160=LINE('',#20606,#4860);
#3161=LINE('',#20608,#4861);
#3162=LINE('',#20609,#4862);
#3163=LINE('',#20612,#4863);
#3164=LINE('',#20614,#4864);
#3165=LINE('',#20615,#4865);
#3166=LINE('',#20618,#4866);
#3167=LINE('',#20620,#4867);
#3168=LINE('',#20621,#4868);
#3169=LINE('',#20623,#4869);
#3170=LINE('',#20624,#4870);
#3171=LINE('',#20627,#4871);
#3172=LINE('',#20629,#4872);
#3173=LINE('',#20630,#4873);
#3174=LINE('',#20633,#4874);
#3175=LINE('',#20635,#4875);
#3176=LINE('',#20636,#4876);
#3177=LINE('',#20638,#4877);
#3178=LINE('',#20639,#4878);
#3179=LINE('',#20642,#4879);
#3180=LINE('',#20644,#4880);
#3181=LINE('',#20645,#4881);
#3182=LINE('',#20648,#4882);
#3183=LINE('',#20650,#4883);
#3184=LINE('',#20651,#4884);
#3185=LINE('',#20653,#4885);
#3186=LINE('',#20654,#4886);
#3187=LINE('',#20657,#4887);
#3188=LINE('',#20659,#4888);
#3189=LINE('',#20660,#4889);
#3190=LINE('',#20663,#4890);
#3191=LINE('',#20665,#4891);
#3192=LINE('',#20666,#4892);
#3193=LINE('',#20668,#4893);
#3194=LINE('',#20669,#4894);
#3195=LINE('',#20672,#4895);
#3196=LINE('',#20674,#4896);
#3197=LINE('',#20675,#4897);
#3198=LINE('',#20678,#4898);
#3199=LINE('',#20679,#4899);
#3200=LINE('',#20682,#4900);
#3201=LINE('',#20683,#4901);
#3202=LINE('',#20685,#4902);
#3203=VECTOR('',#13699,10.);
#3204=VECTOR('',#13702,10.);
#3205=VECTOR('',#13707,10.);
#3206=VECTOR('',#13708,10.);
#3207=VECTOR('',#13709,10.);
#3208=VECTOR('',#13712,10.);
#3209=VECTOR('',#13717,10.);
#3210=VECTOR('',#13720,10.);
#3211=VECTOR('',#13725,10.);
#3212=VECTOR('',#13728,10.);
#3213=VECTOR('',#13733,10.);
#3214=VECTOR('',#13736,10.);
#3215=VECTOR('',#13741,10.);
#3216=VECTOR('',#13744,10.);
#3217=VECTOR('',#13749,10.);
#3218=VECTOR('',#13752,10.);
#3219=VECTOR('',#13757,10.);
#3220=VECTOR('',#13760,10.);
#3221=VECTOR('',#13765,10.);
#3222=VECTOR('',#13768,10.);
#3223=VECTOR('',#13773,10.);
#3224=VECTOR('',#13776,10.);
#3225=VECTOR('',#13781,10.);
#3226=VECTOR('',#13784,10.);
#3227=VECTOR('',#13789,10.);
#3228=VECTOR('',#13792,10.);
#3229=VECTOR('',#13797,10.);
#3230=VECTOR('',#13800,10.);
#3231=VECTOR('',#13805,10.);
#3232=VECTOR('',#13808,10.);
#3233=VECTOR('',#13813,10.);
#3234=VECTOR('',#13816,10.);
#3235=VECTOR('',#13821,10.);
#3236=VECTOR('',#13824,10.);
#3237=VECTOR('',#13829,10.);
#3238=VECTOR('',#13832,10.);
#3239=VECTOR('',#13837,10.);
#3240=VECTOR('',#13840,10.);
#3241=VECTOR('',#13845,10.);
#3242=VECTOR('',#13848,10.);
#3243=VECTOR('',#13853,10.);
#3244=VECTOR('',#13856,10.);
#3245=VECTOR('',#13861,10.);
#3246=VECTOR('',#13864,10.);
#3247=VECTOR('',#13869,10.);
#3248=VECTOR('',#13872,10.);
#3249=VECTOR('',#13877,10.);
#3250=VECTOR('',#13880,10.);
#3251=VECTOR('',#13885,10.);
#3252=VECTOR('',#13888,10.);
#3253=VECTOR('',#13893,10.);
#3254=VECTOR('',#13896,10.);
#3255=VECTOR('',#13901,10.);
#3256=VECTOR('',#13904,10.);
#3257=VECTOR('',#13909,10.);
#3258=VECTOR('',#13912,10.);
#3259=VECTOR('',#13917,10.);
#3260=VECTOR('',#13920,10.);
#3261=VECTOR('',#13925,10.);
#3262=VECTOR('',#13928,10.);
#3263=VECTOR('',#13933,10.);
#3264=VECTOR('',#13936,10.);
#3265=VECTOR('',#13941,10.);
#3266=VECTOR('',#13944,10.);
#3267=VECTOR('',#13949,10.);
#3268=VECTOR('',#13952,10.);
#3269=VECTOR('',#13957,10.);
#3270=VECTOR('',#13960,10.);
#3271=VECTOR('',#13965,10.);
#3272=VECTOR('',#13968,10.);
#3273=VECTOR('',#13973,10.);
#3274=VECTOR('',#13976,10.);
#3275=VECTOR('',#13981,10.);
#3276=VECTOR('',#13984,10.);
#3277=VECTOR('',#13989,10.);
#3278=VECTOR('',#13992,10.);
#3279=VECTOR('',#13997,10.);
#3280=VECTOR('',#14000,10.);
#3281=VECTOR('',#14005,10.);
#3282=VECTOR('',#14008,10.);
#3283=VECTOR('',#14013,10.);
#3284=VECTOR('',#14016,10.);
#3285=VECTOR('',#14021,10.);
#3286=VECTOR('',#14022,10.);
#3287=VECTOR('',#14023,10.);
#3288=VECTOR('',#14024,10.);
#3289=VECTOR('',#14027,10.);
#3290=VECTOR('',#14028,10.);
#3291=VECTOR('',#14029,10.);
#3292=VECTOR('',#14030,10.);
#3293=VECTOR('',#14033,10.);
#3294=VECTOR('',#14034,10.);
#3295=VECTOR('',#14035,10.);
#3296=VECTOR('',#14036,10.);
#3297=VECTOR('',#14039,10.);
#3298=VECTOR('',#14040,10.);
#3299=VECTOR('',#14041,10.);
#3300=VECTOR('',#14042,10.);
#3301=VECTOR('',#14045,10.);
#3302=VECTOR('',#14046,10.);
#3303=VECTOR('',#14047,10.);
#3304=VECTOR('',#14048,10.);
#3305=VECTOR('',#14051,10.);
#3306=VECTOR('',#14052,10.);
#3307=VECTOR('',#14053,10.);
#3308=VECTOR('',#14054,10.);
#3309=VECTOR('',#14057,10.);
#3310=VECTOR('',#14058,10.);
#3311=VECTOR('',#14059,10.);
#3312=VECTOR('',#14060,10.);
#3313=VECTOR('',#14063,10.);
#3314=VECTOR('',#14064,10.);
#3315=VECTOR('',#14065,10.);
#3316=VECTOR('',#14066,10.);
#3317=VECTOR('',#14069,10.);
#3318=VECTOR('',#14070,10.);
#3319=VECTOR('',#14071,10.);
#3320=VECTOR('',#14072,10.);
#3321=VECTOR('',#14075,10.);
#3322=VECTOR('',#14076,10.);
#3323=VECTOR('',#14077,10.);
#3324=VECTOR('',#14078,10.);
#3325=VECTOR('',#14081,10.);
#3326=VECTOR('',#14082,10.);
#3327=VECTOR('',#14083,10.);
#3328=VECTOR('',#14084,10.);
#3329=VECTOR('',#14087,10.);
#3330=VECTOR('',#14088,10.);
#3331=VECTOR('',#14089,10.);
#3332=VECTOR('',#14090,10.);
#3333=VECTOR('',#14093,10.);
#3334=VECTOR('',#14094,10.);
#3335=VECTOR('',#14095,10.);
#3336=VECTOR('',#14096,10.);
#3337=VECTOR('',#14099,10.);
#3338=VECTOR('',#14100,10.);
#3339=VECTOR('',#14101,10.);
#3340=VECTOR('',#14102,10.);
#3341=VECTOR('',#14105,10.);
#3342=VECTOR('',#14106,10.);
#3343=VECTOR('',#14107,10.);
#3344=VECTOR('',#14108,10.);
#3345=VECTOR('',#14111,10.);
#3346=VECTOR('',#14112,10.);
#3347=VECTOR('',#14113,10.);
#3348=VECTOR('',#14114,10.);
#3349=VECTOR('',#14117,10.);
#3350=VECTOR('',#14118,10.);
#3351=VECTOR('',#14119,10.);
#3352=VECTOR('',#14120,10.);
#3353=VECTOR('',#14123,10.);
#3354=VECTOR('',#14124,10.);
#3355=VECTOR('',#14125,10.);
#3356=VECTOR('',#14126,10.);
#3357=VECTOR('',#14129,10.);
#3358=VECTOR('',#14130,10.);
#3359=VECTOR('',#14131,10.);
#3360=VECTOR('',#14132,10.);
#3361=VECTOR('',#14135,10.);
#3362=VECTOR('',#14136,10.);
#3363=VECTOR('',#14137,10.);
#3364=VECTOR('',#14138,10.);
#3365=VECTOR('',#14141,10.);
#3366=VECTOR('',#14142,10.);
#3367=VECTOR('',#14143,10.);
#3368=VECTOR('',#14144,10.);
#3369=VECTOR('',#14147,10.);
#3370=VECTOR('',#14148,10.);
#3371=VECTOR('',#14149,10.);
#3372=VECTOR('',#14150,10.);
#3373=VECTOR('',#14153,10.);
#3374=VECTOR('',#14154,10.);
#3375=VECTOR('',#14155,10.);
#3376=VECTOR('',#14156,10.);
#3377=VECTOR('',#14159,10.);
#3378=VECTOR('',#14160,10.);
#3379=VECTOR('',#14161,10.);
#3380=VECTOR('',#14162,10.);
#3381=VECTOR('',#14165,10.);
#3382=VECTOR('',#14166,10.);
#3383=VECTOR('',#14167,10.);
#3384=VECTOR('',#14168,10.);
#3385=VECTOR('',#14171,10.);
#3386=VECTOR('',#14172,10.);
#3387=VECTOR('',#14173,10.);
#3388=VECTOR('',#14174,10.);
#3389=VECTOR('',#14177,10.);
#3390=VECTOR('',#14178,10.);
#3391=VECTOR('',#14179,10.);
#3392=VECTOR('',#14180,10.);
#3393=VECTOR('',#14183,10.);
#3394=VECTOR('',#14184,10.);
#3395=VECTOR('',#14185,10.);
#3396=VECTOR('',#14186,10.);
#3397=VECTOR('',#14189,10.);
#3398=VECTOR('',#14190,10.);
#3399=VECTOR('',#14191,10.);
#3400=VECTOR('',#14192,10.);
#3401=VECTOR('',#14195,10.);
#3402=VECTOR('',#14196,10.);
#3403=VECTOR('',#14197,10.);
#3404=VECTOR('',#14198,10.);
#3405=VECTOR('',#14201,10.);
#3406=VECTOR('',#14202,10.);
#3407=VECTOR('',#14203,10.);
#3408=VECTOR('',#14204,10.);
#3409=VECTOR('',#14207,10.);
#3410=VECTOR('',#14208,10.);
#3411=VECTOR('',#14209,10.);
#3412=VECTOR('',#14210,10.);
#3413=VECTOR('',#14213,10.);
#3414=VECTOR('',#14214,10.);
#3415=VECTOR('',#14215,10.);
#3416=VECTOR('',#14216,10.);
#3417=VECTOR('',#14219,10.);
#3418=VECTOR('',#14220,10.);
#3419=VECTOR('',#14221,10.);
#3420=VECTOR('',#14222,10.);
#3421=VECTOR('',#14225,10.);
#3422=VECTOR('',#14226,10.);
#3423=VECTOR('',#14227,10.);
#3424=VECTOR('',#14228,10.);
#3425=VECTOR('',#14231,10.);
#3426=VECTOR('',#14232,10.);
#3427=VECTOR('',#14233,10.);
#3428=VECTOR('',#14234,10.);
#3429=VECTOR('',#14237,10.);
#3430=VECTOR('',#14238,10.);
#3431=VECTOR('',#14239,10.);
#3432=VECTOR('',#14240,10.);
#3433=VECTOR('',#14243,10.);
#3434=VECTOR('',#14244,10.);
#3435=VECTOR('',#14245,10.);
#3436=VECTOR('',#14246,10.);
#3437=VECTOR('',#14249,10.);
#3438=VECTOR('',#14250,10.);
#3439=VECTOR('',#14251,10.);
#3440=VECTOR('',#14252,10.);
#3441=VECTOR('',#14255,10.);
#3442=VECTOR('',#14256,10.);
#3443=VECTOR('',#14257,10.);
#3444=VECTOR('',#14258,10.);
#3445=VECTOR('',#14261,10.);
#3446=VECTOR('',#14262,10.);
#3447=VECTOR('',#14263,10.);
#3448=VECTOR('',#14264,10.);
#3449=VECTOR('',#14267,10.);
#3450=VECTOR('',#14268,10.);
#3451=VECTOR('',#14269,10.);
#3452=VECTOR('',#14270,10.);
#3453=VECTOR('',#14273,10.);
#3454=VECTOR('',#14274,10.);
#3455=VECTOR('',#14275,10.);
#3456=VECTOR('',#14276,10.);
#3457=VECTOR('',#14279,10.);
#3458=VECTOR('',#14280,10.);
#3459=VECTOR('',#14281,10.);
#3460=VECTOR('',#14282,10.);
#3461=VECTOR('',#14285,10.);
#3462=VECTOR('',#14286,10.);
#3463=VECTOR('',#14287,10.);
#3464=VECTOR('',#14288,10.);
#3465=VECTOR('',#14291,10.);
#3466=VECTOR('',#14292,10.);
#3467=VECTOR('',#14293,10.);
#3468=VECTOR('',#14294,10.);
#3469=VECTOR('',#14297,10.);
#3470=VECTOR('',#14298,10.);
#3471=VECTOR('',#14299,10.);
#3472=VECTOR('',#14300,10.);
#3473=VECTOR('',#14303,10.);
#3474=VECTOR('',#14304,10.);
#3475=VECTOR('',#14305,10.);
#3476=VECTOR('',#14306,10.);
#3477=VECTOR('',#14309,10.);
#3478=VECTOR('',#14310,10.);
#3479=VECTOR('',#14311,10.);
#3480=VECTOR('',#14312,10.);
#3481=VECTOR('',#14315,10.);
#3482=VECTOR('',#14316,10.);
#3483=VECTOR('',#14317,10.);
#3484=VECTOR('',#14318,10.);
#3485=VECTOR('',#14321,10.);
#3486=VECTOR('',#14322,10.);
#3487=VECTOR('',#14323,10.);
#3488=VECTOR('',#14324,10.);
#3489=VECTOR('',#14327,10.);
#3490=VECTOR('',#14328,10.);
#3491=VECTOR('',#14329,10.);
#3492=VECTOR('',#14330,10.);
#3493=VECTOR('',#14333,10.);
#3494=VECTOR('',#14334,10.);
#3495=VECTOR('',#14335,10.);
#3496=VECTOR('',#14336,10.);
#3497=VECTOR('',#14339,10.);
#3498=VECTOR('',#14340,10.);
#3499=VECTOR('',#14341,10.);
#3500=VECTOR('',#14342,10.);
#3501=VECTOR('',#14345,10.);
#3502=VECTOR('',#14346,10.);
#3503=VECTOR('',#14347,10.);
#3504=VECTOR('',#14348,10.);
#3505=VECTOR('',#14351,10.);
#3506=VECTOR('',#14352,10.);
#3507=VECTOR('',#14353,10.);
#3508=VECTOR('',#14354,10.);
#3509=VECTOR('',#14357,10.);
#3510=VECTOR('',#14358,10.);
#3511=VECTOR('',#14359,10.);
#3512=VECTOR('',#14360,10.);
#3513=VECTOR('',#14363,10.);
#3514=VECTOR('',#14364,10.);
#3515=VECTOR('',#14365,10.);
#3516=VECTOR('',#14366,10.);
#3517=VECTOR('',#14369,10.);
#3518=VECTOR('',#14370,10.);
#3519=VECTOR('',#14371,10.);
#3520=VECTOR('',#14372,10.);
#3521=VECTOR('',#14375,10.);
#3522=VECTOR('',#14376,10.);
#3523=VECTOR('',#14377,10.);
#3524=VECTOR('',#14378,10.);
#3525=VECTOR('',#14381,10.);
#3526=VECTOR('',#14382,10.);
#3527=VECTOR('',#14383,10.);
#3528=VECTOR('',#14384,10.);
#3529=VECTOR('',#14387,10.);
#3530=VECTOR('',#14388,10.);
#3531=VECTOR('',#14389,10.);
#3532=VECTOR('',#14390,10.);
#3533=VECTOR('',#14393,10.);
#3534=VECTOR('',#14394,10.);
#3535=VECTOR('',#14395,10.);
#3536=VECTOR('',#14396,10.);
#3537=VECTOR('',#14399,10.);
#3538=VECTOR('',#14400,10.);
#3539=VECTOR('',#14401,10.);
#3540=VECTOR('',#14402,10.);
#3541=VECTOR('',#14405,10.);
#3542=VECTOR('',#14406,10.);
#3543=VECTOR('',#14407,10.);
#3544=VECTOR('',#14408,10.);
#3545=VECTOR('',#14411,10.);
#3546=VECTOR('',#14412,10.);
#3547=VECTOR('',#14413,10.);
#3548=VECTOR('',#14414,10.);
#3549=VECTOR('',#14417,10.);
#3550=VECTOR('',#14418,10.);
#3551=VECTOR('',#14419,10.);
#3552=VECTOR('',#14420,10.);
#3553=VECTOR('',#14423,10.);
#3554=VECTOR('',#14424,10.);
#3555=VECTOR('',#14425,10.);
#3556=VECTOR('',#14426,10.);
#3557=VECTOR('',#14429,10.);
#3558=VECTOR('',#14430,10.);
#3559=VECTOR('',#14431,10.);
#3560=VECTOR('',#14432,10.);
#3561=VECTOR('',#14435,10.);
#3562=VECTOR('',#14436,10.);
#3563=VECTOR('',#14437,10.);
#3564=VECTOR('',#14438,10.);
#3565=VECTOR('',#14441,10.);
#3566=VECTOR('',#14442,10.);
#3567=VECTOR('',#14443,10.);
#3568=VECTOR('',#14444,10.);
#3569=VECTOR('',#14447,10.);
#3570=VECTOR('',#14448,10.);
#3571=VECTOR('',#14449,10.);
#3572=VECTOR('',#14450,10.);
#3573=VECTOR('',#14453,10.);
#3574=VECTOR('',#14454,10.);
#3575=VECTOR('',#14455,10.);
#3576=VECTOR('',#14456,10.);
#3577=VECTOR('',#14459,10.);
#3578=VECTOR('',#14460,10.);
#3579=VECTOR('',#14461,10.);
#3580=VECTOR('',#14462,10.);
#3581=VECTOR('',#14465,10.);
#3582=VECTOR('',#14466,10.);
#3583=VECTOR('',#14467,10.);
#3584=VECTOR('',#14468,10.);
#3585=VECTOR('',#14471,10.);
#3586=VECTOR('',#14474,10.);
#3587=VECTOR('',#14479,10.);
#3588=VECTOR('',#14482,10.);
#3589=VECTOR('',#14487,10.);
#3590=VECTOR('',#14490,10.);
#3591=VECTOR('',#14495,10.);
#3592=VECTOR('',#14498,10.);
#3593=VECTOR('',#14503,10.);
#3594=VECTOR('',#14506,10.);
#3595=VECTOR('',#14511,10.);
#3596=VECTOR('',#14514,10.);
#3597=VECTOR('',#14519,10.);
#3598=VECTOR('',#14522,10.);
#3599=VECTOR('',#14527,10.);
#3600=VECTOR('',#14530,10.);
#3601=VECTOR('',#14535,10.);
#3602=VECTOR('',#14538,10.);
#3603=VECTOR('',#14543,10.);
#3604=VECTOR('',#14546,10.);
#3605=VECTOR('',#14551,10.);
#3606=VECTOR('',#14554,10.);
#3607=VECTOR('',#14559,10.);
#3608=VECTOR('',#14562,10.);
#3609=VECTOR('',#14567,10.);
#3610=VECTOR('',#14570,10.);
#3611=VECTOR('',#14575,10.);
#3612=VECTOR('',#14578,10.);
#3613=VECTOR('',#14583,10.);
#3614=VECTOR('',#14586,10.);
#3615=VECTOR('',#14591,10.);
#3616=VECTOR('',#14594,10.);
#3617=VECTOR('',#14599,10.);
#3618=VECTOR('',#14602,10.);
#3619=VECTOR('',#14607,10.);
#3620=VECTOR('',#14610,10.);
#3621=VECTOR('',#14615,10.);
#3622=VECTOR('',#14618,10.);
#3623=VECTOR('',#14623,10.);
#3624=VECTOR('',#14626,10.);
#3625=VECTOR('',#14631,10.);
#3626=VECTOR('',#14634,10.);
#3627=VECTOR('',#14639,10.);
#3628=VECTOR('',#14642,10.);
#3629=VECTOR('',#14647,10.);
#3630=VECTOR('',#14650,10.);
#3631=VECTOR('',#14655,10.);
#3632=VECTOR('',#14658,10.);
#3633=VECTOR('',#14663,10.);
#3634=VECTOR('',#14666,10.);
#3635=VECTOR('',#14671,10.);
#3636=VECTOR('',#14674,10.);
#3637=VECTOR('',#14679,10.);
#3638=VECTOR('',#14682,10.);
#3639=VECTOR('',#14687,10.);
#3640=VECTOR('',#14690,10.);
#3641=VECTOR('',#14695,10.);
#3642=VECTOR('',#14698,10.);
#3643=VECTOR('',#14703,10.);
#3644=VECTOR('',#14706,10.);
#3645=VECTOR('',#14711,10.);
#3646=VECTOR('',#14714,10.);
#3647=VECTOR('',#14719,10.);
#3648=VECTOR('',#14722,10.);
#3649=VECTOR('',#14727,10.);
#3650=VECTOR('',#14730,10.);
#3651=VECTOR('',#14735,10.);
#3652=VECTOR('',#14738,10.);
#3653=VECTOR('',#14743,10.);
#3654=VECTOR('',#14746,10.);
#3655=VECTOR('',#14751,10.);
#3656=VECTOR('',#14754,10.);
#3657=VECTOR('',#14759,10.);
#3658=VECTOR('',#14762,10.);
#3659=VECTOR('',#14767,10.);
#3660=VECTOR('',#14770,10.);
#3661=VECTOR('',#14775,10.);
#3662=VECTOR('',#14776,10.);
#3663=VECTOR('',#14783,10.);
#3664=VECTOR('',#14786,10.);
#3665=VECTOR('',#14791,10.);
#3666=VECTOR('',#14794,10.);
#3667=VECTOR('',#14799,10.);
#3668=VECTOR('',#14800,10.);
#3669=VECTOR('',#14801,10.);
#3670=VECTOR('',#14802,10.);
#3671=VECTOR('',#14805,10.);
#3672=VECTOR('',#14806,10.);
#3673=VECTOR('',#14807,10.);
#3674=VECTOR('',#14810,10.);
#3675=VECTOR('',#14811,10.);
#3676=VECTOR('',#14812,10.);
#3677=VECTOR('',#14815,10.);
#3678=VECTOR('',#14816,10.);
#3679=VECTOR('',#14819,10.);
#3680=VECTOR('',#14820,10.);
#3681=VECTOR('',#14821,10.);
#3682=VECTOR('',#14824,10.);
#3683=VECTOR('',#14825,10.);
#3684=VECTOR('',#14826,10.);
#3685=VECTOR('',#14829,10.);
#3686=VECTOR('',#14830,10.);
#3687=VECTOR('',#14833,10.);
#3688=VECTOR('',#14834,10.);
#3689=VECTOR('',#14835,10.);
#3690=VECTOR('',#14838,10.);
#3691=VECTOR('',#14839,10.);
#3692=VECTOR('',#14840,10.);
#3693=VECTOR('',#14843,10.);
#3694=VECTOR('',#14844,10.);
#3695=VECTOR('',#14847,10.);
#3696=VECTOR('',#14848,10.);
#3697=VECTOR('',#14849,10.);
#3698=VECTOR('',#14852,10.);
#3699=VECTOR('',#14853,10.);
#3700=VECTOR('',#14854,10.);
#3701=VECTOR('',#14857,10.);
#3702=VECTOR('',#14858,10.);
#3703=VECTOR('',#14861,10.);
#3704=VECTOR('',#14862,10.);
#3705=VECTOR('',#14863,10.);
#3706=VECTOR('',#14866,10.);
#3707=VECTOR('',#14867,10.);
#3708=VECTOR('',#14868,10.);
#3709=VECTOR('',#14871,10.);
#3710=VECTOR('',#14872,10.);
#3711=VECTOR('',#14875,10.);
#3712=VECTOR('',#14876,10.);
#3713=VECTOR('',#14877,10.);
#3714=VECTOR('',#14880,10.);
#3715=VECTOR('',#14881,10.);
#3716=VECTOR('',#14882,10.);
#3717=VECTOR('',#14885,10.);
#3718=VECTOR('',#14886,10.);
#3719=VECTOR('',#14889,10.);
#3720=VECTOR('',#14890,10.);
#3721=VECTOR('',#14891,10.);
#3722=VECTOR('',#14894,10.);
#3723=VECTOR('',#14895,10.);
#3724=VECTOR('',#14896,10.);
#3725=VECTOR('',#14899,10.);
#3726=VECTOR('',#14900,10.);
#3727=VECTOR('',#14903,10.);
#3728=VECTOR('',#14904,10.);
#3729=VECTOR('',#14905,10.);
#3730=VECTOR('',#14908,10.);
#3731=VECTOR('',#14909,10.);
#3732=VECTOR('',#14910,10.);
#3733=VECTOR('',#14913,10.);
#3734=VECTOR('',#14914,10.);
#3735=VECTOR('',#14917,10.);
#3736=VECTOR('',#14918,10.);
#3737=VECTOR('',#14919,10.);
#3738=VECTOR('',#14922,10.);
#3739=VECTOR('',#14923,10.);
#3740=VECTOR('',#14924,10.);
#3741=VECTOR('',#14927,10.);
#3742=VECTOR('',#14928,10.);
#3743=VECTOR('',#14931,10.);
#3744=VECTOR('',#14932,10.);
#3745=VECTOR('',#14933,10.);
#3746=VECTOR('',#14936,10.);
#3747=VECTOR('',#14937,10.);
#3748=VECTOR('',#14938,10.);
#3749=VECTOR('',#14941,10.);
#3750=VECTOR('',#14942,10.);
#3751=VECTOR('',#14945,10.);
#3752=VECTOR('',#14946,10.);
#3753=VECTOR('',#14947,10.);
#3754=VECTOR('',#14950,10.);
#3755=VECTOR('',#14951,10.);
#3756=VECTOR('',#14952,10.);
#3757=VECTOR('',#14955,10.);
#3758=VECTOR('',#14956,10.);
#3759=VECTOR('',#14959,10.);
#3760=VECTOR('',#14960,10.);
#3761=VECTOR('',#14961,10.);
#3762=VECTOR('',#14964,10.);
#3763=VECTOR('',#14965,10.);
#3764=VECTOR('',#14966,10.);
#3765=VECTOR('',#14969,10.);
#3766=VECTOR('',#14970,10.);
#3767=VECTOR('',#14973,10.);
#3768=VECTOR('',#14974,10.);
#3769=VECTOR('',#14975,10.);
#3770=VECTOR('',#14978,10.);
#3771=VECTOR('',#14979,10.);
#3772=VECTOR('',#14980,10.);
#3773=VECTOR('',#14983,10.);
#3774=VECTOR('',#14984,10.);
#3775=VECTOR('',#14987,10.);
#3776=VECTOR('',#14988,10.);
#3777=VECTOR('',#14989,10.);
#3778=VECTOR('',#14992,10.);
#3779=VECTOR('',#14993,10.);
#3780=VECTOR('',#14994,10.);
#3781=VECTOR('',#14997,10.);
#3782=VECTOR('',#14998,10.);
#3783=VECTOR('',#15001,10.);
#3784=VECTOR('',#15002,10.);
#3785=VECTOR('',#15003,10.);
#3786=VECTOR('',#15006,10.);
#3787=VECTOR('',#15007,10.);
#3788=VECTOR('',#15008,10.);
#3789=VECTOR('',#15011,10.);
#3790=VECTOR('',#15012,10.);
#3791=VECTOR('',#15015,10.);
#3792=VECTOR('',#15016,10.);
#3793=VECTOR('',#15017,10.);
#3794=VECTOR('',#15020,10.);
#3795=VECTOR('',#15021,10.);
#3796=VECTOR('',#15022,10.);
#3797=VECTOR('',#15025,10.);
#3798=VECTOR('',#15026,10.);
#3799=VECTOR('',#15029,10.);
#3800=VECTOR('',#15030,10.);
#3801=VECTOR('',#15031,10.);
#3802=VECTOR('',#15034,10.);
#3803=VECTOR('',#15035,10.);
#3804=VECTOR('',#15036,10.);
#3805=VECTOR('',#15039,10.);
#3806=VECTOR('',#15040,10.);
#3807=VECTOR('',#15043,10.);
#3808=VECTOR('',#15044,10.);
#3809=VECTOR('',#15045,10.);
#3810=VECTOR('',#15048,10.);
#3811=VECTOR('',#15049,10.);
#3812=VECTOR('',#15050,10.);
#3813=VECTOR('',#15053,10.);
#3814=VECTOR('',#15054,10.);
#3815=VECTOR('',#15057,10.);
#3816=VECTOR('',#15058,10.);
#3817=VECTOR('',#15059,10.);
#3818=VECTOR('',#15062,10.);
#3819=VECTOR('',#15063,10.);
#3820=VECTOR('',#15064,10.);
#3821=VECTOR('',#15067,10.);
#3822=VECTOR('',#15068,10.);
#3823=VECTOR('',#15071,10.);
#3824=VECTOR('',#15072,10.);
#3825=VECTOR('',#15073,10.);
#3826=VECTOR('',#15076,10.);
#3827=VECTOR('',#15077,10.);
#3828=VECTOR('',#15078,10.);
#3829=VECTOR('',#15081,10.);
#3830=VECTOR('',#15082,10.);
#3831=VECTOR('',#15085,10.);
#3832=VECTOR('',#15086,10.);
#3833=VECTOR('',#15087,10.);
#3834=VECTOR('',#15090,10.);
#3835=VECTOR('',#15091,10.);
#3836=VECTOR('',#15092,10.);
#3837=VECTOR('',#15095,10.);
#3838=VECTOR('',#15096,10.);
#3839=VECTOR('',#15099,10.);
#3840=VECTOR('',#15100,10.);
#3841=VECTOR('',#15101,10.);
#3842=VECTOR('',#15104,10.);
#3843=VECTOR('',#15105,10.);
#3844=VECTOR('',#15106,10.);
#3845=VECTOR('',#15109,10.);
#3846=VECTOR('',#15110,10.);
#3847=VECTOR('',#15113,10.);
#3848=VECTOR('',#15114,10.);
#3849=VECTOR('',#15115,10.);
#3850=VECTOR('',#15118,10.);
#3851=VECTOR('',#15119,10.);
#3852=VECTOR('',#15120,10.);
#3853=VECTOR('',#15123,10.);
#3854=VECTOR('',#15124,10.);
#3855=VECTOR('',#15127,10.);
#3856=VECTOR('',#15128,10.);
#3857=VECTOR('',#15129,10.);
#3858=VECTOR('',#15132,10.);
#3859=VECTOR('',#15133,10.);
#3860=VECTOR('',#15134,10.);
#3861=VECTOR('',#15137,10.);
#3862=VECTOR('',#15138,10.);
#3863=VECTOR('',#15141,10.);
#3864=VECTOR('',#15142,10.);
#3865=VECTOR('',#15143,10.);
#3866=VECTOR('',#15146,10.);
#3867=VECTOR('',#15147,10.);
#3868=VECTOR('',#15148,10.);
#3869=VECTOR('',#15151,10.);
#3870=VECTOR('',#15152,10.);
#3871=VECTOR('',#15155,10.);
#3872=VECTOR('',#15156,10.);
#3873=VECTOR('',#15157,10.);
#3874=VECTOR('',#15160,10.);
#3875=VECTOR('',#15161,10.);
#3876=VECTOR('',#15162,10.);
#3877=VECTOR('',#15165,10.);
#3878=VECTOR('',#15166,10.);
#3879=VECTOR('',#15169,10.);
#3880=VECTOR('',#15170,10.);
#3881=VECTOR('',#15171,10.);
#3882=VECTOR('',#15174,10.);
#3883=VECTOR('',#15175,10.);
#3884=VECTOR('',#15176,10.);
#3885=VECTOR('',#15179,10.);
#3886=VECTOR('',#15180,10.);
#3887=VECTOR('',#15183,10.);
#3888=VECTOR('',#15184,10.);
#3889=VECTOR('',#15185,10.);
#3890=VECTOR('',#15188,10.);
#3891=VECTOR('',#15189,10.);
#3892=VECTOR('',#15190,10.);
#3893=VECTOR('',#15193,10.);
#3894=VECTOR('',#15194,10.);
#3895=VECTOR('',#15197,10.);
#3896=VECTOR('',#15198,10.);
#3897=VECTOR('',#15199,10.);
#3898=VECTOR('',#15202,10.);
#3899=VECTOR('',#15203,10.);
#3900=VECTOR('',#15204,10.);
#3901=VECTOR('',#15207,10.);
#3902=VECTOR('',#15208,10.);
#3903=VECTOR('',#15211,10.);
#3904=VECTOR('',#15212,10.);
#3905=VECTOR('',#15213,10.);
#3906=VECTOR('',#15216,10.);
#3907=VECTOR('',#15217,10.);
#3908=VECTOR('',#15218,10.);
#3909=VECTOR('',#15221,10.);
#3910=VECTOR('',#15222,10.);
#3911=VECTOR('',#15225,10.);
#3912=VECTOR('',#15226,10.);
#3913=VECTOR('',#15227,10.);
#3914=VECTOR('',#15230,10.);
#3915=VECTOR('',#15231,10.);
#3916=VECTOR('',#15232,10.);
#3917=VECTOR('',#15235,10.);
#3918=VECTOR('',#15236,10.);
#3919=VECTOR('',#15239,10.);
#3920=VECTOR('',#15240,10.);
#3921=VECTOR('',#15241,10.);
#3922=VECTOR('',#15244,10.);
#3923=VECTOR('',#15245,10.);
#3924=VECTOR('',#15246,10.);
#3925=VECTOR('',#15249,10.);
#3926=VECTOR('',#15250,10.);
#3927=VECTOR('',#15253,10.);
#3928=VECTOR('',#15254,10.);
#3929=VECTOR('',#15255,10.);
#3930=VECTOR('',#15258,10.);
#3931=VECTOR('',#15259,10.);
#3932=VECTOR('',#15260,10.);
#3933=VECTOR('',#15263,10.);
#3934=VECTOR('',#15264,10.);
#3935=VECTOR('',#15267,10.);
#3936=VECTOR('',#15268,10.);
#3937=VECTOR('',#15269,10.);
#3938=VECTOR('',#15272,10.);
#3939=VECTOR('',#15273,10.);
#3940=VECTOR('',#15274,10.);
#3941=VECTOR('',#15277,10.);
#3942=VECTOR('',#15278,10.);
#3943=VECTOR('',#15281,10.);
#3944=VECTOR('',#15282,10.);
#3945=VECTOR('',#15283,10.);
#3946=VECTOR('',#15286,10.);
#3947=VECTOR('',#15287,10.);
#3948=VECTOR('',#15288,10.);
#3949=VECTOR('',#15291,10.);
#3950=VECTOR('',#15292,10.);
#3951=VECTOR('',#15295,10.);
#3952=VECTOR('',#15296,10.);
#3953=VECTOR('',#15297,10.);
#3954=VECTOR('',#15300,10.);
#3955=VECTOR('',#15301,10.);
#3956=VECTOR('',#15302,10.);
#3957=VECTOR('',#15305,10.);
#3958=VECTOR('',#15306,10.);
#3959=VECTOR('',#15309,10.);
#3960=VECTOR('',#15310,10.);
#3961=VECTOR('',#15311,10.);
#3962=VECTOR('',#15314,10.);
#3963=VECTOR('',#15315,10.);
#3964=VECTOR('',#15316,10.);
#3965=VECTOR('',#15319,10.);
#3966=VECTOR('',#15320,10.);
#3967=VECTOR('',#15323,10.);
#3968=VECTOR('',#15324,10.);
#3969=VECTOR('',#15325,10.);
#3970=VECTOR('',#15328,10.);
#3971=VECTOR('',#15329,10.);
#3972=VECTOR('',#15330,10.);
#3973=VECTOR('',#15333,10.);
#3974=VECTOR('',#15334,10.);
#3975=VECTOR('',#15337,10.);
#3976=VECTOR('',#15338,10.);
#3977=VECTOR('',#15339,10.);
#3978=VECTOR('',#15342,10.);
#3979=VECTOR('',#15343,10.);
#3980=VECTOR('',#15344,10.);
#3981=VECTOR('',#15347,10.);
#3982=VECTOR('',#15348,10.);
#3983=VECTOR('',#15351,10.);
#3984=VECTOR('',#15352,10.);
#3985=VECTOR('',#15353,10.);
#3986=VECTOR('',#15356,10.);
#3987=VECTOR('',#15357,10.);
#3988=VECTOR('',#15358,10.);
#3989=VECTOR('',#15361,10.);
#3990=VECTOR('',#15362,10.);
#3991=VECTOR('',#15365,10.);
#3992=VECTOR('',#15366,10.);
#3993=VECTOR('',#15367,10.);
#3994=VECTOR('',#15370,10.);
#3995=VECTOR('',#15371,10.);
#3996=VECTOR('',#15372,10.);
#3997=VECTOR('',#15375,10.);
#3998=VECTOR('',#15376,10.);
#3999=VECTOR('',#15379,10.);
#4000=VECTOR('',#15380,10.);
#4001=VECTOR('',#15381,10.);
#4002=VECTOR('',#15384,10.);
#4003=VECTOR('',#15385,10.);
#4004=VECTOR('',#15386,10.);
#4005=VECTOR('',#15389,10.);
#4006=VECTOR('',#15390,10.);
#4007=VECTOR('',#15393,10.);
#4008=VECTOR('',#15394,10.);
#4009=VECTOR('',#15395,10.);
#4010=VECTOR('',#15398,10.);
#4011=VECTOR('',#15399,10.);
#4012=VECTOR('',#15400,10.);
#4013=VECTOR('',#15403,10.);
#4014=VECTOR('',#15404,10.);
#4015=VECTOR('',#15407,10.);
#4016=VECTOR('',#15408,10.);
#4017=VECTOR('',#15409,10.);
#4018=VECTOR('',#15412,10.);
#4019=VECTOR('',#15413,10.);
#4020=VECTOR('',#15414,10.);
#4021=VECTOR('',#15417,10.);
#4022=VECTOR('',#15418,10.);
#4023=VECTOR('',#15421,10.);
#4024=VECTOR('',#15422,10.);
#4025=VECTOR('',#15423,10.);
#4026=VECTOR('',#15426,10.);
#4027=VECTOR('',#15427,10.);
#4028=VECTOR('',#15428,10.);
#4029=VECTOR('',#15431,10.);
#4030=VECTOR('',#15432,10.);
#4031=VECTOR('',#15435,10.);
#4032=VECTOR('',#15436,10.);
#4033=VECTOR('',#15437,10.);
#4034=VECTOR('',#15440,10.);
#4035=VECTOR('',#15441,10.);
#4036=VECTOR('',#15442,10.);
#4037=VECTOR('',#15445,10.);
#4038=VECTOR('',#15446,10.);
#4039=VECTOR('',#15449,10.);
#4040=VECTOR('',#15450,10.);
#4041=VECTOR('',#15451,10.);
#4042=VECTOR('',#15454,10.);
#4043=VECTOR('',#15455,10.);
#4044=VECTOR('',#15456,10.);
#4045=VECTOR('',#15459,10.);
#4046=VECTOR('',#15460,10.);
#4047=VECTOR('',#15463,10.);
#4048=VECTOR('',#15464,10.);
#4049=VECTOR('',#15465,10.);
#4050=VECTOR('',#15468,10.);
#4051=VECTOR('',#15469,10.);
#4052=VECTOR('',#15470,10.);
#4053=VECTOR('',#15473,10.);
#4054=VECTOR('',#15474,10.);
#4055=VECTOR('',#15477,10.);
#4056=VECTOR('',#15478,10.);
#4057=VECTOR('',#15479,10.);
#4058=VECTOR('',#15482,10.);
#4059=VECTOR('',#15483,10.);
#4060=VECTOR('',#15484,10.);
#4061=VECTOR('',#15487,10.);
#4062=VECTOR('',#15488,10.);
#4063=VECTOR('',#15491,10.);
#4064=VECTOR('',#15492,10.);
#4065=VECTOR('',#15493,10.);
#4066=VECTOR('',#15496,10.);
#4067=VECTOR('',#15497,10.);
#4068=VECTOR('',#15498,10.);
#4069=VECTOR('',#15501,10.);
#4070=VECTOR('',#15502,10.);
#4071=VECTOR('',#15505,10.);
#4072=VECTOR('',#15506,10.);
#4073=VECTOR('',#15507,10.);
#4074=VECTOR('',#15510,10.);
#4075=VECTOR('',#15511,10.);
#4076=VECTOR('',#15512,10.);
#4077=VECTOR('',#15515,10.);
#4078=VECTOR('',#15516,10.);
#4079=VECTOR('',#15519,10.);
#4080=VECTOR('',#15520,10.);
#4081=VECTOR('',#15521,10.);
#4082=VECTOR('',#15524,10.);
#4083=VECTOR('',#15525,10.);
#4084=VECTOR('',#15526,10.);
#4085=VECTOR('',#15529,10.);
#4086=VECTOR('',#15530,10.);
#4087=VECTOR('',#15533,10.);
#4088=VECTOR('',#15534,10.);
#4089=VECTOR('',#15535,10.);
#4090=VECTOR('',#15538,10.);
#4091=VECTOR('',#15539,10.);
#4092=VECTOR('',#15540,10.);
#4093=VECTOR('',#15543,10.);
#4094=VECTOR('',#15544,10.);
#4095=VECTOR('',#15547,10.);
#4096=VECTOR('',#15548,10.);
#4097=VECTOR('',#15549,10.);
#4098=VECTOR('',#15552,10.);
#4099=VECTOR('',#15553,10.);
#4100=VECTOR('',#15554,10.);
#4101=VECTOR('',#15557,10.);
#4102=VECTOR('',#15558,10.);
#4103=VECTOR('',#15561,10.);
#4104=VECTOR('',#15562,10.);
#4105=VECTOR('',#15563,10.);
#4106=VECTOR('',#15566,10.);
#4107=VECTOR('',#15567,10.);
#4108=VECTOR('',#15568,10.);
#4109=VECTOR('',#15571,10.);
#4110=VECTOR('',#15572,10.);
#4111=VECTOR('',#15575,10.);
#4112=VECTOR('',#15576,10.);
#4113=VECTOR('',#15577,10.);
#4114=VECTOR('',#15580,10.);
#4115=VECTOR('',#15581,10.);
#4116=VECTOR('',#15582,10.);
#4117=VECTOR('',#15585,10.);
#4118=VECTOR('',#15586,10.);
#4119=VECTOR('',#15589,10.);
#4120=VECTOR('',#15590,10.);
#4121=VECTOR('',#15591,10.);
#4122=VECTOR('',#15594,10.);
#4123=VECTOR('',#15595,10.);
#4124=VECTOR('',#15596,10.);
#4125=VECTOR('',#15599,10.);
#4126=VECTOR('',#15600,10.);
#4127=VECTOR('',#15603,10.);
#4128=VECTOR('',#15604,10.);
#4129=VECTOR('',#15605,10.);
#4130=VECTOR('',#15608,10.);
#4131=VECTOR('',#15609,10.);
#4132=VECTOR('',#15610,10.);
#4133=VECTOR('',#15613,10.);
#4134=VECTOR('',#15614,10.);
#4135=VECTOR('',#15617,10.);
#4136=VECTOR('',#15618,10.);
#4137=VECTOR('',#15619,10.);
#4138=VECTOR('',#15622,10.);
#4139=VECTOR('',#15623,10.);
#4140=VECTOR('',#15624,10.);
#4141=VECTOR('',#15627,10.);
#4142=VECTOR('',#15628,10.);
#4143=VECTOR('',#15631,10.);
#4144=VECTOR('',#15632,10.);
#4145=VECTOR('',#15633,10.);
#4146=VECTOR('',#15636,10.);
#4147=VECTOR('',#15637,10.);
#4148=VECTOR('',#15638,10.);
#4149=VECTOR('',#15641,10.);
#4150=VECTOR('',#15642,10.);
#4151=VECTOR('',#15645,10.);
#4152=VECTOR('',#15646,10.);
#4153=VECTOR('',#15647,10.);
#4154=VECTOR('',#15650,10.);
#4155=VECTOR('',#15651,10.);
#4156=VECTOR('',#15652,10.);
#4157=VECTOR('',#15655,10.);
#4158=VECTOR('',#15656,10.);
#4159=VECTOR('',#15659,10.);
#4160=VECTOR('',#15660,10.);
#4161=VECTOR('',#15661,10.);
#4162=VECTOR('',#15664,10.);
#4163=VECTOR('',#15665,10.);
#4164=VECTOR('',#15666,10.);
#4165=VECTOR('',#15669,10.);
#4166=VECTOR('',#15670,10.);
#4167=VECTOR('',#15673,10.);
#4168=VECTOR('',#15674,10.);
#4169=VECTOR('',#15675,10.);
#4170=VECTOR('',#15678,10.);
#4171=VECTOR('',#15679,10.);
#4172=VECTOR('',#15680,10.);
#4173=VECTOR('',#15683,10.);
#4174=VECTOR('',#15684,10.);
#4175=VECTOR('',#15687,10.);
#4176=VECTOR('',#15688,10.);
#4177=VECTOR('',#15689,10.);
#4178=VECTOR('',#15692,10.);
#4179=VECTOR('',#15693,10.);
#4180=VECTOR('',#15694,10.);
#4181=VECTOR('',#15697,10.);
#4182=VECTOR('',#15698,10.);
#4183=VECTOR('',#15701,10.);
#4184=VECTOR('',#15702,10.);
#4185=VECTOR('',#15703,10.);
#4186=VECTOR('',#15706,10.);
#4187=VECTOR('',#15707,10.);
#4188=VECTOR('',#15708,10.);
#4189=VECTOR('',#15711,10.);
#4190=VECTOR('',#15712,10.);
#4191=VECTOR('',#15715,10.);
#4192=VECTOR('',#15716,10.);
#4193=VECTOR('',#15717,10.);
#4194=VECTOR('',#15720,10.);
#4195=VECTOR('',#15721,10.);
#4196=VECTOR('',#15722,10.);
#4197=VECTOR('',#15725,10.);
#4198=VECTOR('',#15726,10.);
#4199=VECTOR('',#15729,10.);
#4200=VECTOR('',#15730,10.);
#4201=VECTOR('',#15731,10.);
#4202=VECTOR('',#15734,10.);
#4203=VECTOR('',#15735,10.);
#4204=VECTOR('',#15736,10.);
#4205=VECTOR('',#15739,10.);
#4206=VECTOR('',#15740,10.);
#4207=VECTOR('',#15743,10.);
#4208=VECTOR('',#15744,10.);
#4209=VECTOR('',#15745,10.);
#4210=VECTOR('',#15748,10.);
#4211=VECTOR('',#15749,10.);
#4212=VECTOR('',#15750,10.);
#4213=VECTOR('',#15753,10.);
#4214=VECTOR('',#15754,10.);
#4215=VECTOR('',#15757,10.);
#4216=VECTOR('',#15758,10.);
#4217=VECTOR('',#15759,10.);
#4218=VECTOR('',#15762,10.);
#4219=VECTOR('',#15763,10.);
#4220=VECTOR('',#15764,10.);
#4221=VECTOR('',#15767,10.);
#4222=VECTOR('',#15768,10.);
#4223=VECTOR('',#15771,10.);
#4224=VECTOR('',#15772,10.);
#4225=VECTOR('',#15773,10.);
#4226=VECTOR('',#15776,10.);
#4227=VECTOR('',#15777,10.);
#4228=VECTOR('',#15778,10.);
#4229=VECTOR('',#15781,10.);
#4230=VECTOR('',#15782,10.);
#4231=VECTOR('',#15785,10.);
#4232=VECTOR('',#15786,10.);
#4233=VECTOR('',#15787,10.);
#4234=VECTOR('',#15790,10.);
#4235=VECTOR('',#15791,10.);
#4236=VECTOR('',#15792,10.);
#4237=VECTOR('',#15795,10.);
#4238=VECTOR('',#15796,10.);
#4239=VECTOR('',#15799,10.);
#4240=VECTOR('',#15800,10.);
#4241=VECTOR('',#15801,10.);
#4242=VECTOR('',#15804,10.);
#4243=VECTOR('',#15805,10.);
#4244=VECTOR('',#15806,10.);
#4245=VECTOR('',#15809,10.);
#4246=VECTOR('',#15810,10.);
#4247=VECTOR('',#15813,10.);
#4248=VECTOR('',#15814,10.);
#4249=VECTOR('',#15815,10.);
#4250=VECTOR('',#15818,10.);
#4251=VECTOR('',#15819,10.);
#4252=VECTOR('',#15820,10.);
#4253=VECTOR('',#15823,10.);
#4254=VECTOR('',#15824,10.);
#4255=VECTOR('',#15827,10.);
#4256=VECTOR('',#15828,10.);
#4257=VECTOR('',#15829,10.);
#4258=VECTOR('',#15832,10.);
#4259=VECTOR('',#15833,10.);
#4260=VECTOR('',#15834,10.);
#4261=VECTOR('',#15837,10.);
#4262=VECTOR('',#15838,10.);
#4263=VECTOR('',#15841,10.);
#4264=VECTOR('',#15842,10.);
#4265=VECTOR('',#15843,10.);
#4266=VECTOR('',#15846,10.);
#4267=VECTOR('',#15847,10.);
#4268=VECTOR('',#15848,10.);
#4269=VECTOR('',#15851,10.);
#4270=VECTOR('',#15852,10.);
#4271=VECTOR('',#15855,10.);
#4272=VECTOR('',#15856,10.);
#4273=VECTOR('',#15857,10.);
#4274=VECTOR('',#15860,10.);
#4275=VECTOR('',#15861,10.);
#4276=VECTOR('',#15862,10.);
#4277=VECTOR('',#15865,10.);
#4278=VECTOR('',#15866,10.);
#4279=VECTOR('',#15869,10.);
#4280=VECTOR('',#15870,10.);
#4281=VECTOR('',#15871,10.);
#4282=VECTOR('',#15874,10.);
#4283=VECTOR('',#15875,10.);
#4284=VECTOR('',#15876,10.);
#4285=VECTOR('',#15879,10.);
#4286=VECTOR('',#15880,10.);
#4287=VECTOR('',#15883,10.);
#4288=VECTOR('',#15884,10.);
#4289=VECTOR('',#15885,10.);
#4290=VECTOR('',#15888,10.);
#4291=VECTOR('',#15889,10.);
#4292=VECTOR('',#15890,10.);
#4293=VECTOR('',#15893,10.);
#4294=VECTOR('',#15894,10.);
#4295=VECTOR('',#15897,10.);
#4296=VECTOR('',#15898,10.);
#4297=VECTOR('',#15899,10.);
#4298=VECTOR('',#15902,10.);
#4299=VECTOR('',#15903,10.);
#4300=VECTOR('',#15904,10.);
#4301=VECTOR('',#15907,10.);
#4302=VECTOR('',#15908,10.);
#4303=VECTOR('',#15911,10.);
#4304=VECTOR('',#15912,10.);
#4305=VECTOR('',#15913,10.);
#4306=VECTOR('',#15916,10.);
#4307=VECTOR('',#15917,10.);
#4308=VECTOR('',#15918,10.);
#4309=VECTOR('',#15921,10.);
#4310=VECTOR('',#15922,10.);
#4311=VECTOR('',#15925,10.);
#4312=VECTOR('',#15926,10.);
#4313=VECTOR('',#15927,10.);
#4314=VECTOR('',#15930,10.);
#4315=VECTOR('',#15931,10.);
#4316=VECTOR('',#15932,10.);
#4317=VECTOR('',#15935,10.);
#4318=VECTOR('',#15936,10.);
#4319=VECTOR('',#15939,10.);
#4320=VECTOR('',#15940,10.);
#4321=VECTOR('',#15941,10.);
#4322=VECTOR('',#15944,10.);
#4323=VECTOR('',#15945,10.);
#4324=VECTOR('',#15946,10.);
#4325=VECTOR('',#15949,10.);
#4326=VECTOR('',#15950,10.);
#4327=VECTOR('',#15953,10.);
#4328=VECTOR('',#15954,10.);
#4329=VECTOR('',#15955,10.);
#4330=VECTOR('',#15958,10.);
#4331=VECTOR('',#15959,10.);
#4332=VECTOR('',#15960,10.);
#4333=VECTOR('',#15963,10.);
#4334=VECTOR('',#15964,10.);
#4335=VECTOR('',#15967,10.);
#4336=VECTOR('',#15968,10.);
#4337=VECTOR('',#15969,10.);
#4338=VECTOR('',#15972,10.);
#4339=VECTOR('',#15973,10.);
#4340=VECTOR('',#15974,10.);
#4341=VECTOR('',#15977,10.);
#4342=VECTOR('',#15978,10.);
#4343=VECTOR('',#15981,10.);
#4344=VECTOR('',#15982,10.);
#4345=VECTOR('',#15983,10.);
#4346=VECTOR('',#15986,10.);
#4347=VECTOR('',#15987,10.);
#4348=VECTOR('',#15988,10.);
#4349=VECTOR('',#15991,10.);
#4350=VECTOR('',#15992,10.);
#4351=VECTOR('',#15995,10.);
#4352=VECTOR('',#15996,10.);
#4353=VECTOR('',#15997,10.);
#4354=VECTOR('',#16000,10.);
#4355=VECTOR('',#16001,10.);
#4356=VECTOR('',#16002,10.);
#4357=VECTOR('',#16005,10.);
#4358=VECTOR('',#16006,10.);
#4359=VECTOR('',#16009,10.);
#4360=VECTOR('',#16010,10.);
#4361=VECTOR('',#16011,10.);
#4362=VECTOR('',#16014,10.);
#4363=VECTOR('',#16015,10.);
#4364=VECTOR('',#16016,10.);
#4365=VECTOR('',#16019,10.);
#4366=VECTOR('',#16020,10.);
#4367=VECTOR('',#16023,10.);
#4368=VECTOR('',#16024,10.);
#4369=VECTOR('',#16025,10.);
#4370=VECTOR('',#16028,10.);
#4371=VECTOR('',#16029,10.);
#4372=VECTOR('',#16030,10.);
#4373=VECTOR('',#16033,10.);
#4374=VECTOR('',#16034,10.);
#4375=VECTOR('',#16037,10.);
#4376=VECTOR('',#16038,10.);
#4377=VECTOR('',#16039,10.);
#4378=VECTOR('',#16042,10.);
#4379=VECTOR('',#16043,10.);
#4380=VECTOR('',#16044,10.);
#4381=VECTOR('',#16047,10.);
#4382=VECTOR('',#16048,10.);
#4383=VECTOR('',#16051,10.);
#4384=VECTOR('',#16052,10.);
#4385=VECTOR('',#16053,10.);
#4386=VECTOR('',#16056,10.);
#4387=VECTOR('',#16057,10.);
#4388=VECTOR('',#16058,10.);
#4389=VECTOR('',#16061,10.);
#4390=VECTOR('',#16062,10.);
#4391=VECTOR('',#16065,10.);
#4392=VECTOR('',#16066,10.);
#4393=VECTOR('',#16067,10.);
#4394=VECTOR('',#16070,10.);
#4395=VECTOR('',#16071,10.);
#4396=VECTOR('',#16072,10.);
#4397=VECTOR('',#16075,10.);
#4398=VECTOR('',#16076,10.);
#4399=VECTOR('',#16079,10.);
#4400=VECTOR('',#16080,10.);
#4401=VECTOR('',#16081,10.);
#4402=VECTOR('',#16084,10.);
#4403=VECTOR('',#16085,10.);
#4404=VECTOR('',#16086,10.);
#4405=VECTOR('',#16089,10.);
#4406=VECTOR('',#16090,10.);
#4407=VECTOR('',#16093,10.);
#4408=VECTOR('',#16094,10.);
#4409=VECTOR('',#16095,10.);
#4410=VECTOR('',#16098,10.);
#4411=VECTOR('',#16099,10.);
#4412=VECTOR('',#16100,10.);
#4413=VECTOR('',#16103,10.);
#4414=VECTOR('',#16104,10.);
#4415=VECTOR('',#16107,10.);
#4416=VECTOR('',#16108,10.);
#4417=VECTOR('',#16109,10.);
#4418=VECTOR('',#16112,10.);
#4419=VECTOR('',#16113,10.);
#4420=VECTOR('',#16114,10.);
#4421=VECTOR('',#16117,10.);
#4422=VECTOR('',#16118,10.);
#4423=VECTOR('',#16121,10.);
#4424=VECTOR('',#16122,10.);
#4425=VECTOR('',#16123,10.);
#4426=VECTOR('',#16126,10.);
#4427=VECTOR('',#16127,10.);
#4428=VECTOR('',#16128,10.);
#4429=VECTOR('',#16131,10.);
#4430=VECTOR('',#16132,10.);
#4431=VECTOR('',#16135,10.);
#4432=VECTOR('',#16136,10.);
#4433=VECTOR('',#16137,10.);
#4434=VECTOR('',#16140,10.);
#4435=VECTOR('',#16141,10.);
#4436=VECTOR('',#16142,10.);
#4437=VECTOR('',#16145,10.);
#4438=VECTOR('',#16146,10.);
#4439=VECTOR('',#16149,10.);
#4440=VECTOR('',#16150,10.);
#4441=VECTOR('',#16151,10.);
#4442=VECTOR('',#16154,10.);
#4443=VECTOR('',#16155,10.);
#4444=VECTOR('',#16156,10.);
#4445=VECTOR('',#16159,10.);
#4446=VECTOR('',#16160,10.);
#4447=VECTOR('',#16163,10.);
#4448=VECTOR('',#16164,10.);
#4449=VECTOR('',#16165,10.);
#4450=VECTOR('',#16168,10.);
#4451=VECTOR('',#16169,10.);
#4452=VECTOR('',#16170,10.);
#4453=VECTOR('',#16173,10.);
#4454=VECTOR('',#16174,10.);
#4455=VECTOR('',#16177,10.);
#4456=VECTOR('',#16178,10.);
#4457=VECTOR('',#16179,10.);
#4458=VECTOR('',#16182,10.);
#4459=VECTOR('',#16183,10.);
#4460=VECTOR('',#16184,10.);
#4461=VECTOR('',#16187,10.);
#4462=VECTOR('',#16188,10.);
#4463=VECTOR('',#16191,10.);
#4464=VECTOR('',#16192,10.);
#4465=VECTOR('',#16193,10.);
#4466=VECTOR('',#16196,10.);
#4467=VECTOR('',#16197,10.);
#4468=VECTOR('',#16198,10.);
#4469=VECTOR('',#16201,10.);
#4470=VECTOR('',#16202,10.);
#4471=VECTOR('',#16205,10.);
#4472=VECTOR('',#16206,10.);
#4473=VECTOR('',#16207,10.);
#4474=VECTOR('',#16210,10.);
#4475=VECTOR('',#16211,10.);
#4476=VECTOR('',#16212,10.);
#4477=VECTOR('',#16215,10.);
#4478=VECTOR('',#16216,10.);
#4479=VECTOR('',#16219,10.);
#4480=VECTOR('',#16220,10.);
#4481=VECTOR('',#16221,10.);
#4482=VECTOR('',#16224,10.);
#4483=VECTOR('',#16225,10.);
#4484=VECTOR('',#16226,10.);
#4485=VECTOR('',#16229,10.);
#4486=VECTOR('',#16230,10.);
#4487=VECTOR('',#16233,10.);
#4488=VECTOR('',#16234,10.);
#4489=VECTOR('',#16235,10.);
#4490=VECTOR('',#16238,10.);
#4491=VECTOR('',#16239,10.);
#4492=VECTOR('',#16240,10.);
#4493=VECTOR('',#16243,10.);
#4494=VECTOR('',#16244,10.);
#4495=VECTOR('',#16247,10.);
#4496=VECTOR('',#16248,10.);
#4497=VECTOR('',#16249,10.);
#4498=VECTOR('',#16252,10.);
#4499=VECTOR('',#16253,10.);
#4500=VECTOR('',#16254,10.);
#4501=VECTOR('',#16257,10.);
#4502=VECTOR('',#16258,10.);
#4503=VECTOR('',#16261,10.);
#4504=VECTOR('',#16262,10.);
#4505=VECTOR('',#16263,10.);
#4506=VECTOR('',#16266,10.);
#4507=VECTOR('',#16267,10.);
#4508=VECTOR('',#16268,10.);
#4509=VECTOR('',#16271,10.);
#4510=VECTOR('',#16272,10.);
#4511=VECTOR('',#16275,10.);
#4512=VECTOR('',#16276,10.);
#4513=VECTOR('',#16277,10.);
#4514=VECTOR('',#16280,10.);
#4515=VECTOR('',#16281,10.);
#4516=VECTOR('',#16282,10.);
#4517=VECTOR('',#16285,10.);
#4518=VECTOR('',#16286,10.);
#4519=VECTOR('',#16289,10.);
#4520=VECTOR('',#16290,10.);
#4521=VECTOR('',#16291,10.);
#4522=VECTOR('',#16294,10.);
#4523=VECTOR('',#16295,10.);
#4524=VECTOR('',#16296,10.);
#4525=VECTOR('',#16299,10.);
#4526=VECTOR('',#16300,10.);
#4527=VECTOR('',#16303,10.);
#4528=VECTOR('',#16304,10.);
#4529=VECTOR('',#16305,10.);
#4530=VECTOR('',#16308,10.);
#4531=VECTOR('',#16309,10.);
#4532=VECTOR('',#16310,10.);
#4533=VECTOR('',#16313,10.);
#4534=VECTOR('',#16314,10.);
#4535=VECTOR('',#16317,10.);
#4536=VECTOR('',#16318,10.);
#4537=VECTOR('',#16319,10.);
#4538=VECTOR('',#16322,10.);
#4539=VECTOR('',#16323,10.);
#4540=VECTOR('',#16324,10.);
#4541=VECTOR('',#16327,10.);
#4542=VECTOR('',#16328,10.);
#4543=VECTOR('',#16331,10.);
#4544=VECTOR('',#16332,10.);
#4545=VECTOR('',#16333,10.);
#4546=VECTOR('',#16336,10.);
#4547=VECTOR('',#16337,10.);
#4548=VECTOR('',#16338,10.);
#4549=VECTOR('',#16341,10.);
#4550=VECTOR('',#16342,10.);
#4551=VECTOR('',#16345,10.);
#4552=VECTOR('',#16346,10.);
#4553=VECTOR('',#16347,10.);
#4554=VECTOR('',#16350,10.);
#4555=VECTOR('',#16351,10.);
#4556=VECTOR('',#16352,10.);
#4557=VECTOR('',#16355,10.);
#4558=VECTOR('',#16356,10.);
#4559=VECTOR('',#16359,10.);
#4560=VECTOR('',#16360,10.);
#4561=VECTOR('',#16361,10.);
#4562=VECTOR('',#16364,10.);
#4563=VECTOR('',#16365,10.);
#4564=VECTOR('',#16366,10.);
#4565=VECTOR('',#16369,10.);
#4566=VECTOR('',#16370,10.);
#4567=VECTOR('',#16373,10.);
#4568=VECTOR('',#16374,10.);
#4569=VECTOR('',#16375,10.);
#4570=VECTOR('',#16378,10.);
#4571=VECTOR('',#16379,10.);
#4572=VECTOR('',#16380,10.);
#4573=VECTOR('',#16383,10.);
#4574=VECTOR('',#16384,10.);
#4575=VECTOR('',#16387,10.);
#4576=VECTOR('',#16388,10.);
#4577=VECTOR('',#16389,10.);
#4578=VECTOR('',#16392,10.);
#4579=VECTOR('',#16393,10.);
#4580=VECTOR('',#16394,10.);
#4581=VECTOR('',#16397,10.);
#4582=VECTOR('',#16398,10.);
#4583=VECTOR('',#16401,10.);
#4584=VECTOR('',#16402,10.);
#4585=VECTOR('',#16403,10.);
#4586=VECTOR('',#16406,10.);
#4587=VECTOR('',#16407,10.);
#4588=VECTOR('',#16408,10.);
#4589=VECTOR('',#16411,10.);
#4590=VECTOR('',#16412,10.);
#4591=VECTOR('',#16415,10.);
#4592=VECTOR('',#16416,10.);
#4593=VECTOR('',#16417,10.);
#4594=VECTOR('',#16420,10.);
#4595=VECTOR('',#16421,10.);
#4596=VECTOR('',#16422,10.);
#4597=VECTOR('',#16425,10.);
#4598=VECTOR('',#16426,10.);
#4599=VECTOR('',#16429,10.);
#4600=VECTOR('',#16430,10.);
#4601=VECTOR('',#16431,10.);
#4602=VECTOR('',#16434,10.);
#4603=VECTOR('',#16435,10.);
#4604=VECTOR('',#16436,10.);
#4605=VECTOR('',#16439,10.);
#4606=VECTOR('',#16440,10.);
#4607=VECTOR('',#16443,10.);
#4608=VECTOR('',#16444,10.);
#4609=VECTOR('',#16445,10.);
#4610=VECTOR('',#16448,10.);
#4611=VECTOR('',#16449,10.);
#4612=VECTOR('',#16450,10.);
#4613=VECTOR('',#16453,10.);
#4614=VECTOR('',#16454,10.);
#4615=VECTOR('',#16457,10.);
#4616=VECTOR('',#16458,10.);
#4617=VECTOR('',#16459,10.);
#4618=VECTOR('',#16462,10.);
#4619=VECTOR('',#16463,10.);
#4620=VECTOR('',#16464,10.);
#4621=VECTOR('',#16467,10.);
#4622=VECTOR('',#16468,10.);
#4623=VECTOR('',#16471,10.);
#4624=VECTOR('',#16472,10.);
#4625=VECTOR('',#16473,10.);
#4626=VECTOR('',#16476,10.);
#4627=VECTOR('',#16477,10.);
#4628=VECTOR('',#16478,10.);
#4629=VECTOR('',#16481,10.);
#4630=VECTOR('',#16482,10.);
#4631=VECTOR('',#16485,10.);
#4632=VECTOR('',#16486,10.);
#4633=VECTOR('',#16487,10.);
#4634=VECTOR('',#16490,10.);
#4635=VECTOR('',#16491,10.);
#4636=VECTOR('',#16492,10.);
#4637=VECTOR('',#16495,10.);
#4638=VECTOR('',#16496,10.);
#4639=VECTOR('',#16499,10.);
#4640=VECTOR('',#16500,10.);
#4641=VECTOR('',#16501,10.);
#4642=VECTOR('',#16504,10.);
#4643=VECTOR('',#16505,10.);
#4644=VECTOR('',#16506,10.);
#4645=VECTOR('',#16509,10.);
#4646=VECTOR('',#16510,10.);
#4647=VECTOR('',#16513,10.);
#4648=VECTOR('',#16514,10.);
#4649=VECTOR('',#16515,10.);
#4650=VECTOR('',#16518,10.);
#4651=VECTOR('',#16519,10.);
#4652=VECTOR('',#16520,10.);
#4653=VECTOR('',#16523,10.);
#4654=VECTOR('',#16524,10.);
#4655=VECTOR('',#16527,10.);
#4656=VECTOR('',#16528,10.);
#4657=VECTOR('',#16529,10.);
#4658=VECTOR('',#16532,10.);
#4659=VECTOR('',#16533,10.);
#4660=VECTOR('',#16534,10.);
#4661=VECTOR('',#16537,10.);
#4662=VECTOR('',#16538,10.);
#4663=VECTOR('',#16541,10.);
#4664=VECTOR('',#16542,10.);
#4665=VECTOR('',#16543,10.);
#4666=VECTOR('',#16546,10.);
#4667=VECTOR('',#16547,10.);
#4668=VECTOR('',#16548,10.);
#4669=VECTOR('',#16551,10.);
#4670=VECTOR('',#16552,10.);
#4671=VECTOR('',#16555,10.);
#4672=VECTOR('',#16556,10.);
#4673=VECTOR('',#16557,10.);
#4674=VECTOR('',#16560,10.);
#4675=VECTOR('',#16561,10.);
#4676=VECTOR('',#16562,10.);
#4677=VECTOR('',#16565,10.);
#4678=VECTOR('',#16566,10.);
#4679=VECTOR('',#16569,10.);
#4680=VECTOR('',#16570,10.);
#4681=VECTOR('',#16571,10.);
#4682=VECTOR('',#16574,10.);
#4683=VECTOR('',#16575,10.);
#4684=VECTOR('',#16576,10.);
#4685=VECTOR('',#16579,10.);
#4686=VECTOR('',#16580,10.);
#4687=VECTOR('',#16583,10.);
#4688=VECTOR('',#16584,10.);
#4689=VECTOR('',#16585,10.);
#4690=VECTOR('',#16588,10.);
#4691=VECTOR('',#16589,10.);
#4692=VECTOR('',#16590,10.);
#4693=VECTOR('',#16593,10.);
#4694=VECTOR('',#16594,10.);
#4695=VECTOR('',#16597,10.);
#4696=VECTOR('',#16598,10.);
#4697=VECTOR('',#16599,10.);
#4698=VECTOR('',#16602,10.);
#4699=VECTOR('',#16603,10.);
#4700=VECTOR('',#16604,10.);
#4701=VECTOR('',#16607,10.);
#4702=VECTOR('',#16608,10.);
#4703=VECTOR('',#16611,10.);
#4704=VECTOR('',#16612,10.);
#4705=VECTOR('',#16613,10.);
#4706=VECTOR('',#16616,10.);
#4707=VECTOR('',#16617,10.);
#4708=VECTOR('',#16618,10.);
#4709=VECTOR('',#16621,10.);
#4710=VECTOR('',#16622,10.);
#4711=VECTOR('',#16625,10.);
#4712=VECTOR('',#16626,10.);
#4713=VECTOR('',#16627,10.);
#4714=VECTOR('',#16630,10.);
#4715=VECTOR('',#16631,10.);
#4716=VECTOR('',#16632,10.);
#4717=VECTOR('',#16635,10.);
#4718=VECTOR('',#16636,10.);
#4719=VECTOR('',#16639,10.);
#4720=VECTOR('',#16640,10.);
#4721=VECTOR('',#16641,10.);
#4722=VECTOR('',#16644,10.);
#4723=VECTOR('',#16645,10.);
#4724=VECTOR('',#16646,10.);
#4725=VECTOR('',#16649,10.);
#4726=VECTOR('',#16650,10.);
#4727=VECTOR('',#16653,10.);
#4728=VECTOR('',#16654,10.);
#4729=VECTOR('',#16655,10.);
#4730=VECTOR('',#16658,10.);
#4731=VECTOR('',#16659,10.);
#4732=VECTOR('',#16660,10.);
#4733=VECTOR('',#16663,10.);
#4734=VECTOR('',#16664,10.);
#4735=VECTOR('',#16667,10.);
#4736=VECTOR('',#16668,10.);
#4737=VECTOR('',#16669,10.);
#4738=VECTOR('',#16672,10.);
#4739=VECTOR('',#16673,10.);
#4740=VECTOR('',#16674,10.);
#4741=VECTOR('',#16677,10.);
#4742=VECTOR('',#16678,10.);
#4743=VECTOR('',#16681,10.);
#4744=VECTOR('',#16682,10.);
#4745=VECTOR('',#16683,10.);
#4746=VECTOR('',#16686,10.);
#4747=VECTOR('',#16687,10.);
#4748=VECTOR('',#16688,10.);
#4749=VECTOR('',#16691,10.);
#4750=VECTOR('',#16692,10.);
#4751=VECTOR('',#16695,10.);
#4752=VECTOR('',#16696,10.);
#4753=VECTOR('',#16697,10.);
#4754=VECTOR('',#16700,10.);
#4755=VECTOR('',#16701,10.);
#4756=VECTOR('',#16702,10.);
#4757=VECTOR('',#16705,10.);
#4758=VECTOR('',#16706,10.);
#4759=VECTOR('',#16709,10.);
#4760=VECTOR('',#16710,10.);
#4761=VECTOR('',#16711,10.);
#4762=VECTOR('',#16714,10.);
#4763=VECTOR('',#16715,10.);
#4764=VECTOR('',#16716,10.);
#4765=VECTOR('',#16719,10.);
#4766=VECTOR('',#16720,10.);
#4767=VECTOR('',#16723,10.);
#4768=VECTOR('',#16724,10.);
#4769=VECTOR('',#16725,10.);
#4770=VECTOR('',#16728,10.);
#4771=VECTOR('',#16729,10.);
#4772=VECTOR('',#16730,10.);
#4773=VECTOR('',#16733,10.);
#4774=VECTOR('',#16734,10.);
#4775=VECTOR('',#16737,10.);
#4776=VECTOR('',#16738,10.);
#4777=VECTOR('',#16739,10.);
#4778=VECTOR('',#16742,10.);
#4779=VECTOR('',#16743,10.);
#4780=VECTOR('',#16744,10.);
#4781=VECTOR('',#16747,10.);
#4782=VECTOR('',#16748,10.);
#4783=VECTOR('',#16751,10.);
#4784=VECTOR('',#16752,10.);
#4785=VECTOR('',#16753,10.);
#4786=VECTOR('',#16756,10.);
#4787=VECTOR('',#16757,10.);
#4788=VECTOR('',#16758,10.);
#4789=VECTOR('',#16761,10.);
#4790=VECTOR('',#16762,10.);
#4791=VECTOR('',#16765,10.);
#4792=VECTOR('',#16766,10.);
#4793=VECTOR('',#16767,10.);
#4794=VECTOR('',#16770,10.);
#4795=VECTOR('',#16771,10.);
#4796=VECTOR('',#16772,10.);
#4797=VECTOR('',#16775,10.);
#4798=VECTOR('',#16776,10.);
#4799=VECTOR('',#16779,10.);
#4800=VECTOR('',#16780,10.);
#4801=VECTOR('',#16781,10.);
#4802=VECTOR('',#16784,10.);
#4803=VECTOR('',#16785,10.);
#4804=VECTOR('',#16786,10.);
#4805=VECTOR('',#16789,10.);
#4806=VECTOR('',#16790,10.);
#4807=VECTOR('',#16793,10.);
#4808=VECTOR('',#16794,10.);
#4809=VECTOR('',#16795,10.);
#4810=VECTOR('',#16798,10.);
#4811=VECTOR('',#16799,10.);
#4812=VECTOR('',#16800,10.);
#4813=VECTOR('',#16803,10.);
#4814=VECTOR('',#16804,10.);
#4815=VECTOR('',#16807,10.);
#4816=VECTOR('',#16808,10.);
#4817=VECTOR('',#16809,10.);
#4818=VECTOR('',#16812,10.);
#4819=VECTOR('',#16813,10.);
#4820=VECTOR('',#16814,10.);
#4821=VECTOR('',#16817,10.);
#4822=VECTOR('',#16818,10.);
#4823=VECTOR('',#16821,10.);
#4824=VECTOR('',#16822,10.);
#4825=VECTOR('',#16823,10.);
#4826=VECTOR('',#16826,10.);
#4827=VECTOR('',#16827,10.);
#4828=VECTOR('',#16828,10.);
#4829=VECTOR('',#16831,10.);
#4830=VECTOR('',#16832,10.);
#4831=VECTOR('',#16835,10.);
#4832=VECTOR('',#16836,10.);
#4833=VECTOR('',#16837,10.);
#4834=VECTOR('',#16840,10.);
#4835=VECTOR('',#16841,10.);
#4836=VECTOR('',#16842,10.);
#4837=VECTOR('',#16845,10.);
#4838=VECTOR('',#16846,10.);
#4839=VECTOR('',#16849,10.);
#4840=VECTOR('',#16850,10.);
#4841=VECTOR('',#16851,10.);
#4842=VECTOR('',#16854,10.);
#4843=VECTOR('',#16855,10.);
#4844=VECTOR('',#16856,10.);
#4845=VECTOR('',#16859,10.);
#4846=VECTOR('',#16860,10.);
#4847=VECTOR('',#16863,10.);
#4848=VECTOR('',#16864,10.);
#4849=VECTOR('',#16865,10.);
#4850=VECTOR('',#16868,10.);
#4851=VECTOR('',#16869,10.);
#4852=VECTOR('',#16870,10.);
#4853=VECTOR('',#16873,10.);
#4854=VECTOR('',#16874,10.);
#4855=VECTOR('',#16877,10.);
#4856=VECTOR('',#16878,10.);
#4857=VECTOR('',#16879,10.);
#4858=VECTOR('',#16882,10.);
#4859=VECTOR('',#16883,10.);
#4860=VECTOR('',#16884,10.);
#4861=VECTOR('',#16887,10.);
#4862=VECTOR('',#16888,10.);
#4863=VECTOR('',#16891,10.);
#4864=VECTOR('',#16892,10.);
#4865=VECTOR('',#16893,10.);
#4866=VECTOR('',#16896,10.);
#4867=VECTOR('',#16897,10.);
#4868=VECTOR('',#16898,10.);
#4869=VECTOR('',#16901,10.);
#4870=VECTOR('',#16902,10.);
#4871=VECTOR('',#16905,10.);
#4872=VECTOR('',#16906,10.);
#4873=VECTOR('',#16907,10.);
#4874=VECTOR('',#16910,10.);
#4875=VECTOR('',#16911,10.);
#4876=VECTOR('',#16912,10.);
#4877=VECTOR('',#16915,10.);
#4878=VECTOR('',#16916,10.);
#4879=VECTOR('',#16919,10.);
#4880=VECTOR('',#16920,10.);
#4881=VECTOR('',#16921,10.);
#4882=VECTOR('',#16924,10.);
#4883=VECTOR('',#16925,10.);
#4884=VECTOR('',#16926,10.);
#4885=VECTOR('',#16929,10.);
#4886=VECTOR('',#16930,10.);
#4887=VECTOR('',#16933,10.);
#4888=VECTOR('',#16934,10.);
#4889=VECTOR('',#16935,10.);
#4890=VECTOR('',#16938,10.);
#4891=VECTOR('',#16939,10.);
#4892=VECTOR('',#16940,10.);
#4893=VECTOR('',#16943,10.);
#4894=VECTOR('',#16944,10.);
#4895=VECTOR('',#16947,10.);
#4896=VECTOR('',#16948,10.);
#4897=VECTOR('',#16949,10.);
#4898=VECTOR('',#16952,10.);
#4899=VECTOR('',#16953,10.);
#4900=VECTOR('',#16956,10.);
#4901=VECTOR('',#16957,10.);
#4902=VECTOR('',#16960,10.);
#4903=VERTEX_POINT('',#16965);
#4904=VERTEX_POINT('',#16966);
#4905=VERTEX_POINT('',#16968);
#4906=VERTEX_POINT('',#16970);
#4907=VERTEX_POINT('',#16974);
#4908=VERTEX_POINT('',#16976);
#4909=VERTEX_POINT('',#16980);
#4910=VERTEX_POINT('',#16984);
#4911=VERTEX_POINT('',#16985);
#4912=VERTEX_POINT('',#16987);
#4913=VERTEX_POINT('',#16989);
#4914=VERTEX_POINT('',#16993);
#4915=VERTEX_POINT('',#16994);
#4916=VERTEX_POINT('',#16996);
#4917=VERTEX_POINT('',#16998);
#4918=VERTEX_POINT('',#17002);
#4919=VERTEX_POINT('',#17003);
#4920=VERTEX_POINT('',#17005);
#4921=VERTEX_POINT('',#17007);
#4922=VERTEX_POINT('',#17011);
#4923=VERTEX_POINT('',#17012);
#4924=VERTEX_POINT('',#17014);
#4925=VERTEX_POINT('',#17016);
#4926=VERTEX_POINT('',#17020);
#4927=VERTEX_POINT('',#17021);
#4928=VERTEX_POINT('',#17023);
#4929=VERTEX_POINT('',#17025);
#4930=VERTEX_POINT('',#17029);
#4931=VERTEX_POINT('',#17030);
#4932=VERTEX_POINT('',#17032);
#4933=VERTEX_POINT('',#17034);
#4934=VERTEX_POINT('',#17038);
#4935=VERTEX_POINT('',#17039);
#4936=VERTEX_POINT('',#17041);
#4937=VERTEX_POINT('',#17043);
#4938=VERTEX_POINT('',#17047);
#4939=VERTEX_POINT('',#17048);
#4940=VERTEX_POINT('',#17050);
#4941=VERTEX_POINT('',#17052);
#4942=VERTEX_POINT('',#17056);
#4943=VERTEX_POINT('',#17057);
#4944=VERTEX_POINT('',#17059);
#4945=VERTEX_POINT('',#17061);
#4946=VERTEX_POINT('',#17065);
#4947=VERTEX_POINT('',#17066);
#4948=VERTEX_POINT('',#17068);
#4949=VERTEX_POINT('',#17070);
#4950=VERTEX_POINT('',#17074);
#4951=VERTEX_POINT('',#17075);
#4952=VERTEX_POINT('',#17077);
#4953=VERTEX_POINT('',#17079);
#4954=VERTEX_POINT('',#17083);
#4955=VERTEX_POINT('',#17084);
#4956=VERTEX_POINT('',#17086);
#4957=VERTEX_POINT('',#17088);
#4958=VERTEX_POINT('',#17092);
#4959=VERTEX_POINT('',#17093);
#4960=VERTEX_POINT('',#17095);
#4961=VERTEX_POINT('',#17097);
#4962=VERTEX_POINT('',#17101);
#4963=VERTEX_POINT('',#17102);
#4964=VERTEX_POINT('',#17104);
#4965=VERTEX_POINT('',#17106);
#4966=VERTEX_POINT('',#17110);
#4967=VERTEX_POINT('',#17111);
#4968=VERTEX_POINT('',#17113);
#4969=VERTEX_POINT('',#17115);
#4970=VERTEX_POINT('',#17119);
#4971=VERTEX_POINT('',#17120);
#4972=VERTEX_POINT('',#17122);
#4973=VERTEX_POINT('',#17124);
#4974=VERTEX_POINT('',#17128);
#4975=VERTEX_POINT('',#17129);
#4976=VERTEX_POINT('',#17131);
#4977=VERTEX_POINT('',#17133);
#4978=VERTEX_POINT('',#17137);
#4979=VERTEX_POINT('',#17138);
#4980=VERTEX_POINT('',#17140);
#4981=VERTEX_POINT('',#17142);
#4982=VERTEX_POINT('',#17146);
#4983=VERTEX_POINT('',#17147);
#4984=VERTEX_POINT('',#17149);
#4985=VERTEX_POINT('',#17151);
#4986=VERTEX_POINT('',#17155);
#4987=VERTEX_POINT('',#17156);
#4988=VERTEX_POINT('',#17158);
#4989=VERTEX_POINT('',#17160);
#4990=VERTEX_POINT('',#17164);
#4991=VERTEX_POINT('',#17165);
#4992=VERTEX_POINT('',#17167);
#4993=VERTEX_POINT('',#17169);
#4994=VERTEX_POINT('',#17173);
#4995=VERTEX_POINT('',#17174);
#4996=VERTEX_POINT('',#17176);
#4997=VERTEX_POINT('',#17178);
#4998=VERTEX_POINT('',#17182);
#4999=VERTEX_POINT('',#17183);
#5000=VERTEX_POINT('',#17185);
#5001=VERTEX_POINT('',#17187);
#5002=VERTEX_POINT('',#17191);
#5003=VERTEX_POINT('',#17192);
#5004=VERTEX_POINT('',#17194);
#5005=VERTEX_POINT('',#17196);
#5006=VERTEX_POINT('',#17200);
#5007=VERTEX_POINT('',#17201);
#5008=VERTEX_POINT('',#17203);
#5009=VERTEX_POINT('',#17205);
#5010=VERTEX_POINT('',#17209);
#5011=VERTEX_POINT('',#17210);
#5012=VERTEX_POINT('',#17212);
#5013=VERTEX_POINT('',#17214);
#5014=VERTEX_POINT('',#17218);
#5015=VERTEX_POINT('',#17219);
#5016=VERTEX_POINT('',#17221);
#5017=VERTEX_POINT('',#17223);
#5018=VERTEX_POINT('',#17227);
#5019=VERTEX_POINT('',#17228);
#5020=VERTEX_POINT('',#17230);
#5021=VERTEX_POINT('',#17232);
#5022=VERTEX_POINT('',#17236);
#5023=VERTEX_POINT('',#17237);
#5024=VERTEX_POINT('',#17239);
#5025=VERTEX_POINT('',#17241);
#5026=VERTEX_POINT('',#17245);
#5027=VERTEX_POINT('',#17246);
#5028=VERTEX_POINT('',#17248);
#5029=VERTEX_POINT('',#17250);
#5030=VERTEX_POINT('',#17254);
#5031=VERTEX_POINT('',#17255);
#5032=VERTEX_POINT('',#17257);
#5033=VERTEX_POINT('',#17259);
#5034=VERTEX_POINT('',#17263);
#5035=VERTEX_POINT('',#17264);
#5036=VERTEX_POINT('',#17266);
#5037=VERTEX_POINT('',#17268);
#5038=VERTEX_POINT('',#17272);
#5039=VERTEX_POINT('',#17273);
#5040=VERTEX_POINT('',#17275);
#5041=VERTEX_POINT('',#17277);
#5042=VERTEX_POINT('',#17281);
#5043=VERTEX_POINT('',#17282);
#5044=VERTEX_POINT('',#17284);
#5045=VERTEX_POINT('',#17286);
#5046=VERTEX_POINT('',#17290);
#5047=VERTEX_POINT('',#17291);
#5048=VERTEX_POINT('',#17293);
#5049=VERTEX_POINT('',#17295);
#5050=VERTEX_POINT('',#17299);
#5051=VERTEX_POINT('',#17300);
#5052=VERTEX_POINT('',#17302);
#5053=VERTEX_POINT('',#17304);
#5054=VERTEX_POINT('',#17308);
#5055=VERTEX_POINT('',#17309);
#5056=VERTEX_POINT('',#17311);
#5057=VERTEX_POINT('',#17313);
#5058=VERTEX_POINT('',#17317);
#5059=VERTEX_POINT('',#17318);
#5060=VERTEX_POINT('',#17320);
#5061=VERTEX_POINT('',#17322);
#5062=VERTEX_POINT('',#17326);
#5063=VERTEX_POINT('',#17327);
#5064=VERTEX_POINT('',#17329);
#5065=VERTEX_POINT('',#17331);
#5066=VERTEX_POINT('',#17335);
#5067=VERTEX_POINT('',#17336);
#5068=VERTEX_POINT('',#17338);
#5069=VERTEX_POINT('',#17340);
#5070=VERTEX_POINT('',#17344);
#5071=VERTEX_POINT('',#17345);
#5072=VERTEX_POINT('',#17347);
#5073=VERTEX_POINT('',#17349);
#5074=VERTEX_POINT('',#17353);
#5075=VERTEX_POINT('',#17354);
#5076=VERTEX_POINT('',#17356);
#5077=VERTEX_POINT('',#17358);
#5078=VERTEX_POINT('',#17362);
#5079=VERTEX_POINT('',#17363);
#5080=VERTEX_POINT('',#17365);
#5081=VERTEX_POINT('',#17367);
#5082=VERTEX_POINT('',#17371);
#5083=VERTEX_POINT('',#17372);
#5084=VERTEX_POINT('',#17374);
#5085=VERTEX_POINT('',#17376);
#5086=VERTEX_POINT('',#17380);
#5087=VERTEX_POINT('',#17381);
#5088=VERTEX_POINT('',#17383);
#5089=VERTEX_POINT('',#17385);
#5090=VERTEX_POINT('',#17389);
#5091=VERTEX_POINT('',#17390);
#5092=VERTEX_POINT('',#17392);
#5093=VERTEX_POINT('',#17394);
#5094=VERTEX_POINT('',#17398);
#5095=VERTEX_POINT('',#17399);
#5096=VERTEX_POINT('',#17401);
#5097=VERTEX_POINT('',#17403);
#5098=VERTEX_POINT('',#17407);
#5099=VERTEX_POINT('',#17408);
#5100=VERTEX_POINT('',#17410);
#5101=VERTEX_POINT('',#17412);
#5102=VERTEX_POINT('',#17416);
#5103=VERTEX_POINT('',#17417);
#5104=VERTEX_POINT('',#17419);
#5105=VERTEX_POINT('',#17421);
#5106=VERTEX_POINT('',#17425);
#5107=VERTEX_POINT('',#17426);
#5108=VERTEX_POINT('',#17428);
#5109=VERTEX_POINT('',#17430);
#5110=VERTEX_POINT('',#17434);
#5111=VERTEX_POINT('',#17435);
#5112=VERTEX_POINT('',#17437);
#5113=VERTEX_POINT('',#17439);
#5114=VERTEX_POINT('',#17443);
#5115=VERTEX_POINT('',#17444);
#5116=VERTEX_POINT('',#17446);
#5117=VERTEX_POINT('',#17448);
#5118=VERTEX_POINT('',#17452);
#5119=VERTEX_POINT('',#17453);
#5120=VERTEX_POINT('',#17455);
#5121=VERTEX_POINT('',#17457);
#5122=VERTEX_POINT('',#17461);
#5123=VERTEX_POINT('',#17462);
#5124=VERTEX_POINT('',#17464);
#5125=VERTEX_POINT('',#17466);
#5126=VERTEX_POINT('',#17470);
#5127=VERTEX_POINT('',#17471);
#5128=VERTEX_POINT('',#17473);
#5129=VERTEX_POINT('',#17475);
#5130=VERTEX_POINT('',#17479);
#5131=VERTEX_POINT('',#17480);
#5132=VERTEX_POINT('',#17482);
#5133=VERTEX_POINT('',#17484);
#5134=VERTEX_POINT('',#17488);
#5135=VERTEX_POINT('',#17489);
#5136=VERTEX_POINT('',#17491);
#5137=VERTEX_POINT('',#17493);
#5138=VERTEX_POINT('',#17497);
#5139=VERTEX_POINT('',#17498);
#5140=VERTEX_POINT('',#17500);
#5141=VERTEX_POINT('',#17502);
#5142=VERTEX_POINT('',#17506);
#5143=VERTEX_POINT('',#17507);
#5144=VERTEX_POINT('',#17509);
#5145=VERTEX_POINT('',#17511);
#5146=VERTEX_POINT('',#17515);
#5147=VERTEX_POINT('',#17516);
#5148=VERTEX_POINT('',#17518);
#5149=VERTEX_POINT('',#17520);
#5150=VERTEX_POINT('',#17524);
#5151=VERTEX_POINT('',#17525);
#5152=VERTEX_POINT('',#17527);
#5153=VERTEX_POINT('',#17529);
#5154=VERTEX_POINT('',#17533);
#5155=VERTEX_POINT('',#17534);
#5156=VERTEX_POINT('',#17536);
#5157=VERTEX_POINT('',#17538);
#5158=VERTEX_POINT('',#17542);
#5159=VERTEX_POINT('',#17543);
#5160=VERTEX_POINT('',#17545);
#5161=VERTEX_POINT('',#17547);
#5162=VERTEX_POINT('',#17551);
#5163=VERTEX_POINT('',#17552);
#5164=VERTEX_POINT('',#17554);
#5165=VERTEX_POINT('',#17556);
#5166=VERTEX_POINT('',#17560);
#5167=VERTEX_POINT('',#17561);
#5168=VERTEX_POINT('',#17563);
#5169=VERTEX_POINT('',#17565);
#5170=VERTEX_POINT('',#17569);
#5171=VERTEX_POINT('',#17570);
#5172=VERTEX_POINT('',#17572);
#5173=VERTEX_POINT('',#17574);
#5174=VERTEX_POINT('',#17578);
#5175=VERTEX_POINT('',#17579);
#5176=VERTEX_POINT('',#17581);
#5177=VERTEX_POINT('',#17583);
#5178=VERTEX_POINT('',#17587);
#5179=VERTEX_POINT('',#17588);
#5180=VERTEX_POINT('',#17590);
#5181=VERTEX_POINT('',#17592);
#5182=VERTEX_POINT('',#17596);
#5183=VERTEX_POINT('',#17597);
#5184=VERTEX_POINT('',#17599);
#5185=VERTEX_POINT('',#17601);
#5186=VERTEX_POINT('',#17605);
#5187=VERTEX_POINT('',#17606);
#5188=VERTEX_POINT('',#17608);
#5189=VERTEX_POINT('',#17610);
#5190=VERTEX_POINT('',#17614);
#5191=VERTEX_POINT('',#17615);
#5192=VERTEX_POINT('',#17617);
#5193=VERTEX_POINT('',#17619);
#5194=VERTEX_POINT('',#17623);
#5195=VERTEX_POINT('',#17624);
#5196=VERTEX_POINT('',#17626);
#5197=VERTEX_POINT('',#17628);
#5198=VERTEX_POINT('',#17632);
#5199=VERTEX_POINT('',#17633);
#5200=VERTEX_POINT('',#17635);
#5201=VERTEX_POINT('',#17637);
#5202=VERTEX_POINT('',#17641);
#5203=VERTEX_POINT('',#17642);
#5204=VERTEX_POINT('',#17644);
#5205=VERTEX_POINT('',#17646);
#5206=VERTEX_POINT('',#17650);
#5207=VERTEX_POINT('',#17651);
#5208=VERTEX_POINT('',#17653);
#5209=VERTEX_POINT('',#17655);
#5210=VERTEX_POINT('',#17659);
#5211=VERTEX_POINT('',#17660);
#5212=VERTEX_POINT('',#17662);
#5213=VERTEX_POINT('',#17664);
#5214=VERTEX_POINT('',#17668);
#5215=VERTEX_POINT('',#17669);
#5216=VERTEX_POINT('',#17671);
#5217=VERTEX_POINT('',#17673);
#5218=VERTEX_POINT('',#17677);
#5219=VERTEX_POINT('',#17678);
#5220=VERTEX_POINT('',#17680);
#5221=VERTEX_POINT('',#17682);
#5222=VERTEX_POINT('',#17686);
#5223=VERTEX_POINT('',#17687);
#5224=VERTEX_POINT('',#17689);
#5225=VERTEX_POINT('',#17691);
#5226=VERTEX_POINT('',#17695);
#5227=VERTEX_POINT('',#17696);
#5228=VERTEX_POINT('',#17698);
#5229=VERTEX_POINT('',#17700);
#5230=VERTEX_POINT('',#17704);
#5231=VERTEX_POINT('',#17705);
#5232=VERTEX_POINT('',#17707);
#5233=VERTEX_POINT('',#17709);
#5234=VERTEX_POINT('',#17713);
#5235=VERTEX_POINT('',#17714);
#5236=VERTEX_POINT('',#17716);
#5237=VERTEX_POINT('',#17718);
#5238=VERTEX_POINT('',#17722);
#5239=VERTEX_POINT('',#17723);
#5240=VERTEX_POINT('',#17725);
#5241=VERTEX_POINT('',#17727);
#5242=VERTEX_POINT('',#17731);
#5243=VERTEX_POINT('',#17732);
#5244=VERTEX_POINT('',#17734);
#5245=VERTEX_POINT('',#17736);
#5246=VERTEX_POINT('',#17740);
#5247=VERTEX_POINT('',#17741);
#5248=VERTEX_POINT('',#17743);
#5249=VERTEX_POINT('',#17745);
#5250=VERTEX_POINT('',#17749);
#5251=VERTEX_POINT('',#17750);
#5252=VERTEX_POINT('',#17752);
#5253=VERTEX_POINT('',#17754);
#5254=VERTEX_POINT('',#17758);
#5255=VERTEX_POINT('',#17759);
#5256=VERTEX_POINT('',#17761);
#5257=VERTEX_POINT('',#17763);
#5258=VERTEX_POINT('',#17767);
#5259=VERTEX_POINT('',#17768);
#5260=VERTEX_POINT('',#17770);
#5261=VERTEX_POINT('',#17772);
#5262=VERTEX_POINT('',#17776);
#5263=VERTEX_POINT('',#17777);
#5264=VERTEX_POINT('',#17779);
#5265=VERTEX_POINT('',#17781);
#5266=VERTEX_POINT('',#17785);
#5267=VERTEX_POINT('',#17786);
#5268=VERTEX_POINT('',#17788);
#5269=VERTEX_POINT('',#17790);
#5270=VERTEX_POINT('',#17794);
#5271=VERTEX_POINT('',#17795);
#5272=VERTEX_POINT('',#17797);
#5273=VERTEX_POINT('',#17799);
#5274=VERTEX_POINT('',#17803);
#5275=VERTEX_POINT('',#17804);
#5276=VERTEX_POINT('',#17806);
#5277=VERTEX_POINT('',#17808);
#5278=VERTEX_POINT('',#17812);
#5279=VERTEX_POINT('',#17813);
#5280=VERTEX_POINT('',#17815);
#5281=VERTEX_POINT('',#17817);
#5282=VERTEX_POINT('',#17821);
#5283=VERTEX_POINT('',#17822);
#5284=VERTEX_POINT('',#17824);
#5285=VERTEX_POINT('',#17826);
#5286=VERTEX_POINT('',#17830);
#5287=VERTEX_POINT('',#17831);
#5288=VERTEX_POINT('',#17833);
#5289=VERTEX_POINT('',#17835);
#5290=VERTEX_POINT('',#17839);
#5291=VERTEX_POINT('',#17840);
#5292=VERTEX_POINT('',#17842);
#5293=VERTEX_POINT('',#17844);
#5294=VERTEX_POINT('',#17848);
#5295=VERTEX_POINT('',#17849);
#5296=VERTEX_POINT('',#17851);
#5297=VERTEX_POINT('',#17853);
#5298=VERTEX_POINT('',#17857);
#5299=VERTEX_POINT('',#17858);
#5300=VERTEX_POINT('',#17860);
#5301=VERTEX_POINT('',#17862);
#5302=VERTEX_POINT('',#17866);
#5303=VERTEX_POINT('',#17867);
#5304=VERTEX_POINT('',#17869);
#5305=VERTEX_POINT('',#17871);
#5306=VERTEX_POINT('',#17875);
#5307=VERTEX_POINT('',#17876);
#5308=VERTEX_POINT('',#17878);
#5309=VERTEX_POINT('',#17880);
#5310=VERTEX_POINT('',#17884);
#5311=VERTEX_POINT('',#17885);
#5312=VERTEX_POINT('',#17887);
#5313=VERTEX_POINT('',#17889);
#5314=VERTEX_POINT('',#17893);
#5315=VERTEX_POINT('',#17894);
#5316=VERTEX_POINT('',#17896);
#5317=VERTEX_POINT('',#17898);
#5318=VERTEX_POINT('',#17902);
#5319=VERTEX_POINT('',#17903);
#5320=VERTEX_POINT('',#17905);
#5321=VERTEX_POINT('',#17907);
#5322=VERTEX_POINT('',#17911);
#5323=VERTEX_POINT('',#17912);
#5324=VERTEX_POINT('',#17914);
#5325=VERTEX_POINT('',#17916);
#5326=VERTEX_POINT('',#17920);
#5327=VERTEX_POINT('',#17921);
#5328=VERTEX_POINT('',#17923);
#5329=VERTEX_POINT('',#17925);
#5330=VERTEX_POINT('',#17929);
#5331=VERTEX_POINT('',#17930);
#5332=VERTEX_POINT('',#17932);
#5333=VERTEX_POINT('',#17934);
#5334=VERTEX_POINT('',#17938);
#5335=VERTEX_POINT('',#17939);
#5336=VERTEX_POINT('',#17941);
#5337=VERTEX_POINT('',#17943);
#5338=VERTEX_POINT('',#17947);
#5339=VERTEX_POINT('',#17948);
#5340=VERTEX_POINT('',#17950);
#5341=VERTEX_POINT('',#17952);
#5342=VERTEX_POINT('',#17956);
#5343=VERTEX_POINT('',#17957);
#5344=VERTEX_POINT('',#17959);
#5345=VERTEX_POINT('',#17961);
#5346=VERTEX_POINT('',#17965);
#5347=VERTEX_POINT('',#17966);
#5348=VERTEX_POINT('',#17968);
#5349=VERTEX_POINT('',#17970);
#5350=VERTEX_POINT('',#17974);
#5351=VERTEX_POINT('',#17975);
#5352=VERTEX_POINT('',#17977);
#5353=VERTEX_POINT('',#17979);
#5354=VERTEX_POINT('',#17983);
#5355=VERTEX_POINT('',#17984);
#5356=VERTEX_POINT('',#17986);
#5357=VERTEX_POINT('',#17988);
#5358=VERTEX_POINT('',#17992);
#5359=VERTEX_POINT('',#17993);
#5360=VERTEX_POINT('',#17995);
#5361=VERTEX_POINT('',#17997);
#5362=VERTEX_POINT('',#18001);
#5363=VERTEX_POINT('',#18002);
#5364=VERTEX_POINT('',#18004);
#5365=VERTEX_POINT('',#18006);
#5366=VERTEX_POINT('',#18010);
#5367=VERTEX_POINT('',#18011);
#5368=VERTEX_POINT('',#18013);
#5369=VERTEX_POINT('',#18015);
#5370=VERTEX_POINT('',#18019);
#5371=VERTEX_POINT('',#18020);
#5372=VERTEX_POINT('',#18022);
#5373=VERTEX_POINT('',#18024);
#5374=VERTEX_POINT('',#18028);
#5375=VERTEX_POINT('',#18029);
#5376=VERTEX_POINT('',#18031);
#5377=VERTEX_POINT('',#18033);
#5378=VERTEX_POINT('',#18037);
#5379=VERTEX_POINT('',#18038);
#5380=VERTEX_POINT('',#18040);
#5381=VERTEX_POINT('',#18042);
#5382=VERTEX_POINT('',#18046);
#5383=VERTEX_POINT('',#18047);
#5384=VERTEX_POINT('',#18049);
#5385=VERTEX_POINT('',#18051);
#5386=VERTEX_POINT('',#18055);
#5387=VERTEX_POINT('',#18056);
#5388=VERTEX_POINT('',#18058);
#5389=VERTEX_POINT('',#18060);
#5390=VERTEX_POINT('',#18064);
#5391=VERTEX_POINT('',#18065);
#5392=VERTEX_POINT('',#18067);
#5393=VERTEX_POINT('',#18069);
#5394=VERTEX_POINT('',#18073);
#5395=VERTEX_POINT('',#18074);
#5396=VERTEX_POINT('',#18076);
#5397=VERTEX_POINT('',#18078);
#5398=VERTEX_POINT('',#18082);
#5399=VERTEX_POINT('',#18083);
#5400=VERTEX_POINT('',#18085);
#5401=VERTEX_POINT('',#18087);
#5402=VERTEX_POINT('',#18091);
#5403=VERTEX_POINT('',#18092);
#5404=VERTEX_POINT('',#18094);
#5405=VERTEX_POINT('',#18096);
#5406=VERTEX_POINT('',#18100);
#5407=VERTEX_POINT('',#18101);
#5408=VERTEX_POINT('',#18103);
#5409=VERTEX_POINT('',#18105);
#5410=VERTEX_POINT('',#18109);
#5411=VERTEX_POINT('',#18110);
#5412=VERTEX_POINT('',#18112);
#5413=VERTEX_POINT('',#18114);
#5414=VERTEX_POINT('',#18118);
#5415=VERTEX_POINT('',#18119);
#5416=VERTEX_POINT('',#18121);
#5417=VERTEX_POINT('',#18123);
#5418=VERTEX_POINT('',#18127);
#5419=VERTEX_POINT('',#18128);
#5420=VERTEX_POINT('',#18130);
#5421=VERTEX_POINT('',#18132);
#5422=VERTEX_POINT('',#18136);
#5423=VERTEX_POINT('',#18137);
#5424=VERTEX_POINT('',#18139);
#5425=VERTEX_POINT('',#18141);
#5426=VERTEX_POINT('',#18145);
#5427=VERTEX_POINT('',#18146);
#5428=VERTEX_POINT('',#18148);
#5429=VERTEX_POINT('',#18150);
#5430=VERTEX_POINT('',#18154);
#5431=VERTEX_POINT('',#18155);
#5432=VERTEX_POINT('',#18157);
#5433=VERTEX_POINT('',#18159);
#5434=VERTEX_POINT('',#18163);
#5435=VERTEX_POINT('',#18164);
#5436=VERTEX_POINT('',#18166);
#5437=VERTEX_POINT('',#18168);
#5438=VERTEX_POINT('',#18172);
#5439=VERTEX_POINT('',#18173);
#5440=VERTEX_POINT('',#18175);
#5441=VERTEX_POINT('',#18177);
#5442=VERTEX_POINT('',#18181);
#5443=VERTEX_POINT('',#18182);
#5444=VERTEX_POINT('',#18184);
#5445=VERTEX_POINT('',#18186);
#5446=VERTEX_POINT('',#18190);
#5447=VERTEX_POINT('',#18191);
#5448=VERTEX_POINT('',#18193);
#5449=VERTEX_POINT('',#18195);
#5450=VERTEX_POINT('',#18199);
#5451=VERTEX_POINT('',#18200);
#5452=VERTEX_POINT('',#18202);
#5453=VERTEX_POINT('',#18204);
#5454=VERTEX_POINT('',#18208);
#5455=VERTEX_POINT('',#18209);
#5456=VERTEX_POINT('',#18211);
#5457=VERTEX_POINT('',#18213);
#5458=VERTEX_POINT('',#18217);
#5459=VERTEX_POINT('',#18218);
#5460=VERTEX_POINT('',#18220);
#5461=VERTEX_POINT('',#18222);
#5462=VERTEX_POINT('',#18226);
#5463=VERTEX_POINT('',#18227);
#5464=VERTEX_POINT('',#18229);
#5465=VERTEX_POINT('',#18231);
#5466=VERTEX_POINT('',#18235);
#5467=VERTEX_POINT('',#18236);
#5468=VERTEX_POINT('',#18238);
#5469=VERTEX_POINT('',#18240);
#5470=VERTEX_POINT('',#18244);
#5471=VERTEX_POINT('',#18245);
#5472=VERTEX_POINT('',#18247);
#5473=VERTEX_POINT('',#18249);
#5474=VERTEX_POINT('',#18253);
#5475=VERTEX_POINT('',#18254);
#5476=VERTEX_POINT('',#18256);
#5477=VERTEX_POINT('',#18258);
#5478=VERTEX_POINT('',#18262);
#5479=VERTEX_POINT('',#18263);
#5480=VERTEX_POINT('',#18265);
#5481=VERTEX_POINT('',#18267);
#5482=VERTEX_POINT('',#18271);
#5483=VERTEX_POINT('',#18272);
#5484=VERTEX_POINT('',#18274);
#5485=VERTEX_POINT('',#18276);
#5486=VERTEX_POINT('',#18280);
#5487=VERTEX_POINT('',#18281);
#5488=VERTEX_POINT('',#18283);
#5489=VERTEX_POINT('',#18285);
#5490=VERTEX_POINT('',#18289);
#5491=VERTEX_POINT('',#18290);
#5492=VERTEX_POINT('',#18292);
#5493=VERTEX_POINT('',#18294);
#5494=VERTEX_POINT('',#18298);
#5495=VERTEX_POINT('',#18299);
#5496=VERTEX_POINT('',#18301);
#5497=VERTEX_POINT('',#18303);
#5498=VERTEX_POINT('',#18307);
#5499=VERTEX_POINT('',#18308);
#5500=VERTEX_POINT('',#18310);
#5501=VERTEX_POINT('',#18312);
#5502=VERTEX_POINT('',#18316);
#5503=VERTEX_POINT('',#18317);
#5504=VERTEX_POINT('',#18319);
#5505=VERTEX_POINT('',#18321);
#5506=VERTEX_POINT('',#18325);
#5507=VERTEX_POINT('',#18326);
#5508=VERTEX_POINT('',#18328);
#5509=VERTEX_POINT('',#18330);
#5510=VERTEX_POINT('',#18334);
#5511=VERTEX_POINT('',#18335);
#5512=VERTEX_POINT('',#18337);
#5513=VERTEX_POINT('',#18339);
#5514=VERTEX_POINT('',#18343);
#5515=VERTEX_POINT('',#18349);
#5516=VERTEX_POINT('',#18350);
#5517=VERTEX_POINT('',#18352);
#5518=VERTEX_POINT('',#18354);
#5519=VERTEX_POINT('',#18358);
#5520=VERTEX_POINT('',#18359);
#5521=VERTEX_POINT('',#18361);
#5522=VERTEX_POINT('',#18363);
#5523=VERTEX_POINT('',#18367);
#5524=VERTEX_POINT('',#18368);
#5525=VERTEX_POINT('',#18370);
#5526=VERTEX_POINT('',#18372);
#5527=VERTEX_POINT('',#18376);
#5528=VERTEX_POINT('',#18378);
#5529=VERTEX_POINT('',#18382);
#5530=VERTEX_POINT('',#18384);
#5531=VERTEX_POINT('',#18391);
#5532=VERTEX_POINT('',#18393);
#5533=VERTEX_POINT('',#18397);
#5534=VERTEX_POINT('',#18399);
#5535=VERTEX_POINT('',#18406);
#5536=VERTEX_POINT('',#18408);
#5537=VERTEX_POINT('',#18412);
#5538=VERTEX_POINT('',#18414);
#5539=VERTEX_POINT('',#18421);
#5540=VERTEX_POINT('',#18423);
#5541=VERTEX_POINT('',#18427);
#5542=VERTEX_POINT('',#18429);
#5543=VERTEX_POINT('',#18436);
#5544=VERTEX_POINT('',#18438);
#5545=VERTEX_POINT('',#18442);
#5546=VERTEX_POINT('',#18444);
#5547=VERTEX_POINT('',#18451);
#5548=VERTEX_POINT('',#18453);
#5549=VERTEX_POINT('',#18457);
#5550=VERTEX_POINT('',#18459);
#5551=VERTEX_POINT('',#18466);
#5552=VERTEX_POINT('',#18468);
#5553=VERTEX_POINT('',#18472);
#5554=VERTEX_POINT('',#18474);
#5555=VERTEX_POINT('',#18481);
#5556=VERTEX_POINT('',#18483);
#5557=VERTEX_POINT('',#18487);
#5558=VERTEX_POINT('',#18489);
#5559=VERTEX_POINT('',#18496);
#5560=VERTEX_POINT('',#18498);
#5561=VERTEX_POINT('',#18502);
#5562=VERTEX_POINT('',#18504);
#5563=VERTEX_POINT('',#18511);
#5564=VERTEX_POINT('',#18513);
#5565=VERTEX_POINT('',#18517);
#5566=VERTEX_POINT('',#18519);
#5567=VERTEX_POINT('',#18526);
#5568=VERTEX_POINT('',#18528);
#5569=VERTEX_POINT('',#18532);
#5570=VERTEX_POINT('',#18534);
#5571=VERTEX_POINT('',#18541);
#5572=VERTEX_POINT('',#18543);
#5573=VERTEX_POINT('',#18547);
#5574=VERTEX_POINT('',#18549);
#5575=VERTEX_POINT('',#18556);
#5576=VERTEX_POINT('',#18558);
#5577=VERTEX_POINT('',#18562);
#5578=VERTEX_POINT('',#18564);
#5579=VERTEX_POINT('',#18571);
#5580=VERTEX_POINT('',#18573);
#5581=VERTEX_POINT('',#18577);
#5582=VERTEX_POINT('',#18579);
#5583=VERTEX_POINT('',#18586);
#5584=VERTEX_POINT('',#18588);
#5585=VERTEX_POINT('',#18592);
#5586=VERTEX_POINT('',#18594);
#5587=VERTEX_POINT('',#18601);
#5588=VERTEX_POINT('',#18603);
#5589=VERTEX_POINT('',#18607);
#5590=VERTEX_POINT('',#18609);
#5591=VERTEX_POINT('',#18616);
#5592=VERTEX_POINT('',#18618);
#5593=VERTEX_POINT('',#18622);
#5594=VERTEX_POINT('',#18624);
#5595=VERTEX_POINT('',#18631);
#5596=VERTEX_POINT('',#18633);
#5597=VERTEX_POINT('',#18637);
#5598=VERTEX_POINT('',#18639);
#5599=VERTEX_POINT('',#18646);
#5600=VERTEX_POINT('',#18648);
#5601=VERTEX_POINT('',#18652);
#5602=VERTEX_POINT('',#18654);
#5603=VERTEX_POINT('',#18661);
#5604=VERTEX_POINT('',#18663);
#5605=VERTEX_POINT('',#18667);
#5606=VERTEX_POINT('',#18669);
#5607=VERTEX_POINT('',#18676);
#5608=VERTEX_POINT('',#18678);
#5609=VERTEX_POINT('',#18682);
#5610=VERTEX_POINT('',#18684);
#5611=VERTEX_POINT('',#18691);
#5612=VERTEX_POINT('',#18693);
#5613=VERTEX_POINT('',#18697);
#5614=VERTEX_POINT('',#18699);
#5615=VERTEX_POINT('',#18706);
#5616=VERTEX_POINT('',#18708);
#5617=VERTEX_POINT('',#18712);
#5618=VERTEX_POINT('',#18714);
#5619=VERTEX_POINT('',#18721);
#5620=VERTEX_POINT('',#18723);
#5621=VERTEX_POINT('',#18727);
#5622=VERTEX_POINT('',#18729);
#5623=VERTEX_POINT('',#18736);
#5624=VERTEX_POINT('',#18738);
#5625=VERTEX_POINT('',#18742);
#5626=VERTEX_POINT('',#18744);
#5627=VERTEX_POINT('',#18751);
#5628=VERTEX_POINT('',#18753);
#5629=VERTEX_POINT('',#18757);
#5630=VERTEX_POINT('',#18759);
#5631=VERTEX_POINT('',#18766);
#5632=VERTEX_POINT('',#18768);
#5633=VERTEX_POINT('',#18772);
#5634=VERTEX_POINT('',#18774);
#5635=VERTEX_POINT('',#18781);
#5636=VERTEX_POINT('',#18783);
#5637=VERTEX_POINT('',#18787);
#5638=VERTEX_POINT('',#18789);
#5639=VERTEX_POINT('',#18796);
#5640=VERTEX_POINT('',#18798);
#5641=VERTEX_POINT('',#18802);
#5642=VERTEX_POINT('',#18804);
#5643=VERTEX_POINT('',#18811);
#5644=VERTEX_POINT('',#18813);
#5645=VERTEX_POINT('',#18817);
#5646=VERTEX_POINT('',#18819);
#5647=VERTEX_POINT('',#18826);
#5648=VERTEX_POINT('',#18828);
#5649=VERTEX_POINT('',#18832);
#5650=VERTEX_POINT('',#18834);
#5651=VERTEX_POINT('',#18841);
#5652=VERTEX_POINT('',#18843);
#5653=VERTEX_POINT('',#18847);
#5654=VERTEX_POINT('',#18849);
#5655=VERTEX_POINT('',#18856);
#5656=VERTEX_POINT('',#18858);
#5657=VERTEX_POINT('',#18862);
#5658=VERTEX_POINT('',#18864);
#5659=VERTEX_POINT('',#18871);
#5660=VERTEX_POINT('',#18873);
#5661=VERTEX_POINT('',#18877);
#5662=VERTEX_POINT('',#18879);
#5663=VERTEX_POINT('',#18886);
#5664=VERTEX_POINT('',#18888);
#5665=VERTEX_POINT('',#18892);
#5666=VERTEX_POINT('',#18894);
#5667=VERTEX_POINT('',#18901);
#5668=VERTEX_POINT('',#18903);
#5669=VERTEX_POINT('',#18907);
#5670=VERTEX_POINT('',#18909);
#5671=VERTEX_POINT('',#18916);
#5672=VERTEX_POINT('',#18918);
#5673=VERTEX_POINT('',#18922);
#5674=VERTEX_POINT('',#18924);
#5675=VERTEX_POINT('',#18931);
#5676=VERTEX_POINT('',#18933);
#5677=VERTEX_POINT('',#18937);
#5678=VERTEX_POINT('',#18939);
#5679=VERTEX_POINT('',#18946);
#5680=VERTEX_POINT('',#18948);
#5681=VERTEX_POINT('',#18952);
#5682=VERTEX_POINT('',#18954);
#5683=VERTEX_POINT('',#18961);
#5684=VERTEX_POINT('',#18963);
#5685=VERTEX_POINT('',#18967);
#5686=VERTEX_POINT('',#18969);
#5687=VERTEX_POINT('',#18976);
#5688=VERTEX_POINT('',#18978);
#5689=VERTEX_POINT('',#18982);
#5690=VERTEX_POINT('',#18984);
#5691=VERTEX_POINT('',#18991);
#5692=VERTEX_POINT('',#18993);
#5693=VERTEX_POINT('',#18997);
#5694=VERTEX_POINT('',#18999);
#5695=VERTEX_POINT('',#19006);
#5696=VERTEX_POINT('',#19008);
#5697=VERTEX_POINT('',#19012);
#5698=VERTEX_POINT('',#19014);
#5699=VERTEX_POINT('',#19021);
#5700=VERTEX_POINT('',#19023);
#5701=VERTEX_POINT('',#19027);
#5702=VERTEX_POINT('',#19029);
#5703=VERTEX_POINT('',#19036);
#5704=VERTEX_POINT('',#19038);
#5705=VERTEX_POINT('',#19042);
#5706=VERTEX_POINT('',#19044);
#5707=VERTEX_POINT('',#19051);
#5708=VERTEX_POINT('',#19053);
#5709=VERTEX_POINT('',#19057);
#5710=VERTEX_POINT('',#19059);
#5711=VERTEX_POINT('',#19066);
#5712=VERTEX_POINT('',#19068);
#5713=VERTEX_POINT('',#19072);
#5714=VERTEX_POINT('',#19074);
#5715=VERTEX_POINT('',#19081);
#5716=VERTEX_POINT('',#19083);
#5717=VERTEX_POINT('',#19087);
#5718=VERTEX_POINT('',#19089);
#5719=VERTEX_POINT('',#19096);
#5720=VERTEX_POINT('',#19098);
#5721=VERTEX_POINT('',#19102);
#5722=VERTEX_POINT('',#19104);
#5723=VERTEX_POINT('',#19111);
#5724=VERTEX_POINT('',#19113);
#5725=VERTEX_POINT('',#19117);
#5726=VERTEX_POINT('',#19119);
#5727=VERTEX_POINT('',#19126);
#5728=VERTEX_POINT('',#19128);
#5729=VERTEX_POINT('',#19132);
#5730=VERTEX_POINT('',#19134);
#5731=VERTEX_POINT('',#19141);
#5732=VERTEX_POINT('',#19143);
#5733=VERTEX_POINT('',#19147);
#5734=VERTEX_POINT('',#19149);
#5735=VERTEX_POINT('',#19156);
#5736=VERTEX_POINT('',#19158);
#5737=VERTEX_POINT('',#19162);
#5738=VERTEX_POINT('',#19164);
#5739=VERTEX_POINT('',#19171);
#5740=VERTEX_POINT('',#19173);
#5741=VERTEX_POINT('',#19177);
#5742=VERTEX_POINT('',#19179);
#5743=VERTEX_POINT('',#19186);
#5744=VERTEX_POINT('',#19188);
#5745=VERTEX_POINT('',#19192);
#5746=VERTEX_POINT('',#19194);
#5747=VERTEX_POINT('',#19201);
#5748=VERTEX_POINT('',#19203);
#5749=VERTEX_POINT('',#19207);
#5750=VERTEX_POINT('',#19209);
#5751=VERTEX_POINT('',#19216);
#5752=VERTEX_POINT('',#19218);
#5753=VERTEX_POINT('',#19222);
#5754=VERTEX_POINT('',#19224);
#5755=VERTEX_POINT('',#19231);
#5756=VERTEX_POINT('',#19233);
#5757=VERTEX_POINT('',#19237);
#5758=VERTEX_POINT('',#19239);
#5759=VERTEX_POINT('',#19246);
#5760=VERTEX_POINT('',#19248);
#5761=VERTEX_POINT('',#19252);
#5762=VERTEX_POINT('',#19254);
#5763=VERTEX_POINT('',#19261);
#5764=VERTEX_POINT('',#19263);
#5765=VERTEX_POINT('',#19267);
#5766=VERTEX_POINT('',#19269);
#5767=VERTEX_POINT('',#19276);
#5768=VERTEX_POINT('',#19278);
#5769=VERTEX_POINT('',#19282);
#5770=VERTEX_POINT('',#19284);
#5771=VERTEX_POINT('',#19291);
#5772=VERTEX_POINT('',#19293);
#5773=VERTEX_POINT('',#19297);
#5774=VERTEX_POINT('',#19299);
#5775=VERTEX_POINT('',#19306);
#5776=VERTEX_POINT('',#19308);
#5777=VERTEX_POINT('',#19312);
#5778=VERTEX_POINT('',#19314);
#5779=VERTEX_POINT('',#19321);
#5780=VERTEX_POINT('',#19323);
#5781=VERTEX_POINT('',#19327);
#5782=VERTEX_POINT('',#19329);
#5783=VERTEX_POINT('',#19336);
#5784=VERTEX_POINT('',#19338);
#5785=VERTEX_POINT('',#19342);
#5786=VERTEX_POINT('',#19344);
#5787=VERTEX_POINT('',#19351);
#5788=VERTEX_POINT('',#19353);
#5789=VERTEX_POINT('',#19357);
#5790=VERTEX_POINT('',#19359);
#5791=VERTEX_POINT('',#19366);
#5792=VERTEX_POINT('',#19368);
#5793=VERTEX_POINT('',#19372);
#5794=VERTEX_POINT('',#19374);
#5795=VERTEX_POINT('',#19381);
#5796=VERTEX_POINT('',#19383);
#5797=VERTEX_POINT('',#19387);
#5798=VERTEX_POINT('',#19389);
#5799=VERTEX_POINT('',#19396);
#5800=VERTEX_POINT('',#19398);
#5801=VERTEX_POINT('',#19402);
#5802=VERTEX_POINT('',#19404);
#5803=VERTEX_POINT('',#19411);
#5804=VERTEX_POINT('',#19413);
#5805=VERTEX_POINT('',#19417);
#5806=VERTEX_POINT('',#19419);
#5807=VERTEX_POINT('',#19426);
#5808=VERTEX_POINT('',#19428);
#5809=VERTEX_POINT('',#19432);
#5810=VERTEX_POINT('',#19434);
#5811=VERTEX_POINT('',#19441);
#5812=VERTEX_POINT('',#19443);
#5813=VERTEX_POINT('',#19447);
#5814=VERTEX_POINT('',#19449);
#5815=VERTEX_POINT('',#19456);
#5816=VERTEX_POINT('',#19458);
#5817=VERTEX_POINT('',#19462);
#5818=VERTEX_POINT('',#19464);
#5819=VERTEX_POINT('',#19471);
#5820=VERTEX_POINT('',#19473);
#5821=VERTEX_POINT('',#19477);
#5822=VERTEX_POINT('',#19479);
#5823=VERTEX_POINT('',#19486);
#5824=VERTEX_POINT('',#19488);
#5825=VERTEX_POINT('',#19492);
#5826=VERTEX_POINT('',#19494);
#5827=VERTEX_POINT('',#19501);
#5828=VERTEX_POINT('',#19503);
#5829=VERTEX_POINT('',#19507);
#5830=VERTEX_POINT('',#19509);
#5831=VERTEX_POINT('',#19516);
#5832=VERTEX_POINT('',#19518);
#5833=VERTEX_POINT('',#19522);
#5834=VERTEX_POINT('',#19524);
#5835=VERTEX_POINT('',#19531);
#5836=VERTEX_POINT('',#19533);
#5837=VERTEX_POINT('',#19537);
#5838=VERTEX_POINT('',#19539);
#5839=VERTEX_POINT('',#19546);
#5840=VERTEX_POINT('',#19548);
#5841=VERTEX_POINT('',#19552);
#5842=VERTEX_POINT('',#19554);
#5843=VERTEX_POINT('',#19561);
#5844=VERTEX_POINT('',#19563);
#5845=VERTEX_POINT('',#19567);
#5846=VERTEX_POINT('',#19569);
#5847=VERTEX_POINT('',#19576);
#5848=VERTEX_POINT('',#19578);
#5849=VERTEX_POINT('',#19582);
#5850=VERTEX_POINT('',#19584);
#5851=VERTEX_POINT('',#19591);
#5852=VERTEX_POINT('',#19593);
#5853=VERTEX_POINT('',#19597);
#5854=VERTEX_POINT('',#19599);
#5855=VERTEX_POINT('',#19606);
#5856=VERTEX_POINT('',#19608);
#5857=VERTEX_POINT('',#19612);
#5858=VERTEX_POINT('',#19614);
#5859=VERTEX_POINT('',#19621);
#5860=VERTEX_POINT('',#19623);
#5861=VERTEX_POINT('',#19627);
#5862=VERTEX_POINT('',#19629);
#5863=VERTEX_POINT('',#19636);
#5864=VERTEX_POINT('',#19638);
#5865=VERTEX_POINT('',#19642);
#5866=VERTEX_POINT('',#19644);
#5867=VERTEX_POINT('',#19651);
#5868=VERTEX_POINT('',#19653);
#5869=VERTEX_POINT('',#19657);
#5870=VERTEX_POINT('',#19659);
#5871=VERTEX_POINT('',#19666);
#5872=VERTEX_POINT('',#19668);
#5873=VERTEX_POINT('',#19672);
#5874=VERTEX_POINT('',#19674);
#5875=VERTEX_POINT('',#19681);
#5876=VERTEX_POINT('',#19683);
#5877=VERTEX_POINT('',#19687);
#5878=VERTEX_POINT('',#19689);
#5879=VERTEX_POINT('',#19696);
#5880=VERTEX_POINT('',#19698);
#5881=VERTEX_POINT('',#19702);
#5882=VERTEX_POINT('',#19704);
#5883=VERTEX_POINT('',#19711);
#5884=VERTEX_POINT('',#19713);
#5885=VERTEX_POINT('',#19717);
#5886=VERTEX_POINT('',#19719);
#5887=VERTEX_POINT('',#19726);
#5888=VERTEX_POINT('',#19728);
#5889=VERTEX_POINT('',#19732);
#5890=VERTEX_POINT('',#19734);
#5891=VERTEX_POINT('',#19741);
#5892=VERTEX_POINT('',#19743);
#5893=VERTEX_POINT('',#19747);
#5894=VERTEX_POINT('',#19749);
#5895=VERTEX_POINT('',#19756);
#5896=VERTEX_POINT('',#19758);
#5897=VERTEX_POINT('',#19762);
#5898=VERTEX_POINT('',#19764);
#5899=VERTEX_POINT('',#19771);
#5900=VERTEX_POINT('',#19773);
#5901=VERTEX_POINT('',#19777);
#5902=VERTEX_POINT('',#19779);
#5903=VERTEX_POINT('',#19786);
#5904=VERTEX_POINT('',#19788);
#5905=VERTEX_POINT('',#19792);
#5906=VERTEX_POINT('',#19794);
#5907=VERTEX_POINT('',#19801);
#5908=VERTEX_POINT('',#19803);
#5909=VERTEX_POINT('',#19807);
#5910=VERTEX_POINT('',#19809);
#5911=VERTEX_POINT('',#19816);
#5912=VERTEX_POINT('',#19818);
#5913=VERTEX_POINT('',#19822);
#5914=VERTEX_POINT('',#19824);
#5915=VERTEX_POINT('',#19831);
#5916=VERTEX_POINT('',#19833);
#5917=VERTEX_POINT('',#19837);
#5918=VERTEX_POINT('',#19839);
#5919=VERTEX_POINT('',#19846);
#5920=VERTEX_POINT('',#19848);
#5921=VERTEX_POINT('',#19852);
#5922=VERTEX_POINT('',#19854);
#5923=VERTEX_POINT('',#19861);
#5924=VERTEX_POINT('',#19863);
#5925=VERTEX_POINT('',#19867);
#5926=VERTEX_POINT('',#19869);
#5927=VERTEX_POINT('',#19876);
#5928=VERTEX_POINT('',#19878);
#5929=VERTEX_POINT('',#19882);
#5930=VERTEX_POINT('',#19884);
#5931=VERTEX_POINT('',#19891);
#5932=VERTEX_POINT('',#19893);
#5933=VERTEX_POINT('',#19897);
#5934=VERTEX_POINT('',#19899);
#5935=VERTEX_POINT('',#19906);
#5936=VERTEX_POINT('',#19908);
#5937=VERTEX_POINT('',#19912);
#5938=VERTEX_POINT('',#19914);
#5939=VERTEX_POINT('',#19921);
#5940=VERTEX_POINT('',#19923);
#5941=VERTEX_POINT('',#19927);
#5942=VERTEX_POINT('',#19929);
#5943=VERTEX_POINT('',#19936);
#5944=VERTEX_POINT('',#19938);
#5945=VERTEX_POINT('',#19942);
#5946=VERTEX_POINT('',#19944);
#5947=VERTEX_POINT('',#19951);
#5948=VERTEX_POINT('',#19953);
#5949=VERTEX_POINT('',#19957);
#5950=VERTEX_POINT('',#19959);
#5951=VERTEX_POINT('',#19966);
#5952=VERTEX_POINT('',#19968);
#5953=VERTEX_POINT('',#19972);
#5954=VERTEX_POINT('',#19974);
#5955=VERTEX_POINT('',#19981);
#5956=VERTEX_POINT('',#19983);
#5957=VERTEX_POINT('',#19987);
#5958=VERTEX_POINT('',#19989);
#5959=VERTEX_POINT('',#19996);
#5960=VERTEX_POINT('',#19998);
#5961=VERTEX_POINT('',#20002);
#5962=VERTEX_POINT('',#20004);
#5963=VERTEX_POINT('',#20011);
#5964=VERTEX_POINT('',#20013);
#5965=VERTEX_POINT('',#20017);
#5966=VERTEX_POINT('',#20019);
#5967=VERTEX_POINT('',#20026);
#5968=VERTEX_POINT('',#20028);
#5969=VERTEX_POINT('',#20032);
#5970=VERTEX_POINT('',#20034);
#5971=VERTEX_POINT('',#20041);
#5972=VERTEX_POINT('',#20043);
#5973=VERTEX_POINT('',#20047);
#5974=VERTEX_POINT('',#20049);
#5975=VERTEX_POINT('',#20056);
#5976=VERTEX_POINT('',#20058);
#5977=VERTEX_POINT('',#20062);
#5978=VERTEX_POINT('',#20064);
#5979=VERTEX_POINT('',#20071);
#5980=VERTEX_POINT('',#20073);
#5981=VERTEX_POINT('',#20077);
#5982=VERTEX_POINT('',#20079);
#5983=VERTEX_POINT('',#20086);
#5984=VERTEX_POINT('',#20088);
#5985=VERTEX_POINT('',#20092);
#5986=VERTEX_POINT('',#20094);
#5987=VERTEX_POINT('',#20101);
#5988=VERTEX_POINT('',#20103);
#5989=VERTEX_POINT('',#20107);
#5990=VERTEX_POINT('',#20109);
#5991=VERTEX_POINT('',#20116);
#5992=VERTEX_POINT('',#20118);
#5993=VERTEX_POINT('',#20122);
#5994=VERTEX_POINT('',#20124);
#5995=VERTEX_POINT('',#20131);
#5996=VERTEX_POINT('',#20133);
#5997=VERTEX_POINT('',#20137);
#5998=VERTEX_POINT('',#20139);
#5999=VERTEX_POINT('',#20146);
#6000=VERTEX_POINT('',#20148);
#6001=VERTEX_POINT('',#20152);
#6002=VERTEX_POINT('',#20154);
#6003=VERTEX_POINT('',#20161);
#6004=VERTEX_POINT('',#20163);
#6005=VERTEX_POINT('',#20167);
#6006=VERTEX_POINT('',#20169);
#6007=VERTEX_POINT('',#20176);
#6008=VERTEX_POINT('',#20178);
#6009=VERTEX_POINT('',#20182);
#6010=VERTEX_POINT('',#20184);
#6011=VERTEX_POINT('',#20191);
#6012=VERTEX_POINT('',#20193);
#6013=VERTEX_POINT('',#20197);
#6014=VERTEX_POINT('',#20199);
#6015=VERTEX_POINT('',#20206);
#6016=VERTEX_POINT('',#20208);
#6017=VERTEX_POINT('',#20212);
#6018=VERTEX_POINT('',#20214);
#6019=VERTEX_POINT('',#20221);
#6020=VERTEX_POINT('',#20223);
#6021=VERTEX_POINT('',#20227);
#6022=VERTEX_POINT('',#20229);
#6023=VERTEX_POINT('',#20236);
#6024=VERTEX_POINT('',#20238);
#6025=VERTEX_POINT('',#20242);
#6026=VERTEX_POINT('',#20244);
#6027=VERTEX_POINT('',#20251);
#6028=VERTEX_POINT('',#20253);
#6029=VERTEX_POINT('',#20257);
#6030=VERTEX_POINT('',#20259);
#6031=VERTEX_POINT('',#20266);
#6032=VERTEX_POINT('',#20268);
#6033=VERTEX_POINT('',#20272);
#6034=VERTEX_POINT('',#20274);
#6035=VERTEX_POINT('',#20281);
#6036=VERTEX_POINT('',#20283);
#6037=VERTEX_POINT('',#20287);
#6038=VERTEX_POINT('',#20289);
#6039=VERTEX_POINT('',#20296);
#6040=VERTEX_POINT('',#20298);
#6041=VERTEX_POINT('',#20302);
#6042=VERTEX_POINT('',#20304);
#6043=VERTEX_POINT('',#20311);
#6044=VERTEX_POINT('',#20313);
#6045=VERTEX_POINT('',#20317);
#6046=VERTEX_POINT('',#20319);
#6047=VERTEX_POINT('',#20326);
#6048=VERTEX_POINT('',#20328);
#6049=VERTEX_POINT('',#20332);
#6050=VERTEX_POINT('',#20334);
#6051=VERTEX_POINT('',#20341);
#6052=VERTEX_POINT('',#20343);
#6053=VERTEX_POINT('',#20347);
#6054=VERTEX_POINT('',#20349);
#6055=VERTEX_POINT('',#20356);
#6056=VERTEX_POINT('',#20358);
#6057=VERTEX_POINT('',#20362);
#6058=VERTEX_POINT('',#20364);
#6059=VERTEX_POINT('',#20371);
#6060=VERTEX_POINT('',#20373);
#6061=VERTEX_POINT('',#20377);
#6062=VERTEX_POINT('',#20379);
#6063=VERTEX_POINT('',#20386);
#6064=VERTEX_POINT('',#20388);
#6065=VERTEX_POINT('',#20392);
#6066=VERTEX_POINT('',#20394);
#6067=VERTEX_POINT('',#20401);
#6068=VERTEX_POINT('',#20403);
#6069=VERTEX_POINT('',#20407);
#6070=VERTEX_POINT('',#20409);
#6071=VERTEX_POINT('',#20416);
#6072=VERTEX_POINT('',#20418);
#6073=VERTEX_POINT('',#20422);
#6074=VERTEX_POINT('',#20424);
#6075=VERTEX_POINT('',#20431);
#6076=VERTEX_POINT('',#20433);
#6077=VERTEX_POINT('',#20437);
#6078=VERTEX_POINT('',#20439);
#6079=VERTEX_POINT('',#20446);
#6080=VERTEX_POINT('',#20448);
#6081=VERTEX_POINT('',#20452);
#6082=VERTEX_POINT('',#20454);
#6083=VERTEX_POINT('',#20461);
#6084=VERTEX_POINT('',#20463);
#6085=VERTEX_POINT('',#20467);
#6086=VERTEX_POINT('',#20469);
#6087=VERTEX_POINT('',#20476);
#6088=VERTEX_POINT('',#20478);
#6089=VERTEX_POINT('',#20482);
#6090=VERTEX_POINT('',#20484);
#6091=VERTEX_POINT('',#20491);
#6092=VERTEX_POINT('',#20493);
#6093=VERTEX_POINT('',#20497);
#6094=VERTEX_POINT('',#20499);
#6095=VERTEX_POINT('',#20506);
#6096=VERTEX_POINT('',#20508);
#6097=VERTEX_POINT('',#20512);
#6098=VERTEX_POINT('',#20514);
#6099=VERTEX_POINT('',#20521);
#6100=VERTEX_POINT('',#20523);
#6101=VERTEX_POINT('',#20527);
#6102=VERTEX_POINT('',#20529);
#6103=VERTEX_POINT('',#20536);
#6104=VERTEX_POINT('',#20538);
#6105=VERTEX_POINT('',#20542);
#6106=VERTEX_POINT('',#20544);
#6107=VERTEX_POINT('',#20551);
#6108=VERTEX_POINT('',#20553);
#6109=VERTEX_POINT('',#20557);
#6110=VERTEX_POINT('',#20559);
#6111=VERTEX_POINT('',#20566);
#6112=VERTEX_POINT('',#20568);
#6113=VERTEX_POINT('',#20572);
#6114=VERTEX_POINT('',#20574);
#6115=VERTEX_POINT('',#20581);
#6116=VERTEX_POINT('',#20583);
#6117=VERTEX_POINT('',#20587);
#6118=VERTEX_POINT('',#20589);
#6119=VERTEX_POINT('',#20596);
#6120=VERTEX_POINT('',#20598);
#6121=VERTEX_POINT('',#20602);
#6122=VERTEX_POINT('',#20604);
#6123=VERTEX_POINT('',#20611);
#6124=VERTEX_POINT('',#20613);
#6125=VERTEX_POINT('',#20617);
#6126=VERTEX_POINT('',#20619);
#6127=VERTEX_POINT('',#20626);
#6128=VERTEX_POINT('',#20628);
#6129=VERTEX_POINT('',#20632);
#6130=VERTEX_POINT('',#20634);
#6131=VERTEX_POINT('',#20641);
#6132=VERTEX_POINT('',#20643);
#6133=VERTEX_POINT('',#20647);
#6134=VERTEX_POINT('',#20649);
#6135=VERTEX_POINT('',#20656);
#6136=VERTEX_POINT('',#20658);
#6137=VERTEX_POINT('',#20662);
#6138=VERTEX_POINT('',#20664);
#6139=VERTEX_POINT('',#20671);
#6140=VERTEX_POINT('',#20673);
#6141=VERTEX_POINT('',#20677);
#6142=VERTEX_POINT('',#20681);
#6143=EDGE_CURVE('',#4903,#4904,#1503,.T.);
#6144=EDGE_CURVE('',#4905,#4903,#1343,.T.);
#6145=EDGE_CURVE('',#4906,#4905,#1504,.T.);
#6146=EDGE_CURVE('',#4904,#4906,#1344,.T.);
#6147=EDGE_CURVE('',#4905,#4907,#1505,.T.);
#6148=EDGE_CURVE('',#4908,#4907,#1506,.T.);
#6149=EDGE_CURVE('',#4906,#4908,#1507,.T.);
#6150=EDGE_CURVE('',#4903,#4909,#1508,.T.);
#6151=EDGE_CURVE('',#4907,#4909,#1345,.T.);
#6152=EDGE_CURVE('',#4910,#4911,#1509,.T.);
#6153=EDGE_CURVE('',#4910,#4912,#1346,.T.);
#6154=EDGE_CURVE('',#4912,#4913,#1510,.T.);
#6155=EDGE_CURVE('',#4911,#4913,#1347,.T.);
#6156=EDGE_CURVE('',#4914,#4915,#1511,.T.);
#6157=EDGE_CURVE('',#4914,#4916,#1348,.T.);
#6158=EDGE_CURVE('',#4916,#4917,#1512,.T.);
#6159=EDGE_CURVE('',#4915,#4917,#1349,.T.);
#6160=EDGE_CURVE('',#4918,#4919,#1513,.T.);
#6161=EDGE_CURVE('',#4918,#4920,#1350,.T.);
#6162=EDGE_CURVE('',#4920,#4921,#1514,.T.);
#6163=EDGE_CURVE('',#4919,#4921,#1351,.T.);
#6164=EDGE_CURVE('',#4922,#4923,#1515,.T.);
#6165=EDGE_CURVE('',#4922,#4924,#1352,.T.);
#6166=EDGE_CURVE('',#4924,#4925,#1516,.T.);
#6167=EDGE_CURVE('',#4923,#4925,#1353,.T.);
#6168=EDGE_CURVE('',#4926,#4927,#1517,.T.);
#6169=EDGE_CURVE('',#4926,#4928,#1354,.T.);
#6170=EDGE_CURVE('',#4928,#4929,#1518,.T.);
#6171=EDGE_CURVE('',#4927,#4929,#1355,.T.);
#6172=EDGE_CURVE('',#4930,#4931,#1519,.T.);
#6173=EDGE_CURVE('',#4930,#4932,#1356,.T.);
#6174=EDGE_CURVE('',#4932,#4933,#1520,.T.);
#6175=EDGE_CURVE('',#4931,#4933,#1357,.T.);
#6176=EDGE_CURVE('',#4934,#4935,#1521,.T.);
#6177=EDGE_CURVE('',#4934,#4936,#1358,.T.);
#6178=EDGE_CURVE('',#4936,#4937,#1522,.T.);
#6179=EDGE_CURVE('',#4935,#4937,#1359,.T.);
#6180=EDGE_CURVE('',#4938,#4939,#1523,.T.);
#6181=EDGE_CURVE('',#4938,#4940,#1360,.T.);
#6182=EDGE_CURVE('',#4940,#4941,#1524,.T.);
#6183=EDGE_CURVE('',#4939,#4941,#1361,.T.);
#6184=EDGE_CURVE('',#4942,#4943,#1525,.T.);
#6185=EDGE_CURVE('',#4942,#4944,#1362,.T.);
#6186=EDGE_CURVE('',#4944,#4945,#1526,.T.);
#6187=EDGE_CURVE('',#4943,#4945,#1363,.T.);
#6188=EDGE_CURVE('',#4946,#4947,#1527,.T.);
#6189=EDGE_CURVE('',#4946,#4948,#1364,.T.);
#6190=EDGE_CURVE('',#4948,#4949,#1528,.T.);
#6191=EDGE_CURVE('',#4947,#4949,#1365,.T.);
#6192=EDGE_CURVE('',#4950,#4951,#1529,.T.);
#6193=EDGE_CURVE('',#4950,#4952,#1366,.T.);
#6194=EDGE_CURVE('',#4952,#4953,#1530,.T.);
#6195=EDGE_CURVE('',#4951,#4953,#1367,.T.);
#6196=EDGE_CURVE('',#4954,#4955,#1531,.T.);
#6197=EDGE_CURVE('',#4954,#4956,#1368,.T.);
#6198=EDGE_CURVE('',#4956,#4957,#1532,.T.);
#6199=EDGE_CURVE('',#4955,#4957,#1369,.T.);
#6200=EDGE_CURVE('',#4958,#4959,#1533,.T.);
#6201=EDGE_CURVE('',#4958,#4960,#1370,.T.);
#6202=EDGE_CURVE('',#4960,#4961,#1534,.T.);
#6203=EDGE_CURVE('',#4959,#4961,#1371,.T.);
#6204=EDGE_CURVE('',#4962,#4963,#1535,.T.);
#6205=EDGE_CURVE('',#4962,#4964,#1372,.T.);
#6206=EDGE_CURVE('',#4964,#4965,#1536,.T.);
#6207=EDGE_CURVE('',#4963,#4965,#1373,.T.);
#6208=EDGE_CURVE('',#4966,#4967,#1537,.T.);
#6209=EDGE_CURVE('',#4966,#4968,#1374,.T.);
#6210=EDGE_CURVE('',#4968,#4969,#1538,.T.);
#6211=EDGE_CURVE('',#4967,#4969,#1375,.T.);
#6212=EDGE_CURVE('',#4970,#4971,#1539,.T.);
#6213=EDGE_CURVE('',#4970,#4972,#1376,.T.);
#6214=EDGE_CURVE('',#4972,#4973,#1540,.T.);
#6215=EDGE_CURVE('',#4971,#4973,#1377,.T.);
#6216=EDGE_CURVE('',#4974,#4975,#1541,.T.);
#6217=EDGE_CURVE('',#4974,#4976,#1378,.T.);
#6218=EDGE_CURVE('',#4976,#4977,#1542,.T.);
#6219=EDGE_CURVE('',#4975,#4977,#1379,.T.);
#6220=EDGE_CURVE('',#4978,#4979,#1543,.T.);
#6221=EDGE_CURVE('',#4978,#4980,#1380,.T.);
#6222=EDGE_CURVE('',#4980,#4981,#1544,.T.);
#6223=EDGE_CURVE('',#4979,#4981,#1381,.T.);
#6224=EDGE_CURVE('',#4982,#4983,#1545,.T.);
#6225=EDGE_CURVE('',#4982,#4984,#1382,.T.);
#6226=EDGE_CURVE('',#4984,#4985,#1546,.T.);
#6227=EDGE_CURVE('',#4983,#4985,#1383,.T.);
#6228=EDGE_CURVE('',#4986,#4987,#1547,.T.);
#6229=EDGE_CURVE('',#4986,#4988,#1384,.T.);
#6230=EDGE_CURVE('',#4988,#4989,#1548,.T.);
#6231=EDGE_CURVE('',#4987,#4989,#1385,.T.);
#6232=EDGE_CURVE('',#4990,#4991,#1549,.T.);
#6233=EDGE_CURVE('',#4990,#4992,#1386,.T.);
#6234=EDGE_CURVE('',#4992,#4993,#1550,.T.);
#6235=EDGE_CURVE('',#4991,#4993,#1387,.T.);
#6236=EDGE_CURVE('',#4994,#4995,#1551,.T.);
#6237=EDGE_CURVE('',#4994,#4996,#1388,.T.);
#6238=EDGE_CURVE('',#4996,#4997,#1552,.T.);
#6239=EDGE_CURVE('',#4995,#4997,#1389,.T.);
#6240=EDGE_CURVE('',#4998,#4999,#1553,.T.);
#6241=EDGE_CURVE('',#4998,#5000,#1390,.T.);
#6242=EDGE_CURVE('',#5000,#5001,#1554,.T.);
#6243=EDGE_CURVE('',#4999,#5001,#1391,.T.);
#6244=EDGE_CURVE('',#5002,#5003,#1555,.T.);
#6245=EDGE_CURVE('',#5002,#5004,#1392,.T.);
#6246=EDGE_CURVE('',#5004,#5005,#1556,.T.);
#6247=EDGE_CURVE('',#5003,#5005,#1393,.T.);
#6248=EDGE_CURVE('',#5006,#5007,#1557,.T.);
#6249=EDGE_CURVE('',#5006,#5008,#1394,.T.);
#6250=EDGE_CURVE('',#5008,#5009,#1558,.T.);
#6251=EDGE_CURVE('',#5007,#5009,#1395,.T.);
#6252=EDGE_CURVE('',#5010,#5011,#1559,.T.);
#6253=EDGE_CURVE('',#5010,#5012,#1396,.T.);
#6254=EDGE_CURVE('',#5012,#5013,#1560,.T.);
#6255=EDGE_CURVE('',#5011,#5013,#1397,.T.);
#6256=EDGE_CURVE('',#5014,#5015,#1561,.T.);
#6257=EDGE_CURVE('',#5014,#5016,#1398,.T.);
#6258=EDGE_CURVE('',#5016,#5017,#1562,.T.);
#6259=EDGE_CURVE('',#5015,#5017,#1399,.T.);
#6260=EDGE_CURVE('',#5018,#5019,#1563,.T.);
#6261=EDGE_CURVE('',#5018,#5020,#1400,.T.);
#6262=EDGE_CURVE('',#5020,#5021,#1564,.T.);
#6263=EDGE_CURVE('',#5019,#5021,#1401,.T.);
#6264=EDGE_CURVE('',#5022,#5023,#1565,.T.);
#6265=EDGE_CURVE('',#5022,#5024,#1402,.T.);
#6266=EDGE_CURVE('',#5024,#5025,#1566,.T.);
#6267=EDGE_CURVE('',#5023,#5025,#1403,.T.);
#6268=EDGE_CURVE('',#5026,#5027,#1567,.T.);
#6269=EDGE_CURVE('',#5026,#5028,#1404,.T.);
#6270=EDGE_CURVE('',#5028,#5029,#1568,.T.);
#6271=EDGE_CURVE('',#5027,#5029,#1405,.T.);
#6272=EDGE_CURVE('',#5030,#5031,#1569,.T.);
#6273=EDGE_CURVE('',#5030,#5032,#1406,.T.);
#6274=EDGE_CURVE('',#5032,#5033,#1570,.T.);
#6275=EDGE_CURVE('',#5031,#5033,#1407,.T.);
#6276=EDGE_CURVE('',#5034,#5035,#1571,.T.);
#6277=EDGE_CURVE('',#5034,#5036,#1408,.T.);
#6278=EDGE_CURVE('',#5036,#5037,#1572,.T.);
#6279=EDGE_CURVE('',#5035,#5037,#1409,.T.);
#6280=EDGE_CURVE('',#5038,#5039,#1573,.T.);
#6281=EDGE_CURVE('',#5038,#5040,#1410,.T.);
#6282=EDGE_CURVE('',#5040,#5041,#1574,.T.);
#6283=EDGE_CURVE('',#5039,#5041,#1411,.T.);
#6284=EDGE_CURVE('',#5042,#5043,#1575,.T.);
#6285=EDGE_CURVE('',#5042,#5044,#1412,.T.);
#6286=EDGE_CURVE('',#5044,#5045,#1576,.T.);
#6287=EDGE_CURVE('',#5043,#5045,#1413,.T.);
#6288=EDGE_CURVE('',#5046,#5047,#1577,.T.);
#6289=EDGE_CURVE('',#5046,#5048,#1414,.T.);
#6290=EDGE_CURVE('',#5048,#5049,#1578,.T.);
#6291=EDGE_CURVE('',#5047,#5049,#1415,.T.);
#6292=EDGE_CURVE('',#5050,#5051,#1579,.T.);
#6293=EDGE_CURVE('',#5050,#5052,#1416,.T.);
#6294=EDGE_CURVE('',#5052,#5053,#1580,.T.);
#6295=EDGE_CURVE('',#5051,#5053,#1417,.T.);
#6296=EDGE_CURVE('',#5054,#5055,#1581,.T.);
#6297=EDGE_CURVE('',#5054,#5056,#1418,.T.);
#6298=EDGE_CURVE('',#5056,#5057,#1582,.T.);
#6299=EDGE_CURVE('',#5055,#5057,#1419,.T.);
#6300=EDGE_CURVE('',#5058,#5059,#1583,.T.);
#6301=EDGE_CURVE('',#5058,#5060,#1420,.T.);
#6302=EDGE_CURVE('',#5060,#5061,#1584,.T.);
#6303=EDGE_CURVE('',#5059,#5061,#1421,.T.);
#6304=EDGE_CURVE('',#5062,#5063,#1585,.T.);
#6305=EDGE_CURVE('',#5062,#5064,#1586,.T.);
#6306=EDGE_CURVE('',#5065,#5064,#1587,.T.);
#6307=EDGE_CURVE('',#5063,#5065,#1588,.T.);
#6308=EDGE_CURVE('',#5066,#5067,#1589,.T.);
#6309=EDGE_CURVE('',#5066,#5068,#1590,.T.);
#6310=EDGE_CURVE('',#5069,#5068,#1591,.T.);
#6311=EDGE_CURVE('',#5067,#5069,#1592,.T.);
#6312=EDGE_CURVE('',#5070,#5071,#1593,.T.);
#6313=EDGE_CURVE('',#5070,#5072,#1594,.T.);
#6314=EDGE_CURVE('',#5073,#5072,#1595,.T.);
#6315=EDGE_CURVE('',#5071,#5073,#1596,.T.);
#6316=EDGE_CURVE('',#5074,#5075,#1597,.T.);
#6317=EDGE_CURVE('',#5074,#5076,#1598,.T.);
#6318=EDGE_CURVE('',#5077,#5076,#1599,.T.);
#6319=EDGE_CURVE('',#5075,#5077,#1600,.T.);
#6320=EDGE_CURVE('',#5078,#5079,#1601,.T.);
#6321=EDGE_CURVE('',#5078,#5080,#1602,.T.);
#6322=EDGE_CURVE('',#5081,#5080,#1603,.T.);
#6323=EDGE_CURVE('',#5079,#5081,#1604,.T.);
#6324=EDGE_CURVE('',#5082,#5083,#1605,.T.);
#6325=EDGE_CURVE('',#5082,#5084,#1606,.T.);
#6326=EDGE_CURVE('',#5085,#5084,#1607,.T.);
#6327=EDGE_CURVE('',#5083,#5085,#1608,.T.);
#6328=EDGE_CURVE('',#5086,#5087,#1609,.T.);
#6329=EDGE_CURVE('',#5086,#5088,#1610,.T.);
#6330=EDGE_CURVE('',#5089,#5088,#1611,.T.);
#6331=EDGE_CURVE('',#5087,#5089,#1612,.T.);
#6332=EDGE_CURVE('',#5090,#5091,#1613,.T.);
#6333=EDGE_CURVE('',#5090,#5092,#1614,.T.);
#6334=EDGE_CURVE('',#5093,#5092,#1615,.T.);
#6335=EDGE_CURVE('',#5091,#5093,#1616,.T.);
#6336=EDGE_CURVE('',#5094,#5095,#1617,.T.);
#6337=EDGE_CURVE('',#5094,#5096,#1618,.T.);
#6338=EDGE_CURVE('',#5097,#5096,#1619,.T.);
#6339=EDGE_CURVE('',#5095,#5097,#1620,.T.);
#6340=EDGE_CURVE('',#5098,#5099,#1621,.T.);
#6341=EDGE_CURVE('',#5098,#5100,#1622,.T.);
#6342=EDGE_CURVE('',#5101,#5100,#1623,.T.);
#6343=EDGE_CURVE('',#5099,#5101,#1624,.T.);
#6344=EDGE_CURVE('',#5102,#5103,#1625,.T.);
#6345=EDGE_CURVE('',#5102,#5104,#1626,.T.);
#6346=EDGE_CURVE('',#5105,#5104,#1627,.T.);
#6347=EDGE_CURVE('',#5103,#5105,#1628,.T.);
#6348=EDGE_CURVE('',#5106,#5107,#1629,.T.);
#6349=EDGE_CURVE('',#5106,#5108,#1630,.T.);
#6350=EDGE_CURVE('',#5109,#5108,#1631,.T.);
#6351=EDGE_CURVE('',#5107,#5109,#1632,.T.);
#6352=EDGE_CURVE('',#5110,#5111,#1633,.T.);
#6353=EDGE_CURVE('',#5110,#5112,#1634,.T.);
#6354=EDGE_CURVE('',#5113,#5112,#1635,.T.);
#6355=EDGE_CURVE('',#5111,#5113,#1636,.T.);
#6356=EDGE_CURVE('',#5114,#5115,#1637,.T.);
#6357=EDGE_CURVE('',#5114,#5116,#1638,.T.);
#6358=EDGE_CURVE('',#5117,#5116,#1639,.T.);
#6359=EDGE_CURVE('',#5115,#5117,#1640,.T.);
#6360=EDGE_CURVE('',#5118,#5119,#1641,.T.);
#6361=EDGE_CURVE('',#5118,#5120,#1642,.T.);
#6362=EDGE_CURVE('',#5121,#5120,#1643,.T.);
#6363=EDGE_CURVE('',#5119,#5121,#1644,.T.);
#6364=EDGE_CURVE('',#5122,#5123,#1645,.T.);
#6365=EDGE_CURVE('',#5122,#5124,#1646,.T.);
#6366=EDGE_CURVE('',#5125,#5124,#1647,.T.);
#6367=EDGE_CURVE('',#5123,#5125,#1648,.T.);
#6368=EDGE_CURVE('',#5126,#5127,#1649,.T.);
#6369=EDGE_CURVE('',#5126,#5128,#1650,.T.);
#6370=EDGE_CURVE('',#5129,#5128,#1651,.T.);
#6371=EDGE_CURVE('',#5127,#5129,#1652,.T.);
#6372=EDGE_CURVE('',#5130,#5131,#1653,.T.);
#6373=EDGE_CURVE('',#5130,#5132,#1654,.T.);
#6374=EDGE_CURVE('',#5133,#5132,#1655,.T.);
#6375=EDGE_CURVE('',#5131,#5133,#1656,.T.);
#6376=EDGE_CURVE('',#5134,#5135,#1657,.T.);
#6377=EDGE_CURVE('',#5134,#5136,#1658,.T.);
#6378=EDGE_CURVE('',#5137,#5136,#1659,.T.);
#6379=EDGE_CURVE('',#5135,#5137,#1660,.T.);
#6380=EDGE_CURVE('',#5138,#5139,#1661,.T.);
#6381=EDGE_CURVE('',#5138,#5140,#1662,.T.);
#6382=EDGE_CURVE('',#5141,#5140,#1663,.T.);
#6383=EDGE_CURVE('',#5139,#5141,#1664,.T.);
#6384=EDGE_CURVE('',#5142,#5143,#1665,.T.);
#6385=EDGE_CURVE('',#5142,#5144,#1666,.T.);
#6386=EDGE_CURVE('',#5145,#5144,#1667,.T.);
#6387=EDGE_CURVE('',#5143,#5145,#1668,.T.);
#6388=EDGE_CURVE('',#5146,#5147,#1669,.T.);
#6389=EDGE_CURVE('',#5146,#5148,#1670,.T.);
#6390=EDGE_CURVE('',#5149,#5148,#1671,.T.);
#6391=EDGE_CURVE('',#5147,#5149,#1672,.T.);
#6392=EDGE_CURVE('',#5150,#5151,#1673,.T.);
#6393=EDGE_CURVE('',#5150,#5152,#1674,.T.);
#6394=EDGE_CURVE('',#5153,#5152,#1675,.T.);
#6395=EDGE_CURVE('',#5151,#5153,#1676,.T.);
#6396=EDGE_CURVE('',#5154,#5155,#1677,.T.);
#6397=EDGE_CURVE('',#5154,#5156,#1678,.T.);
#6398=EDGE_CURVE('',#5157,#5156,#1679,.T.);
#6399=EDGE_CURVE('',#5155,#5157,#1680,.T.);
#6400=EDGE_CURVE('',#5158,#5159,#1681,.T.);
#6401=EDGE_CURVE('',#5158,#5160,#1682,.T.);
#6402=EDGE_CURVE('',#5161,#5160,#1683,.T.);
#6403=EDGE_CURVE('',#5159,#5161,#1684,.T.);
#6404=EDGE_CURVE('',#5162,#5163,#1685,.T.);
#6405=EDGE_CURVE('',#5162,#5164,#1686,.T.);
#6406=EDGE_CURVE('',#5165,#5164,#1687,.T.);
#6407=EDGE_CURVE('',#5163,#5165,#1688,.T.);
#6408=EDGE_CURVE('',#5166,#5167,#1689,.T.);
#6409=EDGE_CURVE('',#5166,#5168,#1690,.T.);
#6410=EDGE_CURVE('',#5169,#5168,#1691,.T.);
#6411=EDGE_CURVE('',#5167,#5169,#1692,.T.);
#6412=EDGE_CURVE('',#5170,#5171,#1693,.T.);
#6413=EDGE_CURVE('',#5170,#5172,#1694,.T.);
#6414=EDGE_CURVE('',#5173,#5172,#1695,.T.);
#6415=EDGE_CURVE('',#5171,#5173,#1696,.T.);
#6416=EDGE_CURVE('',#5174,#5175,#1697,.T.);
#6417=EDGE_CURVE('',#5174,#5176,#1698,.T.);
#6418=EDGE_CURVE('',#5177,#5176,#1699,.T.);
#6419=EDGE_CURVE('',#5175,#5177,#1700,.T.);
#6420=EDGE_CURVE('',#5178,#5179,#1701,.T.);
#6421=EDGE_CURVE('',#5178,#5180,#1702,.T.);
#6422=EDGE_CURVE('',#5181,#5180,#1703,.T.);
#6423=EDGE_CURVE('',#5179,#5181,#1704,.T.);
#6424=EDGE_CURVE('',#5182,#5183,#1705,.T.);
#6425=EDGE_CURVE('',#5182,#5184,#1706,.T.);
#6426=EDGE_CURVE('',#5185,#5184,#1707,.T.);
#6427=EDGE_CURVE('',#5183,#5185,#1708,.T.);
#6428=EDGE_CURVE('',#5186,#5187,#1709,.T.);
#6429=EDGE_CURVE('',#5186,#5188,#1710,.T.);
#6430=EDGE_CURVE('',#5189,#5188,#1711,.T.);
#6431=EDGE_CURVE('',#5187,#5189,#1712,.T.);
#6432=EDGE_CURVE('',#5190,#5191,#1713,.T.);
#6433=EDGE_CURVE('',#5190,#5192,#1714,.T.);
#6434=EDGE_CURVE('',#5193,#5192,#1715,.T.);
#6435=EDGE_CURVE('',#5191,#5193,#1716,.T.);
#6436=EDGE_CURVE('',#5194,#5195,#1717,.T.);
#6437=EDGE_CURVE('',#5194,#5196,#1718,.T.);
#6438=EDGE_CURVE('',#5197,#5196,#1719,.T.);
#6439=EDGE_CURVE('',#5195,#5197,#1720,.T.);
#6440=EDGE_CURVE('',#5198,#5199,#1721,.T.);
#6441=EDGE_CURVE('',#5198,#5200,#1722,.T.);
#6442=EDGE_CURVE('',#5201,#5200,#1723,.T.);
#6443=EDGE_CURVE('',#5199,#5201,#1724,.T.);
#6444=EDGE_CURVE('',#5202,#5203,#1725,.T.);
#6445=EDGE_CURVE('',#5202,#5204,#1726,.T.);
#6446=EDGE_CURVE('',#5205,#5204,#1727,.T.);
#6447=EDGE_CURVE('',#5203,#5205,#1728,.T.);
#6448=EDGE_CURVE('',#5206,#5207,#1729,.T.);
#6449=EDGE_CURVE('',#5206,#5208,#1730,.T.);
#6450=EDGE_CURVE('',#5209,#5208,#1731,.T.);
#6451=EDGE_CURVE('',#5207,#5209,#1732,.T.);
#6452=EDGE_CURVE('',#5210,#5211,#1733,.T.);
#6453=EDGE_CURVE('',#5212,#5210,#1734,.T.);
#6454=EDGE_CURVE('',#5213,#5212,#1735,.T.);
#6455=EDGE_CURVE('',#5213,#5211,#1736,.T.);
#6456=EDGE_CURVE('',#5214,#5215,#1737,.T.);
#6457=EDGE_CURVE('',#5216,#5214,#1738,.T.);
#6458=EDGE_CURVE('',#5217,#5216,#1739,.T.);
#6459=EDGE_CURVE('',#5217,#5215,#1740,.T.);
#6460=EDGE_CURVE('',#5218,#5219,#1741,.T.);
#6461=EDGE_CURVE('',#5220,#5218,#1742,.T.);
#6462=EDGE_CURVE('',#5221,#5220,#1743,.T.);
#6463=EDGE_CURVE('',#5221,#5219,#1744,.T.);
#6464=EDGE_CURVE('',#5222,#5223,#1745,.T.);
#6465=EDGE_CURVE('',#5224,#5222,#1746,.T.);
#6466=EDGE_CURVE('',#5225,#5224,#1747,.T.);
#6467=EDGE_CURVE('',#5225,#5223,#1748,.T.);
#6468=EDGE_CURVE('',#5226,#5227,#1749,.T.);
#6469=EDGE_CURVE('',#5228,#5226,#1750,.T.);
#6470=EDGE_CURVE('',#5229,#5228,#1751,.T.);
#6471=EDGE_CURVE('',#5229,#5227,#1752,.T.);
#6472=EDGE_CURVE('',#5230,#5231,#1753,.T.);
#6473=EDGE_CURVE('',#5232,#5230,#1754,.T.);
#6474=EDGE_CURVE('',#5233,#5232,#1755,.T.);
#6475=EDGE_CURVE('',#5233,#5231,#1756,.T.);
#6476=EDGE_CURVE('',#5234,#5235,#1757,.T.);
#6477=EDGE_CURVE('',#5236,#5234,#1758,.T.);
#6478=EDGE_CURVE('',#5237,#5236,#1759,.T.);
#6479=EDGE_CURVE('',#5237,#5235,#1760,.T.);
#6480=EDGE_CURVE('',#5238,#5239,#1761,.T.);
#6481=EDGE_CURVE('',#5240,#5238,#1762,.T.);
#6482=EDGE_CURVE('',#5241,#5240,#1763,.T.);
#6483=EDGE_CURVE('',#5241,#5239,#1764,.T.);
#6484=EDGE_CURVE('',#5242,#5243,#1765,.T.);
#6485=EDGE_CURVE('',#5244,#5242,#1766,.T.);
#6486=EDGE_CURVE('',#5245,#5244,#1767,.T.);
#6487=EDGE_CURVE('',#5245,#5243,#1768,.T.);
#6488=EDGE_CURVE('',#5246,#5247,#1769,.T.);
#6489=EDGE_CURVE('',#5248,#5246,#1770,.T.);
#6490=EDGE_CURVE('',#5249,#5248,#1771,.T.);
#6491=EDGE_CURVE('',#5249,#5247,#1772,.T.);
#6492=EDGE_CURVE('',#5250,#5251,#1773,.T.);
#6493=EDGE_CURVE('',#5252,#5250,#1774,.T.);
#6494=EDGE_CURVE('',#5253,#5252,#1775,.T.);
#6495=EDGE_CURVE('',#5253,#5251,#1776,.T.);
#6496=EDGE_CURVE('',#5254,#5255,#1777,.T.);
#6497=EDGE_CURVE('',#5256,#5254,#1778,.T.);
#6498=EDGE_CURVE('',#5257,#5256,#1779,.T.);
#6499=EDGE_CURVE('',#5257,#5255,#1780,.T.);
#6500=EDGE_CURVE('',#5258,#5259,#1781,.T.);
#6501=EDGE_CURVE('',#5260,#5258,#1782,.T.);
#6502=EDGE_CURVE('',#5261,#5260,#1783,.T.);
#6503=EDGE_CURVE('',#5261,#5259,#1784,.T.);
#6504=EDGE_CURVE('',#5262,#5263,#1785,.T.);
#6505=EDGE_CURVE('',#5264,#5262,#1786,.T.);
#6506=EDGE_CURVE('',#5265,#5264,#1787,.T.);
#6507=EDGE_CURVE('',#5265,#5263,#1788,.T.);
#6508=EDGE_CURVE('',#5266,#5267,#1789,.T.);
#6509=EDGE_CURVE('',#5268,#5266,#1790,.T.);
#6510=EDGE_CURVE('',#5269,#5268,#1791,.T.);
#6511=EDGE_CURVE('',#5269,#5267,#1792,.T.);
#6512=EDGE_CURVE('',#5270,#5271,#1793,.T.);
#6513=EDGE_CURVE('',#5272,#5270,#1794,.T.);
#6514=EDGE_CURVE('',#5273,#5272,#1795,.T.);
#6515=EDGE_CURVE('',#5273,#5271,#1796,.T.);
#6516=EDGE_CURVE('',#5274,#5275,#1797,.T.);
#6517=EDGE_CURVE('',#5276,#5274,#1798,.T.);
#6518=EDGE_CURVE('',#5277,#5276,#1799,.T.);
#6519=EDGE_CURVE('',#5277,#5275,#1800,.T.);
#6520=EDGE_CURVE('',#5278,#5279,#1801,.T.);
#6521=EDGE_CURVE('',#5280,#5278,#1802,.T.);
#6522=EDGE_CURVE('',#5281,#5280,#1803,.T.);
#6523=EDGE_CURVE('',#5281,#5279,#1804,.T.);
#6524=EDGE_CURVE('',#5282,#5283,#1805,.T.);
#6525=EDGE_CURVE('',#5284,#5282,#1806,.T.);
#6526=EDGE_CURVE('',#5285,#5284,#1807,.T.);
#6527=EDGE_CURVE('',#5285,#5283,#1808,.T.);
#6528=EDGE_CURVE('',#5286,#5287,#1809,.T.);
#6529=EDGE_CURVE('',#5288,#5286,#1810,.T.);
#6530=EDGE_CURVE('',#5289,#5288,#1811,.T.);
#6531=EDGE_CURVE('',#5289,#5287,#1812,.T.);
#6532=EDGE_CURVE('',#5290,#5291,#1813,.T.);
#6533=EDGE_CURVE('',#5292,#5290,#1814,.T.);
#6534=EDGE_CURVE('',#5293,#5292,#1815,.T.);
#6535=EDGE_CURVE('',#5293,#5291,#1816,.T.);
#6536=EDGE_CURVE('',#5294,#5295,#1817,.T.);
#6537=EDGE_CURVE('',#5296,#5294,#1818,.T.);
#6538=EDGE_CURVE('',#5297,#5296,#1819,.T.);
#6539=EDGE_CURVE('',#5297,#5295,#1820,.T.);
#6540=EDGE_CURVE('',#5298,#5299,#1821,.T.);
#6541=EDGE_CURVE('',#5300,#5298,#1822,.T.);
#6542=EDGE_CURVE('',#5301,#5300,#1823,.T.);
#6543=EDGE_CURVE('',#5301,#5299,#1824,.T.);
#6544=EDGE_CURVE('',#5302,#5303,#1825,.T.);
#6545=EDGE_CURVE('',#5304,#5302,#1826,.T.);
#6546=EDGE_CURVE('',#5305,#5304,#1827,.T.);
#6547=EDGE_CURVE('',#5305,#5303,#1828,.T.);
#6548=EDGE_CURVE('',#5306,#5307,#1829,.T.);
#6549=EDGE_CURVE('',#5308,#5306,#1830,.T.);
#6550=EDGE_CURVE('',#5309,#5308,#1831,.T.);
#6551=EDGE_CURVE('',#5309,#5307,#1832,.T.);
#6552=EDGE_CURVE('',#5310,#5311,#1833,.T.);
#6553=EDGE_CURVE('',#5312,#5310,#1834,.T.);
#6554=EDGE_CURVE('',#5313,#5312,#1835,.T.);
#6555=EDGE_CURVE('',#5313,#5311,#1836,.T.);
#6556=EDGE_CURVE('',#5314,#5315,#1837,.T.);
#6557=EDGE_CURVE('',#5316,#5314,#1838,.T.);
#6558=EDGE_CURVE('',#5317,#5316,#1839,.T.);
#6559=EDGE_CURVE('',#5317,#5315,#1840,.T.);
#6560=EDGE_CURVE('',#5318,#5319,#1841,.T.);
#6561=EDGE_CURVE('',#5320,#5318,#1842,.T.);
#6562=EDGE_CURVE('',#5321,#5320,#1843,.T.);
#6563=EDGE_CURVE('',#5321,#5319,#1844,.T.);
#6564=EDGE_CURVE('',#5322,#5323,#1845,.T.);
#6565=EDGE_CURVE('',#5324,#5322,#1846,.T.);
#6566=EDGE_CURVE('',#5325,#5324,#1847,.T.);
#6567=EDGE_CURVE('',#5325,#5323,#1848,.T.);
#6568=EDGE_CURVE('',#5326,#5327,#1849,.T.);
#6569=EDGE_CURVE('',#5328,#5326,#1850,.T.);
#6570=EDGE_CURVE('',#5329,#5328,#1851,.T.);
#6571=EDGE_CURVE('',#5329,#5327,#1852,.T.);
#6572=EDGE_CURVE('',#5330,#5331,#1853,.T.);
#6573=EDGE_CURVE('',#5332,#5330,#1854,.T.);
#6574=EDGE_CURVE('',#5333,#5332,#1855,.T.);
#6575=EDGE_CURVE('',#5333,#5331,#1856,.T.);
#6576=EDGE_CURVE('',#5334,#5335,#1857,.T.);
#6577=EDGE_CURVE('',#5336,#5334,#1858,.T.);
#6578=EDGE_CURVE('',#5337,#5336,#1859,.T.);
#6579=EDGE_CURVE('',#5337,#5335,#1860,.T.);
#6580=EDGE_CURVE('',#5338,#5339,#1861,.T.);
#6581=EDGE_CURVE('',#5340,#5338,#1862,.T.);
#6582=EDGE_CURVE('',#5341,#5340,#1863,.T.);
#6583=EDGE_CURVE('',#5341,#5339,#1864,.T.);
#6584=EDGE_CURVE('',#5342,#5343,#1865,.T.);
#6585=EDGE_CURVE('',#5344,#5342,#1866,.T.);
#6586=EDGE_CURVE('',#5345,#5344,#1867,.T.);
#6587=EDGE_CURVE('',#5345,#5343,#1868,.T.);
#6588=EDGE_CURVE('',#5346,#5347,#1869,.T.);
#6589=EDGE_CURVE('',#5348,#5346,#1870,.T.);
#6590=EDGE_CURVE('',#5349,#5348,#1871,.T.);
#6591=EDGE_CURVE('',#5349,#5347,#1872,.T.);
#6592=EDGE_CURVE('',#5350,#5351,#1873,.T.);
#6593=EDGE_CURVE('',#5352,#5350,#1874,.T.);
#6594=EDGE_CURVE('',#5353,#5352,#1875,.T.);
#6595=EDGE_CURVE('',#5353,#5351,#1876,.T.);
#6596=EDGE_CURVE('',#5354,#5355,#1877,.T.);
#6597=EDGE_CURVE('',#5356,#5354,#1878,.T.);
#6598=EDGE_CURVE('',#5357,#5356,#1879,.T.);
#6599=EDGE_CURVE('',#5357,#5355,#1880,.T.);
#6600=EDGE_CURVE('',#5358,#5359,#1881,.T.);
#6601=EDGE_CURVE('',#5360,#5358,#1882,.T.);
#6602=EDGE_CURVE('',#5361,#5360,#1883,.T.);
#6603=EDGE_CURVE('',#5361,#5359,#1884,.T.);
#6604=EDGE_CURVE('',#5362,#5363,#1885,.T.);
#6605=EDGE_CURVE('',#5362,#5364,#1422,.T.);
#6606=EDGE_CURVE('',#5364,#5365,#1886,.T.);
#6607=EDGE_CURVE('',#5363,#5365,#1423,.T.);
#6608=EDGE_CURVE('',#5366,#5367,#1887,.T.);
#6609=EDGE_CURVE('',#5366,#5368,#1424,.T.);
#6610=EDGE_CURVE('',#5368,#5369,#1888,.T.);
#6611=EDGE_CURVE('',#5367,#5369,#1425,.T.);
#6612=EDGE_CURVE('',#5370,#5371,#1889,.T.);
#6613=EDGE_CURVE('',#5370,#5372,#1426,.T.);
#6614=EDGE_CURVE('',#5372,#5373,#1890,.T.);
#6615=EDGE_CURVE('',#5371,#5373,#1427,.T.);
#6616=EDGE_CURVE('',#5374,#5375,#1891,.T.);
#6617=EDGE_CURVE('',#5374,#5376,#1428,.T.);
#6618=EDGE_CURVE('',#5376,#5377,#1892,.T.);
#6619=EDGE_CURVE('',#5375,#5377,#1429,.T.);
#6620=EDGE_CURVE('',#5378,#5379,#1893,.T.);
#6621=EDGE_CURVE('',#5378,#5380,#1430,.T.);
#6622=EDGE_CURVE('',#5380,#5381,#1894,.T.);
#6623=EDGE_CURVE('',#5379,#5381,#1431,.T.);
#6624=EDGE_CURVE('',#5382,#5383,#1895,.T.);
#6625=EDGE_CURVE('',#5382,#5384,#1432,.T.);
#6626=EDGE_CURVE('',#5384,#5385,#1896,.T.);
#6627=EDGE_CURVE('',#5383,#5385,#1433,.T.);
#6628=EDGE_CURVE('',#5386,#5387,#1897,.T.);
#6629=EDGE_CURVE('',#5386,#5388,#1434,.T.);
#6630=EDGE_CURVE('',#5388,#5389,#1898,.T.);
#6631=EDGE_CURVE('',#5387,#5389,#1435,.T.);
#6632=EDGE_CURVE('',#5390,#5391,#1899,.T.);
#6633=EDGE_CURVE('',#5390,#5392,#1436,.T.);
#6634=EDGE_CURVE('',#5392,#5393,#1900,.T.);
#6635=EDGE_CURVE('',#5391,#5393,#1437,.T.);
#6636=EDGE_CURVE('',#5394,#5395,#1901,.T.);
#6637=EDGE_CURVE('',#5394,#5396,#1438,.T.);
#6638=EDGE_CURVE('',#5396,#5397,#1902,.T.);
#6639=EDGE_CURVE('',#5395,#5397,#1439,.T.);
#6640=EDGE_CURVE('',#5398,#5399,#1903,.T.);
#6641=EDGE_CURVE('',#5398,#5400,#1440,.T.);
#6642=EDGE_CURVE('',#5400,#5401,#1904,.T.);
#6643=EDGE_CURVE('',#5399,#5401,#1441,.T.);
#6644=EDGE_CURVE('',#5402,#5403,#1905,.T.);
#6645=EDGE_CURVE('',#5402,#5404,#1442,.T.);
#6646=EDGE_CURVE('',#5404,#5405,#1906,.T.);
#6647=EDGE_CURVE('',#5403,#5405,#1443,.T.);
#6648=EDGE_CURVE('',#5406,#5407,#1907,.T.);
#6649=EDGE_CURVE('',#5406,#5408,#1444,.T.);
#6650=EDGE_CURVE('',#5408,#5409,#1908,.T.);
#6651=EDGE_CURVE('',#5407,#5409,#1445,.T.);
#6652=EDGE_CURVE('',#5410,#5411,#1909,.T.);
#6653=EDGE_CURVE('',#5410,#5412,#1446,.T.);
#6654=EDGE_CURVE('',#5412,#5413,#1910,.T.);
#6655=EDGE_CURVE('',#5411,#5413,#1447,.T.);
#6656=EDGE_CURVE('',#5414,#5415,#1911,.T.);
#6657=EDGE_CURVE('',#5414,#5416,#1448,.T.);
#6658=EDGE_CURVE('',#5416,#5417,#1912,.T.);
#6659=EDGE_CURVE('',#5415,#5417,#1449,.T.);
#6660=EDGE_CURVE('',#5418,#5419,#1913,.T.);
#6661=EDGE_CURVE('',#5418,#5420,#1450,.T.);
#6662=EDGE_CURVE('',#5420,#5421,#1914,.T.);
#6663=EDGE_CURVE('',#5419,#5421,#1451,.T.);
#6664=EDGE_CURVE('',#5422,#5423,#1915,.T.);
#6665=EDGE_CURVE('',#5422,#5424,#1452,.T.);
#6666=EDGE_CURVE('',#5424,#5425,#1916,.T.);
#6667=EDGE_CURVE('',#5423,#5425,#1453,.T.);
#6668=EDGE_CURVE('',#5426,#5427,#1917,.T.);
#6669=EDGE_CURVE('',#5426,#5428,#1454,.T.);
#6670=EDGE_CURVE('',#5428,#5429,#1918,.T.);
#6671=EDGE_CURVE('',#5427,#5429,#1455,.T.);
#6672=EDGE_CURVE('',#5430,#5431,#1919,.T.);
#6673=EDGE_CURVE('',#5430,#5432,#1456,.T.);
#6674=EDGE_CURVE('',#5432,#5433,#1920,.T.);
#6675=EDGE_CURVE('',#5431,#5433,#1457,.T.);
#6676=EDGE_CURVE('',#5434,#5435,#1921,.T.);
#6677=EDGE_CURVE('',#5434,#5436,#1458,.T.);
#6678=EDGE_CURVE('',#5436,#5437,#1922,.T.);
#6679=EDGE_CURVE('',#5435,#5437,#1459,.T.);
#6680=EDGE_CURVE('',#5438,#5439,#1923,.T.);
#6681=EDGE_CURVE('',#5438,#5440,#1460,.T.);
#6682=EDGE_CURVE('',#5440,#5441,#1924,.T.);
#6683=EDGE_CURVE('',#5439,#5441,#1461,.T.);
#6684=EDGE_CURVE('',#5442,#5443,#1925,.T.);
#6685=EDGE_CURVE('',#5442,#5444,#1462,.T.);
#6686=EDGE_CURVE('',#5444,#5445,#1926,.T.);
#6687=EDGE_CURVE('',#5443,#5445,#1463,.T.);
#6688=EDGE_CURVE('',#5446,#5447,#1927,.T.);
#6689=EDGE_CURVE('',#5446,#5448,#1464,.T.);
#6690=EDGE_CURVE('',#5448,#5449,#1928,.T.);
#6691=EDGE_CURVE('',#5447,#5449,#1465,.T.);
#6692=EDGE_CURVE('',#5450,#5451,#1929,.T.);
#6693=EDGE_CURVE('',#5450,#5452,#1466,.T.);
#6694=EDGE_CURVE('',#5452,#5453,#1930,.T.);
#6695=EDGE_CURVE('',#5451,#5453,#1467,.T.);
#6696=EDGE_CURVE('',#5454,#5455,#1931,.T.);
#6697=EDGE_CURVE('',#5454,#5456,#1468,.T.);
#6698=EDGE_CURVE('',#5456,#5457,#1932,.T.);
#6699=EDGE_CURVE('',#5455,#5457,#1469,.T.);
#6700=EDGE_CURVE('',#5458,#5459,#1933,.T.);
#6701=EDGE_CURVE('',#5458,#5460,#1470,.T.);
#6702=EDGE_CURVE('',#5460,#5461,#1934,.T.);
#6703=EDGE_CURVE('',#5459,#5461,#1471,.T.);
#6704=EDGE_CURVE('',#5462,#5463,#1935,.T.);
#6705=EDGE_CURVE('',#5462,#5464,#1472,.T.);
#6706=EDGE_CURVE('',#5464,#5465,#1936,.T.);
#6707=EDGE_CURVE('',#5463,#5465,#1473,.T.);
#6708=EDGE_CURVE('',#5466,#5467,#1937,.T.);
#6709=EDGE_CURVE('',#5466,#5468,#1474,.T.);
#6710=EDGE_CURVE('',#5468,#5469,#1938,.T.);
#6711=EDGE_CURVE('',#5467,#5469,#1475,.T.);
#6712=EDGE_CURVE('',#5470,#5471,#1939,.T.);
#6713=EDGE_CURVE('',#5470,#5472,#1476,.T.);
#6714=EDGE_CURVE('',#5472,#5473,#1940,.T.);
#6715=EDGE_CURVE('',#5471,#5473,#1477,.T.);
#6716=EDGE_CURVE('',#5474,#5475,#1941,.T.);
#6717=EDGE_CURVE('',#5474,#5476,#1478,.T.);
#6718=EDGE_CURVE('',#5476,#5477,#1942,.T.);
#6719=EDGE_CURVE('',#5475,#5477,#1479,.T.);
#6720=EDGE_CURVE('',#5478,#5479,#1943,.T.);
#6721=EDGE_CURVE('',#5478,#5480,#1480,.T.);
#6722=EDGE_CURVE('',#5480,#5481,#1944,.T.);
#6723=EDGE_CURVE('',#5479,#5481,#1481,.T.);
#6724=EDGE_CURVE('',#5482,#5483,#1945,.T.);
#6725=EDGE_CURVE('',#5482,#5484,#1482,.T.);
#6726=EDGE_CURVE('',#5484,#5485,#1946,.T.);
#6727=EDGE_CURVE('',#5483,#5485,#1483,.T.);
#6728=EDGE_CURVE('',#5486,#5487,#1947,.T.);
#6729=EDGE_CURVE('',#5486,#5488,#1484,.T.);
#6730=EDGE_CURVE('',#5488,#5489,#1948,.T.);
#6731=EDGE_CURVE('',#5487,#5489,#1485,.T.);
#6732=EDGE_CURVE('',#5490,#5491,#1949,.T.);
#6733=EDGE_CURVE('',#5490,#5492,#1486,.T.);
#6734=EDGE_CURVE('',#5492,#5493,#1950,.T.);
#6735=EDGE_CURVE('',#5491,#5493,#1487,.T.);
#6736=EDGE_CURVE('',#5494,#5495,#1951,.T.);
#6737=EDGE_CURVE('',#5494,#5496,#1488,.T.);
#6738=EDGE_CURVE('',#5496,#5497,#1952,.T.);
#6739=EDGE_CURVE('',#5495,#5497,#1489,.T.);
#6740=EDGE_CURVE('',#5498,#5499,#1953,.T.);
#6741=EDGE_CURVE('',#5498,#5500,#1490,.T.);
#6742=EDGE_CURVE('',#5500,#5501,#1954,.T.);
#6743=EDGE_CURVE('',#5499,#5501,#1491,.T.);
#6744=EDGE_CURVE('',#5502,#5503,#1955,.T.);
#6745=EDGE_CURVE('',#5502,#5504,#1492,.T.);
#6746=EDGE_CURVE('',#5504,#5505,#1956,.T.);
#6747=EDGE_CURVE('',#5503,#5505,#1493,.T.);
#6748=EDGE_CURVE('',#5506,#5507,#1957,.T.);
#6749=EDGE_CURVE('',#5506,#5508,#1494,.T.);
#6750=EDGE_CURVE('',#5508,#5509,#1958,.T.);
#6751=EDGE_CURVE('',#5507,#5509,#1495,.T.);
#6752=EDGE_CURVE('',#5510,#5511,#1959,.T.);
#6753=EDGE_CURVE('',#5510,#5512,#1496,.T.);
#6754=EDGE_CURVE('',#5512,#5513,#1960,.T.);
#6755=EDGE_CURVE('',#5511,#5513,#1497,.T.);
#6756=EDGE_CURVE('',#4904,#5514,#1961,.T.);
#6757=EDGE_CURVE('',#4909,#5514,#1962,.T.);
#6758=EDGE_CURVE('',#5514,#4908,#1498,.T.);
#6759=EDGE_CURVE('',#5515,#5516,#1963,.T.);
#6760=EDGE_CURVE('',#5515,#5517,#1499,.T.);
#6761=EDGE_CURVE('',#5517,#5518,#1964,.T.);
#6762=EDGE_CURVE('',#5516,#5518,#1500,.T.);
#6763=EDGE_CURVE('',#5519,#5520,#1965,.T.);
#6764=EDGE_CURVE('',#5519,#5521,#1501,.T.);
#6765=EDGE_CURVE('',#5521,#5522,#1966,.T.);
#6766=EDGE_CURVE('',#5520,#5522,#1502,.T.);
#6767=EDGE_CURVE('',#5523,#5524,#1967,.T.);
#6768=EDGE_CURVE('',#5525,#5523,#1968,.T.);
#6769=EDGE_CURVE('',#5526,#5525,#1969,.T.);
#6770=EDGE_CURVE('',#5526,#5524,#1970,.T.);
#6771=EDGE_CURVE('',#5212,#5527,#1971,.T.);
#6772=EDGE_CURVE('',#5528,#5527,#1972,.T.);
#6773=EDGE_CURVE('',#5213,#5528,#1973,.T.);
#6774=EDGE_CURVE('',#5529,#5364,#1974,.T.);
#6775=EDGE_CURVE('',#5529,#5530,#1975,.T.);
#6776=EDGE_CURVE('',#5530,#5365,#1976,.T.);
#6777=EDGE_CURVE('',#5528,#5529,#1977,.T.);
#6778=EDGE_CURVE('',#5527,#5530,#1978,.T.);
#6779=EDGE_CURVE('',#5211,#5531,#1979,.T.);
#6780=EDGE_CURVE('',#5531,#5532,#1980,.T.);
#6781=EDGE_CURVE('',#5210,#5532,#1981,.T.);
#6782=EDGE_CURVE('',#5533,#5216,#1982,.T.);
#6783=EDGE_CURVE('',#5534,#5533,#1983,.T.);
#6784=EDGE_CURVE('',#5534,#5217,#1984,.T.);
#6785=EDGE_CURVE('',#5531,#5534,#1985,.T.);
#6786=EDGE_CURVE('',#5532,#5533,#1986,.T.);
#6787=EDGE_CURVE('',#5215,#5535,#1987,.T.);
#6788=EDGE_CURVE('',#5535,#5536,#1988,.T.);
#6789=EDGE_CURVE('',#5214,#5536,#1989,.T.);
#6790=EDGE_CURVE('',#5537,#5220,#1990,.T.);
#6791=EDGE_CURVE('',#5538,#5537,#1991,.T.);
#6792=EDGE_CURVE('',#5538,#5221,#1992,.T.);
#6793=EDGE_CURVE('',#5535,#5538,#1993,.T.);
#6794=EDGE_CURVE('',#5536,#5537,#1994,.T.);
#6795=EDGE_CURVE('',#5219,#5539,#1995,.T.);
#6796=EDGE_CURVE('',#5539,#5540,#1996,.T.);
#6797=EDGE_CURVE('',#5218,#5540,#1997,.T.);
#6798=EDGE_CURVE('',#5541,#5224,#1998,.T.);
#6799=EDGE_CURVE('',#5542,#5541,#1999,.T.);
#6800=EDGE_CURVE('',#5542,#5225,#2000,.T.);
#6801=EDGE_CURVE('',#5539,#5542,#2001,.T.);
#6802=EDGE_CURVE('',#5540,#5541,#2002,.T.);
#6803=EDGE_CURVE('',#5223,#5543,#2003,.T.);
#6804=EDGE_CURVE('',#5543,#5544,#2004,.T.);
#6805=EDGE_CURVE('',#5222,#5544,#2005,.T.);
#6806=EDGE_CURVE('',#5545,#5228,#2006,.T.);
#6807=EDGE_CURVE('',#5546,#5545,#2007,.T.);
#6808=EDGE_CURVE('',#5546,#5229,#2008,.T.);
#6809=EDGE_CURVE('',#5543,#5546,#2009,.T.);
#6810=EDGE_CURVE('',#5544,#5545,#2010,.T.);
#6811=EDGE_CURVE('',#5227,#5547,#2011,.T.);
#6812=EDGE_CURVE('',#5547,#5548,#2012,.T.);
#6813=EDGE_CURVE('',#5226,#5548,#2013,.T.);
#6814=EDGE_CURVE('',#5549,#5232,#2014,.T.);
#6815=EDGE_CURVE('',#5550,#5549,#2015,.T.);
#6816=EDGE_CURVE('',#5550,#5233,#2016,.T.);
#6817=EDGE_CURVE('',#5547,#5550,#2017,.T.);
#6818=EDGE_CURVE('',#5548,#5549,#2018,.T.);
#6819=EDGE_CURVE('',#5231,#5551,#2019,.T.);
#6820=EDGE_CURVE('',#5551,#5552,#2020,.T.);
#6821=EDGE_CURVE('',#5230,#5552,#2021,.T.);
#6822=EDGE_CURVE('',#5553,#5236,#2022,.T.);
#6823=EDGE_CURVE('',#5554,#5553,#2023,.T.);
#6824=EDGE_CURVE('',#5554,#5237,#2024,.T.);
#6825=EDGE_CURVE('',#5551,#5554,#2025,.T.);
#6826=EDGE_CURVE('',#5552,#5553,#2026,.T.);
#6827=EDGE_CURVE('',#5235,#5555,#2027,.T.);
#6828=EDGE_CURVE('',#5555,#5556,#2028,.T.);
#6829=EDGE_CURVE('',#5234,#5556,#2029,.T.);
#6830=EDGE_CURVE('',#5557,#5240,#2030,.T.);
#6831=EDGE_CURVE('',#5558,#5557,#2031,.T.);
#6832=EDGE_CURVE('',#5558,#5241,#2032,.T.);
#6833=EDGE_CURVE('',#5555,#5558,#2033,.T.);
#6834=EDGE_CURVE('',#5556,#5557,#2034,.T.);
#6835=EDGE_CURVE('',#5239,#5559,#2035,.T.);
#6836=EDGE_CURVE('',#5559,#5560,#2036,.T.);
#6837=EDGE_CURVE('',#5238,#5560,#2037,.T.);
#6838=EDGE_CURVE('',#5561,#5244,#2038,.T.);
#6839=EDGE_CURVE('',#5562,#5561,#2039,.T.);
#6840=EDGE_CURVE('',#5562,#5245,#2040,.T.);
#6841=EDGE_CURVE('',#5559,#5562,#2041,.T.);
#6842=EDGE_CURVE('',#5560,#5561,#2042,.T.);
#6843=EDGE_CURVE('',#5243,#5563,#2043,.T.);
#6844=EDGE_CURVE('',#5563,#5564,#2044,.T.);
#6845=EDGE_CURVE('',#5242,#5564,#2045,.T.);
#6846=EDGE_CURVE('',#5565,#5248,#2046,.T.);
#6847=EDGE_CURVE('',#5566,#5565,#2047,.T.);
#6848=EDGE_CURVE('',#5566,#5249,#2048,.T.);
#6849=EDGE_CURVE('',#5563,#5566,#2049,.T.);
#6850=EDGE_CURVE('',#5564,#5565,#2050,.T.);
#6851=EDGE_CURVE('',#5247,#5567,#2051,.T.);
#6852=EDGE_CURVE('',#5567,#5568,#2052,.T.);
#6853=EDGE_CURVE('',#5246,#5568,#2053,.T.);
#6854=EDGE_CURVE('',#5569,#5252,#2054,.T.);
#6855=EDGE_CURVE('',#5570,#5569,#2055,.T.);
#6856=EDGE_CURVE('',#5570,#5253,#2056,.T.);
#6857=EDGE_CURVE('',#5567,#5570,#2057,.T.);
#6858=EDGE_CURVE('',#5568,#5569,#2058,.T.);
#6859=EDGE_CURVE('',#5251,#5571,#2059,.T.);
#6860=EDGE_CURVE('',#5571,#5572,#2060,.T.);
#6861=EDGE_CURVE('',#5250,#5572,#2061,.T.);
#6862=EDGE_CURVE('',#5573,#5256,#2062,.T.);
#6863=EDGE_CURVE('',#5574,#5573,#2063,.T.);
#6864=EDGE_CURVE('',#5574,#5257,#2064,.T.);
#6865=EDGE_CURVE('',#5571,#5574,#2065,.T.);
#6866=EDGE_CURVE('',#5572,#5573,#2066,.T.);
#6867=EDGE_CURVE('',#5255,#5575,#2067,.T.);
#6868=EDGE_CURVE('',#5575,#5576,#2068,.T.);
#6869=EDGE_CURVE('',#5254,#5576,#2069,.T.);
#6870=EDGE_CURVE('',#5577,#5260,#2070,.T.);
#6871=EDGE_CURVE('',#5578,#5577,#2071,.T.);
#6872=EDGE_CURVE('',#5578,#5261,#2072,.T.);
#6873=EDGE_CURVE('',#5575,#5578,#2073,.T.);
#6874=EDGE_CURVE('',#5576,#5577,#2074,.T.);
#6875=EDGE_CURVE('',#5259,#5579,#2075,.T.);
#6876=EDGE_CURVE('',#5579,#5580,#2076,.T.);
#6877=EDGE_CURVE('',#5258,#5580,#2077,.T.);
#6878=EDGE_CURVE('',#5581,#5264,#2078,.T.);
#6879=EDGE_CURVE('',#5582,#5581,#2079,.T.);
#6880=EDGE_CURVE('',#5582,#5265,#2080,.T.);
#6881=EDGE_CURVE('',#5579,#5582,#2081,.T.);
#6882=EDGE_CURVE('',#5580,#5581,#2082,.T.);
#6883=EDGE_CURVE('',#5263,#5583,#2083,.T.);
#6884=EDGE_CURVE('',#5583,#5584,#2084,.T.);
#6885=EDGE_CURVE('',#5262,#5584,#2085,.T.);
#6886=EDGE_CURVE('',#5585,#5268,#2086,.T.);
#6887=EDGE_CURVE('',#5586,#5585,#2087,.T.);
#6888=EDGE_CURVE('',#5586,#5269,#2088,.T.);
#6889=EDGE_CURVE('',#5583,#5586,#2089,.T.);
#6890=EDGE_CURVE('',#5584,#5585,#2090,.T.);
#6891=EDGE_CURVE('',#5267,#5587,#2091,.T.);
#6892=EDGE_CURVE('',#5587,#5588,#2092,.T.);
#6893=EDGE_CURVE('',#5266,#5588,#2093,.T.);
#6894=EDGE_CURVE('',#5589,#5272,#2094,.T.);
#6895=EDGE_CURVE('',#5590,#5589,#2095,.T.);
#6896=EDGE_CURVE('',#5590,#5273,#2096,.T.);
#6897=EDGE_CURVE('',#5587,#5590,#2097,.T.);
#6898=EDGE_CURVE('',#5588,#5589,#2098,.T.);
#6899=EDGE_CURVE('',#5271,#5591,#2099,.T.);
#6900=EDGE_CURVE('',#5591,#5592,#2100,.T.);
#6901=EDGE_CURVE('',#5270,#5592,#2101,.T.);
#6902=EDGE_CURVE('',#5593,#5276,#2102,.T.);
#6903=EDGE_CURVE('',#5594,#5593,#2103,.T.);
#6904=EDGE_CURVE('',#5594,#5277,#2104,.T.);
#6905=EDGE_CURVE('',#5591,#5594,#2105,.T.);
#6906=EDGE_CURVE('',#5592,#5593,#2106,.T.);
#6907=EDGE_CURVE('',#5275,#5595,#2107,.T.);
#6908=EDGE_CURVE('',#5595,#5596,#2108,.T.);
#6909=EDGE_CURVE('',#5274,#5596,#2109,.T.);
#6910=EDGE_CURVE('',#5597,#5280,#2110,.T.);
#6911=EDGE_CURVE('',#5598,#5597,#2111,.T.);
#6912=EDGE_CURVE('',#5598,#5281,#2112,.T.);
#6913=EDGE_CURVE('',#5595,#5598,#2113,.T.);
#6914=EDGE_CURVE('',#5596,#5597,#2114,.T.);
#6915=EDGE_CURVE('',#5279,#5599,#2115,.T.);
#6916=EDGE_CURVE('',#5599,#5600,#2116,.T.);
#6917=EDGE_CURVE('',#5278,#5600,#2117,.T.);
#6918=EDGE_CURVE('',#5601,#5284,#2118,.T.);
#6919=EDGE_CURVE('',#5602,#5601,#2119,.T.);
#6920=EDGE_CURVE('',#5602,#5285,#2120,.T.);
#6921=EDGE_CURVE('',#5599,#5602,#2121,.T.);
#6922=EDGE_CURVE('',#5600,#5601,#2122,.T.);
#6923=EDGE_CURVE('',#5603,#5283,#2123,.T.);
#6924=EDGE_CURVE('',#5603,#5604,#2124,.T.);
#6925=EDGE_CURVE('',#5604,#5282,#2125,.T.);
#6926=EDGE_CURVE('',#5605,#5603,#2126,.T.);
#6927=EDGE_CURVE('',#5605,#5606,#2127,.T.);
#6928=EDGE_CURVE('',#5606,#5604,#2128,.T.);
#6929=EDGE_CURVE('',#5288,#5606,#2129,.T.);
#6930=EDGE_CURVE('',#5289,#5605,#2130,.T.);
#6931=EDGE_CURVE('',#5607,#5368,#2131,.T.);
#6932=EDGE_CURVE('',#5607,#5608,#2132,.T.);
#6933=EDGE_CURVE('',#5608,#5369,#2133,.T.);
#6934=EDGE_CURVE('',#5609,#5607,#2134,.T.);
#6935=EDGE_CURVE('',#5609,#5610,#2135,.T.);
#6936=EDGE_CURVE('',#5610,#5608,#2136,.T.);
#6937=EDGE_CURVE('',#5362,#5609,#2137,.T.);
#6938=EDGE_CURVE('',#5363,#5610,#2138,.T.);
#6939=EDGE_CURVE('',#5611,#5372,#2139,.T.);
#6940=EDGE_CURVE('',#5611,#5612,#2140,.T.);
#6941=EDGE_CURVE('',#5612,#5373,#2141,.T.);
#6942=EDGE_CURVE('',#5613,#5611,#2142,.T.);
#6943=EDGE_CURVE('',#5613,#5614,#2143,.T.);
#6944=EDGE_CURVE('',#5614,#5612,#2144,.T.);
#6945=EDGE_CURVE('',#5366,#5613,#2145,.T.);
#6946=EDGE_CURVE('',#5367,#5614,#2146,.T.);
#6947=EDGE_CURVE('',#5615,#5376,#2147,.T.);
#6948=EDGE_CURVE('',#5615,#5616,#2148,.T.);
#6949=EDGE_CURVE('',#5616,#5377,#2149,.T.);
#6950=EDGE_CURVE('',#5617,#5615,#2150,.T.);
#6951=EDGE_CURVE('',#5617,#5618,#2151,.T.);
#6952=EDGE_CURVE('',#5618,#5616,#2152,.T.);
#6953=EDGE_CURVE('',#5370,#5617,#2153,.T.);
#6954=EDGE_CURVE('',#5371,#5618,#2154,.T.);
#6955=EDGE_CURVE('',#5619,#5380,#2155,.T.);
#6956=EDGE_CURVE('',#5619,#5620,#2156,.T.);
#6957=EDGE_CURVE('',#5620,#5381,#2157,.T.);
#6958=EDGE_CURVE('',#5621,#5619,#2158,.T.);
#6959=EDGE_CURVE('',#5621,#5622,#2159,.T.);
#6960=EDGE_CURVE('',#5622,#5620,#2160,.T.);
#6961=EDGE_CURVE('',#5374,#5621,#2161,.T.);
#6962=EDGE_CURVE('',#5375,#5622,#2162,.T.);
#6963=EDGE_CURVE('',#5623,#5384,#2163,.T.);
#6964=EDGE_CURVE('',#5623,#5624,#2164,.T.);
#6965=EDGE_CURVE('',#5624,#5385,#2165,.T.);
#6966=EDGE_CURVE('',#5625,#5623,#2166,.T.);
#6967=EDGE_CURVE('',#5625,#5626,#2167,.T.);
#6968=EDGE_CURVE('',#5626,#5624,#2168,.T.);
#6969=EDGE_CURVE('',#5378,#5625,#2169,.T.);
#6970=EDGE_CURVE('',#5379,#5626,#2170,.T.);
#6971=EDGE_CURVE('',#5627,#5388,#2171,.T.);
#6972=EDGE_CURVE('',#5627,#5628,#2172,.T.);
#6973=EDGE_CURVE('',#5628,#5389,#2173,.T.);
#6974=EDGE_CURVE('',#5629,#5627,#2174,.T.);
#6975=EDGE_CURVE('',#5629,#5630,#2175,.T.);
#6976=EDGE_CURVE('',#5630,#5628,#2176,.T.);
#6977=EDGE_CURVE('',#5382,#5629,#2177,.T.);
#6978=EDGE_CURVE('',#5383,#5630,#2178,.T.);
#6979=EDGE_CURVE('',#5631,#5392,#2179,.T.);
#6980=EDGE_CURVE('',#5631,#5632,#2180,.T.);
#6981=EDGE_CURVE('',#5632,#5393,#2181,.T.);
#6982=EDGE_CURVE('',#5633,#5631,#2182,.T.);
#6983=EDGE_CURVE('',#5633,#5634,#2183,.T.);
#6984=EDGE_CURVE('',#5634,#5632,#2184,.T.);
#6985=EDGE_CURVE('',#5386,#5633,#2185,.T.);
#6986=EDGE_CURVE('',#5387,#5634,#2186,.T.);
#6987=EDGE_CURVE('',#5635,#5396,#2187,.T.);
#6988=EDGE_CURVE('',#5635,#5636,#2188,.T.);
#6989=EDGE_CURVE('',#5636,#5397,#2189,.T.);
#6990=EDGE_CURVE('',#5637,#5635,#2190,.T.);
#6991=EDGE_CURVE('',#5637,#5638,#2191,.T.);
#6992=EDGE_CURVE('',#5638,#5636,#2192,.T.);
#6993=EDGE_CURVE('',#5390,#5637,#2193,.T.);
#6994=EDGE_CURVE('',#5391,#5638,#2194,.T.);
#6995=EDGE_CURVE('',#5639,#5400,#2195,.T.);
#6996=EDGE_CURVE('',#5639,#5640,#2196,.T.);
#6997=EDGE_CURVE('',#5640,#5401,#2197,.T.);
#6998=EDGE_CURVE('',#5641,#5639,#2198,.T.);
#6999=EDGE_CURVE('',#5641,#5642,#2199,.T.);
#7000=EDGE_CURVE('',#5642,#5640,#2200,.T.);
#7001=EDGE_CURVE('',#5394,#5641,#2201,.T.);
#7002=EDGE_CURVE('',#5395,#5642,#2202,.T.);
#7003=EDGE_CURVE('',#5643,#5404,#2203,.T.);
#7004=EDGE_CURVE('',#5643,#5644,#2204,.T.);
#7005=EDGE_CURVE('',#5644,#5405,#2205,.T.);
#7006=EDGE_CURVE('',#5645,#5643,#2206,.T.);
#7007=EDGE_CURVE('',#5645,#5646,#2207,.T.);
#7008=EDGE_CURVE('',#5646,#5644,#2208,.T.);
#7009=EDGE_CURVE('',#5398,#5645,#2209,.T.);
#7010=EDGE_CURVE('',#5399,#5646,#2210,.T.);
#7011=EDGE_CURVE('',#5647,#5408,#2211,.T.);
#7012=EDGE_CURVE('',#5647,#5648,#2212,.T.);
#7013=EDGE_CURVE('',#5648,#5409,#2213,.T.);
#7014=EDGE_CURVE('',#5649,#5647,#2214,.T.);
#7015=EDGE_CURVE('',#5649,#5650,#2215,.T.);
#7016=EDGE_CURVE('',#5650,#5648,#2216,.T.);
#7017=EDGE_CURVE('',#5402,#5649,#2217,.T.);
#7018=EDGE_CURVE('',#5403,#5650,#2218,.T.);
#7019=EDGE_CURVE('',#5651,#5412,#2219,.T.);
#7020=EDGE_CURVE('',#5651,#5652,#2220,.T.);
#7021=EDGE_CURVE('',#5652,#5413,#2221,.T.);
#7022=EDGE_CURVE('',#5653,#5651,#2222,.T.);
#7023=EDGE_CURVE('',#5653,#5654,#2223,.T.);
#7024=EDGE_CURVE('',#5654,#5652,#2224,.T.);
#7025=EDGE_CURVE('',#5406,#5653,#2225,.T.);
#7026=EDGE_CURVE('',#5407,#5654,#2226,.T.);
#7027=EDGE_CURVE('',#5655,#5416,#2227,.T.);
#7028=EDGE_CURVE('',#5655,#5656,#2228,.T.);
#7029=EDGE_CURVE('',#5656,#5417,#2229,.T.);
#7030=EDGE_CURVE('',#5657,#5655,#2230,.T.);
#7031=EDGE_CURVE('',#5657,#5658,#2231,.T.);
#7032=EDGE_CURVE('',#5658,#5656,#2232,.T.);
#7033=EDGE_CURVE('',#5410,#5657,#2233,.T.);
#7034=EDGE_CURVE('',#5411,#5658,#2234,.T.);
#7035=EDGE_CURVE('',#5659,#5420,#2235,.T.);
#7036=EDGE_CURVE('',#5659,#5660,#2236,.T.);
#7037=EDGE_CURVE('',#5660,#5421,#2237,.T.);
#7038=EDGE_CURVE('',#5661,#5659,#2238,.T.);
#7039=EDGE_CURVE('',#5661,#5662,#2239,.T.);
#7040=EDGE_CURVE('',#5662,#5660,#2240,.T.);
#7041=EDGE_CURVE('',#5414,#5661,#2241,.T.);
#7042=EDGE_CURVE('',#5415,#5662,#2242,.T.);
#7043=EDGE_CURVE('',#5663,#5424,#2243,.T.);
#7044=EDGE_CURVE('',#5663,#5664,#2244,.T.);
#7045=EDGE_CURVE('',#5664,#5425,#2245,.T.);
#7046=EDGE_CURVE('',#5665,#5663,#2246,.T.);
#7047=EDGE_CURVE('',#5665,#5666,#2247,.T.);
#7048=EDGE_CURVE('',#5666,#5664,#2248,.T.);
#7049=EDGE_CURVE('',#5418,#5665,#2249,.T.);
#7050=EDGE_CURVE('',#5419,#5666,#2250,.T.);
#7051=EDGE_CURVE('',#5667,#5428,#2251,.T.);
#7052=EDGE_CURVE('',#5667,#5668,#2252,.T.);
#7053=EDGE_CURVE('',#5668,#5429,#2253,.T.);
#7054=EDGE_CURVE('',#5669,#5667,#2254,.T.);
#7055=EDGE_CURVE('',#5669,#5670,#2255,.T.);
#7056=EDGE_CURVE('',#5670,#5668,#2256,.T.);
#7057=EDGE_CURVE('',#5422,#5669,#2257,.T.);
#7058=EDGE_CURVE('',#5423,#5670,#2258,.T.);
#7059=EDGE_CURVE('',#5671,#5432,#2259,.T.);
#7060=EDGE_CURVE('',#5671,#5672,#2260,.T.);
#7061=EDGE_CURVE('',#5672,#5433,#2261,.T.);
#7062=EDGE_CURVE('',#5673,#5671,#2262,.T.);
#7063=EDGE_CURVE('',#5673,#5674,#2263,.T.);
#7064=EDGE_CURVE('',#5674,#5672,#2264,.T.);
#7065=EDGE_CURVE('',#5426,#5673,#2265,.T.);
#7066=EDGE_CURVE('',#5427,#5674,#2266,.T.);
#7067=EDGE_CURVE('',#5675,#5436,#2267,.T.);
#7068=EDGE_CURVE('',#5675,#5676,#2268,.T.);
#7069=EDGE_CURVE('',#5676,#5437,#2269,.T.);
#7070=EDGE_CURVE('',#5677,#5675,#2270,.T.);
#7071=EDGE_CURVE('',#5677,#5678,#2271,.T.);
#7072=EDGE_CURVE('',#5678,#5676,#2272,.T.);
#7073=EDGE_CURVE('',#5430,#5677,#2273,.T.);
#7074=EDGE_CURVE('',#5431,#5678,#2274,.T.);
#7075=EDGE_CURVE('',#5679,#5440,#2275,.T.);
#7076=EDGE_CURVE('',#5679,#5680,#2276,.T.);
#7077=EDGE_CURVE('',#5680,#5441,#2277,.T.);
#7078=EDGE_CURVE('',#5681,#5679,#2278,.T.);
#7079=EDGE_CURVE('',#5681,#5682,#2279,.T.);
#7080=EDGE_CURVE('',#5682,#5680,#2280,.T.);
#7081=EDGE_CURVE('',#5434,#5681,#2281,.T.);
#7082=EDGE_CURVE('',#5435,#5682,#2282,.T.);
#7083=EDGE_CURVE('',#5683,#5444,#2283,.T.);
#7084=EDGE_CURVE('',#5683,#5684,#2284,.T.);
#7085=EDGE_CURVE('',#5684,#5445,#2285,.T.);
#7086=EDGE_CURVE('',#5685,#5683,#2286,.T.);
#7087=EDGE_CURVE('',#5685,#5686,#2287,.T.);
#7088=EDGE_CURVE('',#5686,#5684,#2288,.T.);
#7089=EDGE_CURVE('',#5438,#5685,#2289,.T.);
#7090=EDGE_CURVE('',#5439,#5686,#2290,.T.);
#7091=EDGE_CURVE('',#5687,#5448,#2291,.T.);
#7092=EDGE_CURVE('',#5687,#5688,#2292,.T.);
#7093=EDGE_CURVE('',#5688,#5449,#2293,.T.);
#7094=EDGE_CURVE('',#5689,#5687,#2294,.T.);
#7095=EDGE_CURVE('',#5689,#5690,#2295,.T.);
#7096=EDGE_CURVE('',#5690,#5688,#2296,.T.);
#7097=EDGE_CURVE('',#5442,#5689,#2297,.T.);
#7098=EDGE_CURVE('',#5443,#5690,#2298,.T.);
#7099=EDGE_CURVE('',#5691,#5452,#2299,.T.);
#7100=EDGE_CURVE('',#5691,#5692,#2300,.T.);
#7101=EDGE_CURVE('',#5692,#5453,#2301,.T.);
#7102=EDGE_CURVE('',#5693,#5691,#2302,.T.);
#7103=EDGE_CURVE('',#5693,#5694,#2303,.T.);
#7104=EDGE_CURVE('',#5694,#5692,#2304,.T.);
#7105=EDGE_CURVE('',#5446,#5693,#2305,.T.);
#7106=EDGE_CURVE('',#5447,#5694,#2306,.T.);
#7107=EDGE_CURVE('',#5695,#5456,#2307,.T.);
#7108=EDGE_CURVE('',#5695,#5696,#2308,.T.);
#7109=EDGE_CURVE('',#5696,#5457,#2309,.T.);
#7110=EDGE_CURVE('',#5697,#5695,#2310,.T.);
#7111=EDGE_CURVE('',#5697,#5698,#2311,.T.);
#7112=EDGE_CURVE('',#5698,#5696,#2312,.T.);
#7113=EDGE_CURVE('',#5450,#5697,#2313,.T.);
#7114=EDGE_CURVE('',#5451,#5698,#2314,.T.);
#7115=EDGE_CURVE('',#5699,#5460,#2315,.T.);
#7116=EDGE_CURVE('',#5699,#5700,#2316,.T.);
#7117=EDGE_CURVE('',#5700,#5461,#2317,.T.);
#7118=EDGE_CURVE('',#5701,#5699,#2318,.T.);
#7119=EDGE_CURVE('',#5701,#5702,#2319,.T.);
#7120=EDGE_CURVE('',#5702,#5700,#2320,.T.);
#7121=EDGE_CURVE('',#5454,#5701,#2321,.T.);
#7122=EDGE_CURVE('',#5455,#5702,#2322,.T.);
#7123=EDGE_CURVE('',#5703,#5464,#2323,.T.);
#7124=EDGE_CURVE('',#5703,#5704,#2324,.T.);
#7125=EDGE_CURVE('',#5704,#5465,#2325,.T.);
#7126=EDGE_CURVE('',#5705,#5703,#2326,.T.);
#7127=EDGE_CURVE('',#5705,#5706,#2327,.T.);
#7128=EDGE_CURVE('',#5706,#5704,#2328,.T.);
#7129=EDGE_CURVE('',#5458,#5705,#2329,.T.);
#7130=EDGE_CURVE('',#5459,#5706,#2330,.T.);
#7131=EDGE_CURVE('',#5707,#5468,#2331,.T.);
#7132=EDGE_CURVE('',#5707,#5708,#2332,.T.);
#7133=EDGE_CURVE('',#5708,#5469,#2333,.T.);
#7134=EDGE_CURVE('',#5709,#5707,#2334,.T.);
#7135=EDGE_CURVE('',#5709,#5710,#2335,.T.);
#7136=EDGE_CURVE('',#5710,#5708,#2336,.T.);
#7137=EDGE_CURVE('',#5462,#5709,#2337,.T.);
#7138=EDGE_CURVE('',#5463,#5710,#2338,.T.);
#7139=EDGE_CURVE('',#5711,#5472,#2339,.T.);
#7140=EDGE_CURVE('',#5711,#5712,#2340,.T.);
#7141=EDGE_CURVE('',#5712,#5473,#2341,.T.);
#7142=EDGE_CURVE('',#5713,#5711,#2342,.T.);
#7143=EDGE_CURVE('',#5713,#5714,#2343,.T.);
#7144=EDGE_CURVE('',#5714,#5712,#2344,.T.);
#7145=EDGE_CURVE('',#5466,#5713,#2345,.T.);
#7146=EDGE_CURVE('',#5467,#5714,#2346,.T.);
#7147=EDGE_CURVE('',#5715,#5476,#2347,.T.);
#7148=EDGE_CURVE('',#5715,#5716,#2348,.T.);
#7149=EDGE_CURVE('',#5716,#5477,#2349,.T.);
#7150=EDGE_CURVE('',#5717,#5715,#2350,.T.);
#7151=EDGE_CURVE('',#5717,#5718,#2351,.T.);
#7152=EDGE_CURVE('',#5718,#5716,#2352,.T.);
#7153=EDGE_CURVE('',#5470,#5717,#2353,.T.);
#7154=EDGE_CURVE('',#5471,#5718,#2354,.T.);
#7155=EDGE_CURVE('',#5719,#5480,#2355,.T.);
#7156=EDGE_CURVE('',#5719,#5720,#2356,.T.);
#7157=EDGE_CURVE('',#5720,#5481,#2357,.T.);
#7158=EDGE_CURVE('',#5721,#5719,#2358,.T.);
#7159=EDGE_CURVE('',#5721,#5722,#2359,.T.);
#7160=EDGE_CURVE('',#5722,#5720,#2360,.T.);
#7161=EDGE_CURVE('',#5474,#5721,#2361,.T.);
#7162=EDGE_CURVE('',#5475,#5722,#2362,.T.);
#7163=EDGE_CURVE('',#5723,#5484,#2363,.T.);
#7164=EDGE_CURVE('',#5723,#5724,#2364,.T.);
#7165=EDGE_CURVE('',#5724,#5485,#2365,.T.);
#7166=EDGE_CURVE('',#5725,#5723,#2366,.T.);
#7167=EDGE_CURVE('',#5725,#5726,#2367,.T.);
#7168=EDGE_CURVE('',#5726,#5724,#2368,.T.);
#7169=EDGE_CURVE('',#5478,#5725,#2369,.T.);
#7170=EDGE_CURVE('',#5479,#5726,#2370,.T.);
#7171=EDGE_CURVE('',#5727,#5488,#2371,.T.);
#7172=EDGE_CURVE('',#5727,#5728,#2372,.T.);
#7173=EDGE_CURVE('',#5728,#5489,#2373,.T.);
#7174=EDGE_CURVE('',#5729,#5727,#2374,.T.);
#7175=EDGE_CURVE('',#5729,#5730,#2375,.T.);
#7176=EDGE_CURVE('',#5730,#5728,#2376,.T.);
#7177=EDGE_CURVE('',#5482,#5729,#2377,.T.);
#7178=EDGE_CURVE('',#5483,#5730,#2378,.T.);
#7179=EDGE_CURVE('',#5731,#5492,#2379,.T.);
#7180=EDGE_CURVE('',#5731,#5732,#2380,.T.);
#7181=EDGE_CURVE('',#5732,#5493,#2381,.T.);
#7182=EDGE_CURVE('',#5733,#5731,#2382,.T.);
#7183=EDGE_CURVE('',#5733,#5734,#2383,.T.);
#7184=EDGE_CURVE('',#5734,#5732,#2384,.T.);
#7185=EDGE_CURVE('',#5486,#5733,#2385,.T.);
#7186=EDGE_CURVE('',#5487,#5734,#2386,.T.);
#7187=EDGE_CURVE('',#5735,#5496,#2387,.T.);
#7188=EDGE_CURVE('',#5735,#5736,#2388,.T.);
#7189=EDGE_CURVE('',#5736,#5497,#2389,.T.);
#7190=EDGE_CURVE('',#5737,#5735,#2390,.T.);
#7191=EDGE_CURVE('',#5737,#5738,#2391,.T.);
#7192=EDGE_CURVE('',#5738,#5736,#2392,.T.);
#7193=EDGE_CURVE('',#5490,#5737,#2393,.T.);
#7194=EDGE_CURVE('',#5491,#5738,#2394,.T.);
#7195=EDGE_CURVE('',#5739,#5500,#2395,.T.);
#7196=EDGE_CURVE('',#5739,#5740,#2396,.T.);
#7197=EDGE_CURVE('',#5740,#5501,#2397,.T.);
#7198=EDGE_CURVE('',#5741,#5739,#2398,.T.);
#7199=EDGE_CURVE('',#5741,#5742,#2399,.T.);
#7200=EDGE_CURVE('',#5742,#5740,#2400,.T.);
#7201=EDGE_CURVE('',#5494,#5741,#2401,.T.);
#7202=EDGE_CURVE('',#5495,#5742,#2402,.T.);
#7203=EDGE_CURVE('',#5743,#5504,#2403,.T.);
#7204=EDGE_CURVE('',#5743,#5744,#2404,.T.);
#7205=EDGE_CURVE('',#5744,#5505,#2405,.T.);
#7206=EDGE_CURVE('',#5745,#5743,#2406,.T.);
#7207=EDGE_CURVE('',#5745,#5746,#2407,.T.);
#7208=EDGE_CURVE('',#5746,#5744,#2408,.T.);
#7209=EDGE_CURVE('',#5498,#5745,#2409,.T.);
#7210=EDGE_CURVE('',#5499,#5746,#2410,.T.);
#7211=EDGE_CURVE('',#5747,#5508,#2411,.T.);
#7212=EDGE_CURVE('',#5747,#5748,#2412,.T.);
#7213=EDGE_CURVE('',#5748,#5509,#2413,.T.);
#7214=EDGE_CURVE('',#5749,#5747,#2414,.T.);
#7215=EDGE_CURVE('',#5749,#5750,#2415,.T.);
#7216=EDGE_CURVE('',#5750,#5748,#2416,.T.);
#7217=EDGE_CURVE('',#5502,#5749,#2417,.T.);
#7218=EDGE_CURVE('',#5503,#5750,#2418,.T.);
#7219=EDGE_CURVE('',#5751,#5512,#2419,.T.);
#7220=EDGE_CURVE('',#5751,#5752,#2420,.T.);
#7221=EDGE_CURVE('',#5752,#5513,#2421,.T.);
#7222=EDGE_CURVE('',#5753,#5751,#2422,.T.);
#7223=EDGE_CURVE('',#5753,#5754,#2423,.T.);
#7224=EDGE_CURVE('',#5754,#5752,#2424,.T.);
#7225=EDGE_CURVE('',#5506,#5753,#2425,.T.);
#7226=EDGE_CURVE('',#5507,#5754,#2426,.T.);
#7227=EDGE_CURVE('',#5755,#5521,#2427,.T.);
#7228=EDGE_CURVE('',#5755,#5756,#2428,.T.);
#7229=EDGE_CURVE('',#5756,#5522,#2429,.T.);
#7230=EDGE_CURVE('',#5757,#5755,#2430,.T.);
#7231=EDGE_CURVE('',#5757,#5758,#2431,.T.);
#7232=EDGE_CURVE('',#5758,#5756,#2432,.T.);
#7233=EDGE_CURVE('',#5510,#5757,#2433,.T.);
#7234=EDGE_CURVE('',#5511,#5758,#2434,.T.);
#7235=EDGE_CURVE('',#5759,#5287,#2435,.T.);
#7236=EDGE_CURVE('',#5759,#5760,#2436,.T.);
#7237=EDGE_CURVE('',#5760,#5286,#2437,.T.);
#7238=EDGE_CURVE('',#5761,#5759,#2438,.T.);
#7239=EDGE_CURVE('',#5761,#5762,#2439,.T.);
#7240=EDGE_CURVE('',#5762,#5760,#2440,.T.);
#7241=EDGE_CURVE('',#5292,#5762,#2441,.T.);
#7242=EDGE_CURVE('',#5293,#5761,#2442,.T.);
#7243=EDGE_CURVE('',#5763,#5291,#2443,.T.);
#7244=EDGE_CURVE('',#5763,#5764,#2444,.T.);
#7245=EDGE_CURVE('',#5764,#5290,#2445,.T.);
#7246=EDGE_CURVE('',#5765,#5763,#2446,.T.);
#7247=EDGE_CURVE('',#5765,#5766,#2447,.T.);
#7248=EDGE_CURVE('',#5766,#5764,#2448,.T.);
#7249=EDGE_CURVE('',#5296,#5766,#2449,.T.);
#7250=EDGE_CURVE('',#5297,#5765,#2450,.T.);
#7251=EDGE_CURVE('',#5767,#5295,#2451,.T.);
#7252=EDGE_CURVE('',#5767,#5768,#2452,.T.);
#7253=EDGE_CURVE('',#5768,#5294,#2453,.T.);
#7254=EDGE_CURVE('',#5769,#5767,#2454,.T.);
#7255=EDGE_CURVE('',#5769,#5770,#2455,.T.);
#7256=EDGE_CURVE('',#5770,#5768,#2456,.T.);
#7257=EDGE_CURVE('',#5300,#5770,#2457,.T.);
#7258=EDGE_CURVE('',#5301,#5769,#2458,.T.);
#7259=EDGE_CURVE('',#5771,#5299,#2459,.T.);
#7260=EDGE_CURVE('',#5771,#5772,#2460,.T.);
#7261=EDGE_CURVE('',#5772,#5298,#2461,.T.);
#7262=EDGE_CURVE('',#5773,#5771,#2462,.T.);
#7263=EDGE_CURVE('',#5773,#5774,#2463,.T.);
#7264=EDGE_CURVE('',#5774,#5772,#2464,.T.);
#7265=EDGE_CURVE('',#5304,#5774,#2465,.T.);
#7266=EDGE_CURVE('',#5305,#5773,#2466,.T.);
#7267=EDGE_CURVE('',#5775,#5303,#2467,.T.);
#7268=EDGE_CURVE('',#5775,#5776,#2468,.T.);
#7269=EDGE_CURVE('',#5776,#5302,#2469,.T.);
#7270=EDGE_CURVE('',#5777,#5775,#2470,.T.);
#7271=EDGE_CURVE('',#5777,#5778,#2471,.T.);
#7272=EDGE_CURVE('',#5778,#5776,#2472,.T.);
#7273=EDGE_CURVE('',#5308,#5778,#2473,.T.);
#7274=EDGE_CURVE('',#5309,#5777,#2474,.T.);
#7275=EDGE_CURVE('',#5779,#5307,#2475,.T.);
#7276=EDGE_CURVE('',#5779,#5780,#2476,.T.);
#7277=EDGE_CURVE('',#5780,#5306,#2477,.T.);
#7278=EDGE_CURVE('',#5781,#5779,#2478,.T.);
#7279=EDGE_CURVE('',#5781,#5782,#2479,.T.);
#7280=EDGE_CURVE('',#5782,#5780,#2480,.T.);
#7281=EDGE_CURVE('',#5312,#5782,#2481,.T.);
#7282=EDGE_CURVE('',#5313,#5781,#2482,.T.);
#7283=EDGE_CURVE('',#5783,#5311,#2483,.T.);
#7284=EDGE_CURVE('',#5783,#5784,#2484,.T.);
#7285=EDGE_CURVE('',#5784,#5310,#2485,.T.);
#7286=EDGE_CURVE('',#5785,#5783,#2486,.T.);
#7287=EDGE_CURVE('',#5785,#5786,#2487,.T.);
#7288=EDGE_CURVE('',#5786,#5784,#2488,.T.);
#7289=EDGE_CURVE('',#5316,#5786,#2489,.T.);
#7290=EDGE_CURVE('',#5317,#5785,#2490,.T.);
#7291=EDGE_CURVE('',#5787,#5315,#2491,.T.);
#7292=EDGE_CURVE('',#5787,#5788,#2492,.T.);
#7293=EDGE_CURVE('',#5788,#5314,#2493,.T.);
#7294=EDGE_CURVE('',#5789,#5787,#2494,.T.);
#7295=EDGE_CURVE('',#5789,#5790,#2495,.T.);
#7296=EDGE_CURVE('',#5790,#5788,#2496,.T.);
#7297=EDGE_CURVE('',#5320,#5790,#2497,.T.);
#7298=EDGE_CURVE('',#5321,#5789,#2498,.T.);
#7299=EDGE_CURVE('',#5791,#5319,#2499,.T.);
#7300=EDGE_CURVE('',#5791,#5792,#2500,.T.);
#7301=EDGE_CURVE('',#5792,#5318,#2501,.T.);
#7302=EDGE_CURVE('',#5793,#5791,#2502,.T.);
#7303=EDGE_CURVE('',#5793,#5794,#2503,.T.);
#7304=EDGE_CURVE('',#5794,#5792,#2504,.T.);
#7305=EDGE_CURVE('',#5324,#5794,#2505,.T.);
#7306=EDGE_CURVE('',#5325,#5793,#2506,.T.);
#7307=EDGE_CURVE('',#5795,#5323,#2507,.T.);
#7308=EDGE_CURVE('',#5795,#5796,#2508,.T.);
#7309=EDGE_CURVE('',#5796,#5322,#2509,.T.);
#7310=EDGE_CURVE('',#5797,#5795,#2510,.T.);
#7311=EDGE_CURVE('',#5797,#5798,#2511,.T.);
#7312=EDGE_CURVE('',#5798,#5796,#2512,.T.);
#7313=EDGE_CURVE('',#5328,#5798,#2513,.T.);
#7314=EDGE_CURVE('',#5329,#5797,#2514,.T.);
#7315=EDGE_CURVE('',#5799,#5327,#2515,.T.);
#7316=EDGE_CURVE('',#5799,#5800,#2516,.T.);
#7317=EDGE_CURVE('',#5800,#5326,#2517,.T.);
#7318=EDGE_CURVE('',#5801,#5799,#2518,.T.);
#7319=EDGE_CURVE('',#5801,#5802,#2519,.T.);
#7320=EDGE_CURVE('',#5802,#5800,#2520,.T.);
#7321=EDGE_CURVE('',#5332,#5802,#2521,.T.);
#7322=EDGE_CURVE('',#5333,#5801,#2522,.T.);
#7323=EDGE_CURVE('',#5803,#5331,#2523,.T.);
#7324=EDGE_CURVE('',#5803,#5804,#2524,.T.);
#7325=EDGE_CURVE('',#5804,#5330,#2525,.T.);
#7326=EDGE_CURVE('',#5805,#5803,#2526,.T.);
#7327=EDGE_CURVE('',#5805,#5806,#2527,.T.);
#7328=EDGE_CURVE('',#5806,#5804,#2528,.T.);
#7329=EDGE_CURVE('',#5336,#5806,#2529,.T.);
#7330=EDGE_CURVE('',#5337,#5805,#2530,.T.);
#7331=EDGE_CURVE('',#5807,#5335,#2531,.T.);
#7332=EDGE_CURVE('',#5807,#5808,#2532,.T.);
#7333=EDGE_CURVE('',#5808,#5334,#2533,.T.);
#7334=EDGE_CURVE('',#5809,#5807,#2534,.T.);
#7335=EDGE_CURVE('',#5809,#5810,#2535,.T.);
#7336=EDGE_CURVE('',#5810,#5808,#2536,.T.);
#7337=EDGE_CURVE('',#5340,#5810,#2537,.T.);
#7338=EDGE_CURVE('',#5341,#5809,#2538,.T.);
#7339=EDGE_CURVE('',#5811,#5339,#2539,.T.);
#7340=EDGE_CURVE('',#5811,#5812,#2540,.T.);
#7341=EDGE_CURVE('',#5812,#5338,#2541,.T.);
#7342=EDGE_CURVE('',#5813,#5811,#2542,.T.);
#7343=EDGE_CURVE('',#5813,#5814,#2543,.T.);
#7344=EDGE_CURVE('',#5814,#5812,#2544,.T.);
#7345=EDGE_CURVE('',#5344,#5814,#2545,.T.);
#7346=EDGE_CURVE('',#5345,#5813,#2546,.T.);
#7347=EDGE_CURVE('',#5815,#5343,#2547,.T.);
#7348=EDGE_CURVE('',#5815,#5816,#2548,.T.);
#7349=EDGE_CURVE('',#5816,#5342,#2549,.T.);
#7350=EDGE_CURVE('',#5817,#5815,#2550,.T.);
#7351=EDGE_CURVE('',#5817,#5818,#2551,.T.);
#7352=EDGE_CURVE('',#5818,#5816,#2552,.T.);
#7353=EDGE_CURVE('',#5348,#5818,#2553,.T.);
#7354=EDGE_CURVE('',#5349,#5817,#2554,.T.);
#7355=EDGE_CURVE('',#5819,#5347,#2555,.T.);
#7356=EDGE_CURVE('',#5819,#5820,#2556,.T.);
#7357=EDGE_CURVE('',#5820,#5346,#2557,.T.);
#7358=EDGE_CURVE('',#5821,#5819,#2558,.T.);
#7359=EDGE_CURVE('',#5821,#5822,#2559,.T.);
#7360=EDGE_CURVE('',#5822,#5820,#2560,.T.);
#7361=EDGE_CURVE('',#5352,#5822,#2561,.T.);
#7362=EDGE_CURVE('',#5353,#5821,#2562,.T.);
#7363=EDGE_CURVE('',#5823,#5351,#2563,.T.);
#7364=EDGE_CURVE('',#5823,#5824,#2564,.T.);
#7365=EDGE_CURVE('',#5824,#5350,#2565,.T.);
#7366=EDGE_CURVE('',#5825,#5823,#2566,.T.);
#7367=EDGE_CURVE('',#5825,#5826,#2567,.T.);
#7368=EDGE_CURVE('',#5826,#5824,#2568,.T.);
#7369=EDGE_CURVE('',#5356,#5826,#2569,.T.);
#7370=EDGE_CURVE('',#5357,#5825,#2570,.T.);
#7371=EDGE_CURVE('',#5827,#5355,#2571,.T.);
#7372=EDGE_CURVE('',#5827,#5828,#2572,.T.);
#7373=EDGE_CURVE('',#5828,#5354,#2573,.T.);
#7374=EDGE_CURVE('',#5829,#5827,#2574,.T.);
#7375=EDGE_CURVE('',#5829,#5830,#2575,.T.);
#7376=EDGE_CURVE('',#5830,#5828,#2576,.T.);
#7377=EDGE_CURVE('',#5360,#5830,#2577,.T.);
#7378=EDGE_CURVE('',#5361,#5829,#2578,.T.);
#7379=EDGE_CURVE('',#5064,#5831,#2579,.T.);
#7380=EDGE_CURVE('',#5831,#5832,#2580,.T.);
#7381=EDGE_CURVE('',#5065,#5832,#2581,.T.);
#7382=EDGE_CURVE('',#5833,#5525,#2582,.T.);
#7383=EDGE_CURVE('',#5834,#5833,#2583,.T.);
#7384=EDGE_CURVE('',#5834,#5526,#2584,.T.);
#7385=EDGE_CURVE('',#5831,#5834,#2585,.T.);
#7386=EDGE_CURVE('',#5832,#5833,#2586,.T.);
#7387=EDGE_CURVE('',#5068,#5835,#2587,.T.);
#7388=EDGE_CURVE('',#5835,#5836,#2588,.T.);
#7389=EDGE_CURVE('',#5069,#5836,#2589,.T.);
#7390=EDGE_CURVE('',#5837,#5063,#2590,.T.);
#7391=EDGE_CURVE('',#5838,#5837,#2591,.T.);
#7392=EDGE_CURVE('',#5838,#5062,#2592,.T.);
#7393=EDGE_CURVE('',#5835,#5838,#2593,.T.);
#7394=EDGE_CURVE('',#5836,#5837,#2594,.T.);
#7395=EDGE_CURVE('',#5072,#5839,#2595,.T.);
#7396=EDGE_CURVE('',#5839,#5840,#2596,.T.);
#7397=EDGE_CURVE('',#5073,#5840,#2597,.T.);
#7398=EDGE_CURVE('',#5841,#5067,#2598,.T.);
#7399=EDGE_CURVE('',#5842,#5841,#2599,.T.);
#7400=EDGE_CURVE('',#5842,#5066,#2600,.T.);
#7401=EDGE_CURVE('',#5839,#5842,#2601,.T.);
#7402=EDGE_CURVE('',#5840,#5841,#2602,.T.);
#7403=EDGE_CURVE('',#5076,#5843,#2603,.T.);
#7404=EDGE_CURVE('',#5843,#5844,#2604,.T.);
#7405=EDGE_CURVE('',#5077,#5844,#2605,.T.);
#7406=EDGE_CURVE('',#5845,#5071,#2606,.T.);
#7407=EDGE_CURVE('',#5846,#5845,#2607,.T.);
#7408=EDGE_CURVE('',#5846,#5070,#2608,.T.);
#7409=EDGE_CURVE('',#5843,#5846,#2609,.T.);
#7410=EDGE_CURVE('',#5844,#5845,#2610,.T.);
#7411=EDGE_CURVE('',#5080,#5847,#2611,.T.);
#7412=EDGE_CURVE('',#5847,#5848,#2612,.T.);
#7413=EDGE_CURVE('',#5081,#5848,#2613,.T.);
#7414=EDGE_CURVE('',#5849,#5075,#2614,.T.);
#7415=EDGE_CURVE('',#5850,#5849,#2615,.T.);
#7416=EDGE_CURVE('',#5850,#5074,#2616,.T.);
#7417=EDGE_CURVE('',#5847,#5850,#2617,.T.);
#7418=EDGE_CURVE('',#5848,#5849,#2618,.T.);
#7419=EDGE_CURVE('',#5084,#5851,#2619,.T.);
#7420=EDGE_CURVE('',#5851,#5852,#2620,.T.);
#7421=EDGE_CURVE('',#5085,#5852,#2621,.T.);
#7422=EDGE_CURVE('',#5853,#5079,#2622,.T.);
#7423=EDGE_CURVE('',#5854,#5853,#2623,.T.);
#7424=EDGE_CURVE('',#5854,#5078,#2624,.T.);
#7425=EDGE_CURVE('',#5851,#5854,#2625,.T.);
#7426=EDGE_CURVE('',#5852,#5853,#2626,.T.);
#7427=EDGE_CURVE('',#5088,#5855,#2627,.T.);
#7428=EDGE_CURVE('',#5855,#5856,#2628,.T.);
#7429=EDGE_CURVE('',#5089,#5856,#2629,.T.);
#7430=EDGE_CURVE('',#5857,#5083,#2630,.T.);
#7431=EDGE_CURVE('',#5858,#5857,#2631,.T.);
#7432=EDGE_CURVE('',#5858,#5082,#2632,.T.);
#7433=EDGE_CURVE('',#5855,#5858,#2633,.T.);
#7434=EDGE_CURVE('',#5856,#5857,#2634,.T.);
#7435=EDGE_CURVE('',#5092,#5859,#2635,.T.);
#7436=EDGE_CURVE('',#5859,#5860,#2636,.T.);
#7437=EDGE_CURVE('',#5093,#5860,#2637,.T.);
#7438=EDGE_CURVE('',#5861,#5087,#2638,.T.);
#7439=EDGE_CURVE('',#5862,#5861,#2639,.T.);
#7440=EDGE_CURVE('',#5862,#5086,#2640,.T.);
#7441=EDGE_CURVE('',#5859,#5862,#2641,.T.);
#7442=EDGE_CURVE('',#5860,#5861,#2642,.T.);
#7443=EDGE_CURVE('',#5096,#5863,#2643,.T.);
#7444=EDGE_CURVE('',#5863,#5864,#2644,.T.);
#7445=EDGE_CURVE('',#5097,#5864,#2645,.T.);
#7446=EDGE_CURVE('',#5865,#5091,#2646,.T.);
#7447=EDGE_CURVE('',#5866,#5865,#2647,.T.);
#7448=EDGE_CURVE('',#5866,#5090,#2648,.T.);
#7449=EDGE_CURVE('',#5863,#5866,#2649,.T.);
#7450=EDGE_CURVE('',#5864,#5865,#2650,.T.);
#7451=EDGE_CURVE('',#5100,#5867,#2651,.T.);
#7452=EDGE_CURVE('',#5867,#5868,#2652,.T.);
#7453=EDGE_CURVE('',#5101,#5868,#2653,.T.);
#7454=EDGE_CURVE('',#5869,#5095,#2654,.T.);
#7455=EDGE_CURVE('',#5870,#5869,#2655,.T.);
#7456=EDGE_CURVE('',#5870,#5094,#2656,.T.);
#7457=EDGE_CURVE('',#5867,#5870,#2657,.T.);
#7458=EDGE_CURVE('',#5868,#5869,#2658,.T.);
#7459=EDGE_CURVE('',#5104,#5871,#2659,.T.);
#7460=EDGE_CURVE('',#5871,#5872,#2660,.T.);
#7461=EDGE_CURVE('',#5105,#5872,#2661,.T.);
#7462=EDGE_CURVE('',#5873,#5099,#2662,.T.);
#7463=EDGE_CURVE('',#5874,#5873,#2663,.T.);
#7464=EDGE_CURVE('',#5874,#5098,#2664,.T.);
#7465=EDGE_CURVE('',#5871,#5874,#2665,.T.);
#7466=EDGE_CURVE('',#5872,#5873,#2666,.T.);
#7467=EDGE_CURVE('',#5108,#5875,#2667,.T.);
#7468=EDGE_CURVE('',#5875,#5876,#2668,.T.);
#7469=EDGE_CURVE('',#5109,#5876,#2669,.T.);
#7470=EDGE_CURVE('',#5877,#5103,#2670,.T.);
#7471=EDGE_CURVE('',#5878,#5877,#2671,.T.);
#7472=EDGE_CURVE('',#5878,#5102,#2672,.T.);
#7473=EDGE_CURVE('',#5875,#5878,#2673,.T.);
#7474=EDGE_CURVE('',#5876,#5877,#2674,.T.);
#7475=EDGE_CURVE('',#5112,#5879,#2675,.T.);
#7476=EDGE_CURVE('',#5879,#5880,#2676,.T.);
#7477=EDGE_CURVE('',#5113,#5880,#2677,.T.);
#7478=EDGE_CURVE('',#5881,#5107,#2678,.T.);
#7479=EDGE_CURVE('',#5882,#5881,#2679,.T.);
#7480=EDGE_CURVE('',#5882,#5106,#2680,.T.);
#7481=EDGE_CURVE('',#5879,#5882,#2681,.T.);
#7482=EDGE_CURVE('',#5880,#5881,#2682,.T.);
#7483=EDGE_CURVE('',#5116,#5883,#2683,.T.);
#7484=EDGE_CURVE('',#5883,#5884,#2684,.T.);
#7485=EDGE_CURVE('',#5117,#5884,#2685,.T.);
#7486=EDGE_CURVE('',#5885,#5111,#2686,.T.);
#7487=EDGE_CURVE('',#5886,#5885,#2687,.T.);
#7488=EDGE_CURVE('',#5886,#5110,#2688,.T.);
#7489=EDGE_CURVE('',#5883,#5886,#2689,.T.);
#7490=EDGE_CURVE('',#5884,#5885,#2690,.T.);
#7491=EDGE_CURVE('',#5120,#5887,#2691,.T.);
#7492=EDGE_CURVE('',#5887,#5888,#2692,.T.);
#7493=EDGE_CURVE('',#5121,#5888,#2693,.T.);
#7494=EDGE_CURVE('',#5889,#5115,#2694,.T.);
#7495=EDGE_CURVE('',#5890,#5889,#2695,.T.);
#7496=EDGE_CURVE('',#5890,#5114,#2696,.T.);
#7497=EDGE_CURVE('',#5887,#5890,#2697,.T.);
#7498=EDGE_CURVE('',#5888,#5889,#2698,.T.);
#7499=EDGE_CURVE('',#5124,#5891,#2699,.T.);
#7500=EDGE_CURVE('',#5891,#5892,#2700,.T.);
#7501=EDGE_CURVE('',#5125,#5892,#2701,.T.);
#7502=EDGE_CURVE('',#5893,#5119,#2702,.T.);
#7503=EDGE_CURVE('',#5894,#5893,#2703,.T.);
#7504=EDGE_CURVE('',#5894,#5118,#2704,.T.);
#7505=EDGE_CURVE('',#5891,#5894,#2705,.T.);
#7506=EDGE_CURVE('',#5892,#5893,#2706,.T.);
#7507=EDGE_CURVE('',#5128,#5895,#2707,.T.);
#7508=EDGE_CURVE('',#5895,#5896,#2708,.T.);
#7509=EDGE_CURVE('',#5129,#5896,#2709,.T.);
#7510=EDGE_CURVE('',#5897,#5123,#2710,.T.);
#7511=EDGE_CURVE('',#5898,#5897,#2711,.T.);
#7512=EDGE_CURVE('',#5898,#5122,#2712,.T.);
#7513=EDGE_CURVE('',#5895,#5898,#2713,.T.);
#7514=EDGE_CURVE('',#5896,#5897,#2714,.T.);
#7515=EDGE_CURVE('',#5132,#5899,#2715,.T.);
#7516=EDGE_CURVE('',#5899,#5900,#2716,.T.);
#7517=EDGE_CURVE('',#5133,#5900,#2717,.T.);
#7518=EDGE_CURVE('',#5901,#5127,#2718,.T.);
#7519=EDGE_CURVE('',#5902,#5901,#2719,.T.);
#7520=EDGE_CURVE('',#5902,#5126,#2720,.T.);
#7521=EDGE_CURVE('',#5899,#5902,#2721,.T.);
#7522=EDGE_CURVE('',#5900,#5901,#2722,.T.);
#7523=EDGE_CURVE('',#5903,#5131,#2723,.T.);
#7524=EDGE_CURVE('',#5904,#5903,#2724,.T.);
#7525=EDGE_CURVE('',#5904,#5130,#2725,.T.);
#7526=EDGE_CURVE('',#5905,#5904,#2726,.T.);
#7527=EDGE_CURVE('',#5906,#5903,#2727,.T.);
#7528=EDGE_CURVE('',#5905,#5906,#2728,.T.);
#7529=EDGE_CURVE('',#4912,#5905,#2729,.T.);
#7530=EDGE_CURVE('',#4913,#5906,#2730,.T.);
#7531=EDGE_CURVE('',#5907,#4910,#2731,.T.);
#7532=EDGE_CURVE('',#5908,#4911,#2732,.T.);
#7533=EDGE_CURVE('',#5907,#5908,#2733,.T.);
#7534=EDGE_CURVE('',#5909,#5907,#2734,.T.);
#7535=EDGE_CURVE('',#5910,#5908,#2735,.T.);
#7536=EDGE_CURVE('',#5909,#5910,#2736,.T.);
#7537=EDGE_CURVE('',#4916,#5909,#2737,.T.);
#7538=EDGE_CURVE('',#4917,#5910,#2738,.T.);
#7539=EDGE_CURVE('',#5911,#4914,#2739,.T.);
#7540=EDGE_CURVE('',#5912,#4915,#2740,.T.);
#7541=EDGE_CURVE('',#5911,#5912,#2741,.T.);
#7542=EDGE_CURVE('',#5913,#5911,#2742,.T.);
#7543=EDGE_CURVE('',#5914,#5912,#2743,.T.);
#7544=EDGE_CURVE('',#5913,#5914,#2744,.T.);
#7545=EDGE_CURVE('',#4920,#5913,#2745,.T.);
#7546=EDGE_CURVE('',#4921,#5914,#2746,.T.);
#7547=EDGE_CURVE('',#5915,#4918,#2747,.T.);
#7548=EDGE_CURVE('',#5916,#4919,#2748,.T.);
#7549=EDGE_CURVE('',#5915,#5916,#2749,.T.);
#7550=EDGE_CURVE('',#5917,#5915,#2750,.T.);
#7551=EDGE_CURVE('',#5918,#5916,#2751,.T.);
#7552=EDGE_CURVE('',#5917,#5918,#2752,.T.);
#7553=EDGE_CURVE('',#4924,#5917,#2753,.T.);
#7554=EDGE_CURVE('',#4925,#5918,#2754,.T.);
#7555=EDGE_CURVE('',#5919,#4922,#2755,.T.);
#7556=EDGE_CURVE('',#5920,#4923,#2756,.T.);
#7557=EDGE_CURVE('',#5919,#5920,#2757,.T.);
#7558=EDGE_CURVE('',#5921,#5919,#2758,.T.);
#7559=EDGE_CURVE('',#5922,#5920,#2759,.T.);
#7560=EDGE_CURVE('',#5921,#5922,#2760,.T.);
#7561=EDGE_CURVE('',#4928,#5921,#2761,.T.);
#7562=EDGE_CURVE('',#4929,#5922,#2762,.T.);
#7563=EDGE_CURVE('',#5923,#4926,#2763,.T.);
#7564=EDGE_CURVE('',#5924,#4927,#2764,.T.);
#7565=EDGE_CURVE('',#5923,#5924,#2765,.T.);
#7566=EDGE_CURVE('',#5925,#5923,#2766,.T.);
#7567=EDGE_CURVE('',#5926,#5924,#2767,.T.);
#7568=EDGE_CURVE('',#5925,#5926,#2768,.T.);
#7569=EDGE_CURVE('',#4932,#5925,#2769,.T.);
#7570=EDGE_CURVE('',#4933,#5926,#2770,.T.);
#7571=EDGE_CURVE('',#5927,#4930,#2771,.T.);
#7572=EDGE_CURVE('',#5928,#4931,#2772,.T.);
#7573=EDGE_CURVE('',#5927,#5928,#2773,.T.);
#7574=EDGE_CURVE('',#5929,#5927,#2774,.T.);
#7575=EDGE_CURVE('',#5930,#5928,#2775,.T.);
#7576=EDGE_CURVE('',#5929,#5930,#2776,.T.);
#7577=EDGE_CURVE('',#4936,#5929,#2777,.T.);
#7578=EDGE_CURVE('',#4937,#5930,#2778,.T.);
#7579=EDGE_CURVE('',#5931,#4934,#2779,.T.);
#7580=EDGE_CURVE('',#5932,#4935,#2780,.T.);
#7581=EDGE_CURVE('',#5931,#5932,#2781,.T.);
#7582=EDGE_CURVE('',#5933,#5931,#2782,.T.);
#7583=EDGE_CURVE('',#5934,#5932,#2783,.T.);
#7584=EDGE_CURVE('',#5933,#5934,#2784,.T.);
#7585=EDGE_CURVE('',#4940,#5933,#2785,.T.);
#7586=EDGE_CURVE('',#4941,#5934,#2786,.T.);
#7587=EDGE_CURVE('',#5935,#4938,#2787,.T.);
#7588=EDGE_CURVE('',#5936,#4939,#2788,.T.);
#7589=EDGE_CURVE('',#5935,#5936,#2789,.T.);
#7590=EDGE_CURVE('',#5937,#5935,#2790,.T.);
#7591=EDGE_CURVE('',#5938,#5936,#2791,.T.);
#7592=EDGE_CURVE('',#5937,#5938,#2792,.T.);
#7593=EDGE_CURVE('',#4944,#5937,#2793,.T.);
#7594=EDGE_CURVE('',#4945,#5938,#2794,.T.);
#7595=EDGE_CURVE('',#5939,#4942,#2795,.T.);
#7596=EDGE_CURVE('',#5940,#4943,#2796,.T.);
#7597=EDGE_CURVE('',#5939,#5940,#2797,.T.);
#7598=EDGE_CURVE('',#5941,#5939,#2798,.T.);
#7599=EDGE_CURVE('',#5942,#5940,#2799,.T.);
#7600=EDGE_CURVE('',#5941,#5942,#2800,.T.);
#7601=EDGE_CURVE('',#4948,#5941,#2801,.T.);
#7602=EDGE_CURVE('',#4949,#5942,#2802,.T.);
#7603=EDGE_CURVE('',#5943,#4946,#2803,.T.);
#7604=EDGE_CURVE('',#5944,#4947,#2804,.T.);
#7605=EDGE_CURVE('',#5943,#5944,#2805,.T.);
#7606=EDGE_CURVE('',#5945,#5943,#2806,.T.);
#7607=EDGE_CURVE('',#5946,#5944,#2807,.T.);
#7608=EDGE_CURVE('',#5945,#5946,#2808,.T.);
#7609=EDGE_CURVE('',#4952,#5945,#2809,.T.);
#7610=EDGE_CURVE('',#4953,#5946,#2810,.T.);
#7611=EDGE_CURVE('',#5947,#4950,#2811,.T.);
#7612=EDGE_CURVE('',#5948,#4951,#2812,.T.);
#7613=EDGE_CURVE('',#5947,#5948,#2813,.T.);
#7614=EDGE_CURVE('',#5949,#5947,#2814,.T.);
#7615=EDGE_CURVE('',#5950,#5948,#2815,.T.);
#7616=EDGE_CURVE('',#5949,#5950,#2816,.T.);
#7617=EDGE_CURVE('',#4956,#5949,#2817,.T.);
#7618=EDGE_CURVE('',#4957,#5950,#2818,.T.);
#7619=EDGE_CURVE('',#5951,#4954,#2819,.T.);
#7620=EDGE_CURVE('',#5952,#4955,#2820,.T.);
#7621=EDGE_CURVE('',#5951,#5952,#2821,.T.);
#7622=EDGE_CURVE('',#5953,#5951,#2822,.T.);
#7623=EDGE_CURVE('',#5954,#5952,#2823,.T.);
#7624=EDGE_CURVE('',#5953,#5954,#2824,.T.);
#7625=EDGE_CURVE('',#4960,#5953,#2825,.T.);
#7626=EDGE_CURVE('',#4961,#5954,#2826,.T.);
#7627=EDGE_CURVE('',#5955,#4958,#2827,.T.);
#7628=EDGE_CURVE('',#5956,#4959,#2828,.T.);
#7629=EDGE_CURVE('',#5955,#5956,#2829,.T.);
#7630=EDGE_CURVE('',#5957,#5955,#2830,.T.);
#7631=EDGE_CURVE('',#5958,#5956,#2831,.T.);
#7632=EDGE_CURVE('',#5957,#5958,#2832,.T.);
#7633=EDGE_CURVE('',#4964,#5957,#2833,.T.);
#7634=EDGE_CURVE('',#4965,#5958,#2834,.T.);
#7635=EDGE_CURVE('',#5959,#4962,#2835,.T.);
#7636=EDGE_CURVE('',#5960,#4963,#2836,.T.);
#7637=EDGE_CURVE('',#5959,#5960,#2837,.T.);
#7638=EDGE_CURVE('',#5961,#5959,#2838,.T.);
#7639=EDGE_CURVE('',#5962,#5960,#2839,.T.);
#7640=EDGE_CURVE('',#5961,#5962,#2840,.T.);
#7641=EDGE_CURVE('',#4968,#5961,#2841,.T.);
#7642=EDGE_CURVE('',#4969,#5962,#2842,.T.);
#7643=EDGE_CURVE('',#5963,#4966,#2843,.T.);
#7644=EDGE_CURVE('',#5964,#4967,#2844,.T.);
#7645=EDGE_CURVE('',#5963,#5964,#2845,.T.);
#7646=EDGE_CURVE('',#5965,#5963,#2846,.T.);
#7647=EDGE_CURVE('',#5966,#5964,#2847,.T.);
#7648=EDGE_CURVE('',#5965,#5966,#2848,.T.);
#7649=EDGE_CURVE('',#4972,#5965,#2849,.T.);
#7650=EDGE_CURVE('',#4973,#5966,#2850,.T.);
#7651=EDGE_CURVE('',#5967,#4970,#2851,.T.);
#7652=EDGE_CURVE('',#5968,#4971,#2852,.T.);
#7653=EDGE_CURVE('',#5967,#5968,#2853,.T.);
#7654=EDGE_CURVE('',#5969,#5967,#2854,.T.);
#7655=EDGE_CURVE('',#5970,#5968,#2855,.T.);
#7656=EDGE_CURVE('',#5969,#5970,#2856,.T.);
#7657=EDGE_CURVE('',#4976,#5969,#2857,.T.);
#7658=EDGE_CURVE('',#4977,#5970,#2858,.T.);
#7659=EDGE_CURVE('',#5971,#4974,#2859,.T.);
#7660=EDGE_CURVE('',#5972,#4975,#2860,.T.);
#7661=EDGE_CURVE('',#5971,#5972,#2861,.T.);
#7662=EDGE_CURVE('',#5973,#5971,#2862,.T.);
#7663=EDGE_CURVE('',#5974,#5972,#2863,.T.);
#7664=EDGE_CURVE('',#5973,#5974,#2864,.T.);
#7665=EDGE_CURVE('',#4980,#5973,#2865,.T.);
#7666=EDGE_CURVE('',#4981,#5974,#2866,.T.);
#7667=EDGE_CURVE('',#5975,#4978,#2867,.T.);
#7668=EDGE_CURVE('',#5976,#4979,#2868,.T.);
#7669=EDGE_CURVE('',#5975,#5976,#2869,.T.);
#7670=EDGE_CURVE('',#5977,#5975,#2870,.T.);
#7671=EDGE_CURVE('',#5978,#5976,#2871,.T.);
#7672=EDGE_CURVE('',#5977,#5978,#2872,.T.);
#7673=EDGE_CURVE('',#4984,#5977,#2873,.T.);
#7674=EDGE_CURVE('',#4985,#5978,#2874,.T.);
#7675=EDGE_CURVE('',#5979,#4982,#2875,.T.);
#7676=EDGE_CURVE('',#5980,#4983,#2876,.T.);
#7677=EDGE_CURVE('',#5979,#5980,#2877,.T.);
#7678=EDGE_CURVE('',#5981,#5979,#2878,.T.);
#7679=EDGE_CURVE('',#5982,#5980,#2879,.T.);
#7680=EDGE_CURVE('',#5981,#5982,#2880,.T.);
#7681=EDGE_CURVE('',#4988,#5981,#2881,.T.);
#7682=EDGE_CURVE('',#4989,#5982,#2882,.T.);
#7683=EDGE_CURVE('',#5983,#4986,#2883,.T.);
#7684=EDGE_CURVE('',#5984,#4987,#2884,.T.);
#7685=EDGE_CURVE('',#5983,#5984,#2885,.T.);
#7686=EDGE_CURVE('',#5985,#5983,#2886,.T.);
#7687=EDGE_CURVE('',#5986,#5984,#2887,.T.);
#7688=EDGE_CURVE('',#5985,#5986,#2888,.T.);
#7689=EDGE_CURVE('',#4992,#5985,#2889,.T.);
#7690=EDGE_CURVE('',#4993,#5986,#2890,.T.);
#7691=EDGE_CURVE('',#5987,#4990,#2891,.T.);
#7692=EDGE_CURVE('',#5988,#4991,#2892,.T.);
#7693=EDGE_CURVE('',#5987,#5988,#2893,.T.);
#7694=EDGE_CURVE('',#5989,#5987,#2894,.T.);
#7695=EDGE_CURVE('',#5990,#5988,#2895,.T.);
#7696=EDGE_CURVE('',#5989,#5990,#2896,.T.);
#7697=EDGE_CURVE('',#4996,#5989,#2897,.T.);
#7698=EDGE_CURVE('',#4997,#5990,#2898,.T.);
#7699=EDGE_CURVE('',#5991,#4994,#2899,.T.);
#7700=EDGE_CURVE('',#5992,#4995,#2900,.T.);
#7701=EDGE_CURVE('',#5991,#5992,#2901,.T.);
#7702=EDGE_CURVE('',#5993,#5991,#2902,.T.);
#7703=EDGE_CURVE('',#5994,#5992,#2903,.T.);
#7704=EDGE_CURVE('',#5993,#5994,#2904,.T.);
#7705=EDGE_CURVE('',#5000,#5993,#2905,.T.);
#7706=EDGE_CURVE('',#5001,#5994,#2906,.T.);
#7707=EDGE_CURVE('',#5995,#4998,#2907,.T.);
#7708=EDGE_CURVE('',#5996,#4999,#2908,.T.);
#7709=EDGE_CURVE('',#5995,#5996,#2909,.T.);
#7710=EDGE_CURVE('',#5997,#5995,#2910,.T.);
#7711=EDGE_CURVE('',#5998,#5996,#2911,.T.);
#7712=EDGE_CURVE('',#5997,#5998,#2912,.T.);
#7713=EDGE_CURVE('',#5004,#5997,#2913,.T.);
#7714=EDGE_CURVE('',#5005,#5998,#2914,.T.);
#7715=EDGE_CURVE('',#5999,#5002,#2915,.T.);
#7716=EDGE_CURVE('',#6000,#5003,#2916,.T.);
#7717=EDGE_CURVE('',#5999,#6000,#2917,.T.);
#7718=EDGE_CURVE('',#6001,#5999,#2918,.T.);
#7719=EDGE_CURVE('',#6002,#6000,#2919,.T.);
#7720=EDGE_CURVE('',#6001,#6002,#2920,.T.);
#7721=EDGE_CURVE('',#5008,#6001,#2921,.T.);
#7722=EDGE_CURVE('',#5009,#6002,#2922,.T.);
#7723=EDGE_CURVE('',#6003,#5006,#2923,.T.);
#7724=EDGE_CURVE('',#6004,#5007,#2924,.T.);
#7725=EDGE_CURVE('',#6003,#6004,#2925,.T.);
#7726=EDGE_CURVE('',#6005,#6003,#2926,.T.);
#7727=EDGE_CURVE('',#6006,#6004,#2927,.T.);
#7728=EDGE_CURVE('',#6005,#6006,#2928,.T.);
#7729=EDGE_CURVE('',#5012,#6005,#2929,.T.);
#7730=EDGE_CURVE('',#5013,#6006,#2930,.T.);
#7731=EDGE_CURVE('',#6007,#5010,#2931,.T.);
#7732=EDGE_CURVE('',#6008,#5011,#2932,.T.);
#7733=EDGE_CURVE('',#6007,#6008,#2933,.T.);
#7734=EDGE_CURVE('',#6009,#6007,#2934,.T.);
#7735=EDGE_CURVE('',#6010,#6008,#2935,.T.);
#7736=EDGE_CURVE('',#6009,#6010,#2936,.T.);
#7737=EDGE_CURVE('',#5016,#6009,#2937,.T.);
#7738=EDGE_CURVE('',#5017,#6010,#2938,.T.);
#7739=EDGE_CURVE('',#6011,#5014,#2939,.T.);
#7740=EDGE_CURVE('',#6012,#5015,#2940,.T.);
#7741=EDGE_CURVE('',#6011,#6012,#2941,.T.);
#7742=EDGE_CURVE('',#6013,#6011,#2942,.T.);
#7743=EDGE_CURVE('',#6014,#6012,#2943,.T.);
#7744=EDGE_CURVE('',#6013,#6014,#2944,.T.);
#7745=EDGE_CURVE('',#5020,#6013,#2945,.T.);
#7746=EDGE_CURVE('',#5021,#6014,#2946,.T.);
#7747=EDGE_CURVE('',#6015,#5018,#2947,.T.);
#7748=EDGE_CURVE('',#6016,#5019,#2948,.T.);
#7749=EDGE_CURVE('',#6015,#6016,#2949,.T.);
#7750=EDGE_CURVE('',#6017,#6015,#2950,.T.);
#7751=EDGE_CURVE('',#6018,#6016,#2951,.T.);
#7752=EDGE_CURVE('',#6017,#6018,#2952,.T.);
#7753=EDGE_CURVE('',#5024,#6017,#2953,.T.);
#7754=EDGE_CURVE('',#5025,#6018,#2954,.T.);
#7755=EDGE_CURVE('',#6019,#5022,#2955,.T.);
#7756=EDGE_CURVE('',#6020,#5023,#2956,.T.);
#7757=EDGE_CURVE('',#6019,#6020,#2957,.T.);
#7758=EDGE_CURVE('',#6021,#6019,#2958,.T.);
#7759=EDGE_CURVE('',#6022,#6020,#2959,.T.);
#7760=EDGE_CURVE('',#6021,#6022,#2960,.T.);
#7761=EDGE_CURVE('',#5028,#6021,#2961,.T.);
#7762=EDGE_CURVE('',#5029,#6022,#2962,.T.);
#7763=EDGE_CURVE('',#6023,#5026,#2963,.T.);
#7764=EDGE_CURVE('',#6024,#5027,#2964,.T.);
#7765=EDGE_CURVE('',#6023,#6024,#2965,.T.);
#7766=EDGE_CURVE('',#6025,#6023,#2966,.T.);
#7767=EDGE_CURVE('',#6026,#6024,#2967,.T.);
#7768=EDGE_CURVE('',#6025,#6026,#2968,.T.);
#7769=EDGE_CURVE('',#5032,#6025,#2969,.T.);
#7770=EDGE_CURVE('',#5033,#6026,#2970,.T.);
#7771=EDGE_CURVE('',#6027,#5030,#2971,.T.);
#7772=EDGE_CURVE('',#6028,#5031,#2972,.T.);
#7773=EDGE_CURVE('',#6027,#6028,#2973,.T.);
#7774=EDGE_CURVE('',#6029,#6027,#2974,.T.);
#7775=EDGE_CURVE('',#6030,#6028,#2975,.T.);
#7776=EDGE_CURVE('',#6029,#6030,#2976,.T.);
#7777=EDGE_CURVE('',#5036,#6029,#2977,.T.);
#7778=EDGE_CURVE('',#5037,#6030,#2978,.T.);
#7779=EDGE_CURVE('',#6031,#5034,#2979,.T.);
#7780=EDGE_CURVE('',#6032,#5035,#2980,.T.);
#7781=EDGE_CURVE('',#6031,#6032,#2981,.T.);
#7782=EDGE_CURVE('',#6033,#6031,#2982,.T.);
#7783=EDGE_CURVE('',#6034,#6032,#2983,.T.);
#7784=EDGE_CURVE('',#6033,#6034,#2984,.T.);
#7785=EDGE_CURVE('',#5040,#6033,#2985,.T.);
#7786=EDGE_CURVE('',#5041,#6034,#2986,.T.);
#7787=EDGE_CURVE('',#6035,#5038,#2987,.T.);
#7788=EDGE_CURVE('',#6036,#5039,#2988,.T.);
#7789=EDGE_CURVE('',#6035,#6036,#2989,.T.);
#7790=EDGE_CURVE('',#6037,#6035,#2990,.T.);
#7791=EDGE_CURVE('',#6038,#6036,#2991,.T.);
#7792=EDGE_CURVE('',#6037,#6038,#2992,.T.);
#7793=EDGE_CURVE('',#5044,#6037,#2993,.T.);
#7794=EDGE_CURVE('',#5045,#6038,#2994,.T.);
#7795=EDGE_CURVE('',#6039,#5042,#2995,.T.);
#7796=EDGE_CURVE('',#6040,#5043,#2996,.T.);
#7797=EDGE_CURVE('',#6039,#6040,#2997,.T.);
#7798=EDGE_CURVE('',#6041,#6039,#2998,.T.);
#7799=EDGE_CURVE('',#6042,#6040,#2999,.T.);
#7800=EDGE_CURVE('',#6041,#6042,#3000,.T.);
#7801=EDGE_CURVE('',#5048,#6041,#3001,.T.);
#7802=EDGE_CURVE('',#5049,#6042,#3002,.T.);
#7803=EDGE_CURVE('',#6043,#5046,#3003,.T.);
#7804=EDGE_CURVE('',#6044,#5047,#3004,.T.);
#7805=EDGE_CURVE('',#6043,#6044,#3005,.T.);
#7806=EDGE_CURVE('',#6045,#6043,#3006,.T.);
#7807=EDGE_CURVE('',#6046,#6044,#3007,.T.);
#7808=EDGE_CURVE('',#6045,#6046,#3008,.T.);
#7809=EDGE_CURVE('',#5052,#6045,#3009,.T.);
#7810=EDGE_CURVE('',#5053,#6046,#3010,.T.);
#7811=EDGE_CURVE('',#6047,#5050,#3011,.T.);
#7812=EDGE_CURVE('',#6048,#5051,#3012,.T.);
#7813=EDGE_CURVE('',#6047,#6048,#3013,.T.);
#7814=EDGE_CURVE('',#6049,#6047,#3014,.T.);
#7815=EDGE_CURVE('',#6050,#6048,#3015,.T.);
#7816=EDGE_CURVE('',#6049,#6050,#3016,.T.);
#7817=EDGE_CURVE('',#5056,#6049,#3017,.T.);
#7818=EDGE_CURVE('',#5057,#6050,#3018,.T.);
#7819=EDGE_CURVE('',#6051,#5054,#3019,.T.);
#7820=EDGE_CURVE('',#6052,#5055,#3020,.T.);
#7821=EDGE_CURVE('',#6051,#6052,#3021,.T.);
#7822=EDGE_CURVE('',#6053,#6051,#3022,.T.);
#7823=EDGE_CURVE('',#6054,#6052,#3023,.T.);
#7824=EDGE_CURVE('',#6053,#6054,#3024,.T.);
#7825=EDGE_CURVE('',#5060,#6053,#3025,.T.);
#7826=EDGE_CURVE('',#5061,#6054,#3026,.T.);
#7827=EDGE_CURVE('',#6055,#5058,#3027,.T.);
#7828=EDGE_CURVE('',#6056,#5059,#3028,.T.);
#7829=EDGE_CURVE('',#6055,#6056,#3029,.T.);
#7830=EDGE_CURVE('',#6057,#6055,#3030,.T.);
#7831=EDGE_CURVE('',#6058,#6056,#3031,.T.);
#7832=EDGE_CURVE('',#6057,#6058,#3032,.T.);
#7833=EDGE_CURVE('',#5517,#6057,#3033,.T.);
#7834=EDGE_CURVE('',#5518,#6058,#3034,.T.);
#7835=EDGE_CURVE('',#6059,#5515,#3035,.T.);
#7836=EDGE_CURVE('',#6060,#5516,#3036,.T.);
#7837=EDGE_CURVE('',#6059,#6060,#3037,.T.);
#7838=EDGE_CURVE('',#6061,#6059,#3038,.T.);
#7839=EDGE_CURVE('',#6062,#6060,#3039,.T.);
#7840=EDGE_CURVE('',#6061,#6062,#3040,.T.);
#7841=EDGE_CURVE('',#5359,#6061,#3041,.T.);
#7842=EDGE_CURVE('',#5358,#6062,#3042,.T.);
#7843=EDGE_CURVE('',#6063,#5136,#3043,.T.);
#7844=EDGE_CURVE('',#6063,#6064,#3044,.T.);
#7845=EDGE_CURVE('',#6064,#5137,#3045,.T.);
#7846=EDGE_CURVE('',#6065,#6063,#3046,.T.);
#7847=EDGE_CURVE('',#6065,#6066,#3047,.T.);
#7848=EDGE_CURVE('',#6066,#6064,#3048,.T.);
#7849=EDGE_CURVE('',#5519,#6065,#3049,.T.);
#7850=EDGE_CURVE('',#5520,#6066,#3050,.T.);
#7851=EDGE_CURVE('',#6067,#5140,#3051,.T.);
#7852=EDGE_CURVE('',#6067,#6068,#3052,.T.);
#7853=EDGE_CURVE('',#6068,#5141,#3053,.T.);
#7854=EDGE_CURVE('',#6069,#6067,#3054,.T.);
#7855=EDGE_CURVE('',#6069,#6070,#3055,.T.);
#7856=EDGE_CURVE('',#6070,#6068,#3056,.T.);
#7857=EDGE_CURVE('',#5135,#6070,#3057,.T.);
#7858=EDGE_CURVE('',#5134,#6069,#3058,.T.);
#7859=EDGE_CURVE('',#6071,#5144,#3059,.T.);
#7860=EDGE_CURVE('',#6071,#6072,#3060,.T.);
#7861=EDGE_CURVE('',#6072,#5145,#3061,.T.);
#7862=EDGE_CURVE('',#6073,#6071,#3062,.T.);
#7863=EDGE_CURVE('',#6073,#6074,#3063,.T.);
#7864=EDGE_CURVE('',#6074,#6072,#3064,.T.);
#7865=EDGE_CURVE('',#5139,#6074,#3065,.T.);
#7866=EDGE_CURVE('',#5138,#6073,#3066,.T.);
#7867=EDGE_CURVE('',#6075,#5148,#3067,.T.);
#7868=EDGE_CURVE('',#6075,#6076,#3068,.T.);
#7869=EDGE_CURVE('',#6076,#5149,#3069,.T.);
#7870=EDGE_CURVE('',#6077,#6075,#3070,.T.);
#7871=EDGE_CURVE('',#6077,#6078,#3071,.T.);
#7872=EDGE_CURVE('',#6078,#6076,#3072,.T.);
#7873=EDGE_CURVE('',#5143,#6078,#3073,.T.);
#7874=EDGE_CURVE('',#5142,#6077,#3074,.T.);
#7875=EDGE_CURVE('',#6079,#5152,#3075,.T.);
#7876=EDGE_CURVE('',#6079,#6080,#3076,.T.);
#7877=EDGE_CURVE('',#6080,#5153,#3077,.T.);
#7878=EDGE_CURVE('',#6081,#6079,#3078,.T.);
#7879=EDGE_CURVE('',#6081,#6082,#3079,.T.);
#7880=EDGE_CURVE('',#6082,#6080,#3080,.T.);
#7881=EDGE_CURVE('',#5147,#6082,#3081,.T.);
#7882=EDGE_CURVE('',#5146,#6081,#3082,.T.);
#7883=EDGE_CURVE('',#6083,#5156,#3083,.T.);
#7884=EDGE_CURVE('',#6083,#6084,#3084,.T.);
#7885=EDGE_CURVE('',#6084,#5157,#3085,.T.);
#7886=EDGE_CURVE('',#6085,#6083,#3086,.T.);
#7887=EDGE_CURVE('',#6085,#6086,#3087,.T.);
#7888=EDGE_CURVE('',#6086,#6084,#3088,.T.);
#7889=EDGE_CURVE('',#5151,#6086,#3089,.T.);
#7890=EDGE_CURVE('',#5150,#6085,#3090,.T.);
#7891=EDGE_CURVE('',#6087,#5160,#3091,.T.);
#7892=EDGE_CURVE('',#6087,#6088,#3092,.T.);
#7893=EDGE_CURVE('',#6088,#5161,#3093,.T.);
#7894=EDGE_CURVE('',#6089,#6087,#3094,.T.);
#7895=EDGE_CURVE('',#6089,#6090,#3095,.T.);
#7896=EDGE_CURVE('',#6090,#6088,#3096,.T.);
#7897=EDGE_CURVE('',#5155,#6090,#3097,.T.);
#7898=EDGE_CURVE('',#5154,#6089,#3098,.T.);
#7899=EDGE_CURVE('',#6091,#5164,#3099,.T.);
#7900=EDGE_CURVE('',#6091,#6092,#3100,.T.);
#7901=EDGE_CURVE('',#6092,#5165,#3101,.T.);
#7902=EDGE_CURVE('',#6093,#6091,#3102,.T.);
#7903=EDGE_CURVE('',#6093,#6094,#3103,.T.);
#7904=EDGE_CURVE('',#6094,#6092,#3104,.T.);
#7905=EDGE_CURVE('',#5159,#6094,#3105,.T.);
#7906=EDGE_CURVE('',#5158,#6093,#3106,.T.);
#7907=EDGE_CURVE('',#6095,#5168,#3107,.T.);
#7908=EDGE_CURVE('',#6095,#6096,#3108,.T.);
#7909=EDGE_CURVE('',#6096,#5169,#3109,.T.);
#7910=EDGE_CURVE('',#6097,#6095,#3110,.T.);
#7911=EDGE_CURVE('',#6097,#6098,#3111,.T.);
#7912=EDGE_CURVE('',#6098,#6096,#3112,.T.);
#7913=EDGE_CURVE('',#5163,#6098,#3113,.T.);
#7914=EDGE_CURVE('',#5162,#6097,#3114,.T.);
#7915=EDGE_CURVE('',#6099,#5172,#3115,.T.);
#7916=EDGE_CURVE('',#6099,#6100,#3116,.T.);
#7917=EDGE_CURVE('',#6100,#5173,#3117,.T.);
#7918=EDGE_CURVE('',#6101,#6099,#3118,.T.);
#7919=EDGE_CURVE('',#6101,#6102,#3119,.T.);
#7920=EDGE_CURVE('',#6102,#6100,#3120,.T.);
#7921=EDGE_CURVE('',#5167,#6102,#3121,.T.);
#7922=EDGE_CURVE('',#5166,#6101,#3122,.T.);
#7923=EDGE_CURVE('',#6103,#5176,#3123,.T.);
#7924=EDGE_CURVE('',#6103,#6104,#3124,.T.);
#7925=EDGE_CURVE('',#6104,#5177,#3125,.T.);
#7926=EDGE_CURVE('',#6105,#6103,#3126,.T.);
#7927=EDGE_CURVE('',#6105,#6106,#3127,.T.);
#7928=EDGE_CURVE('',#6106,#6104,#3128,.T.);
#7929=EDGE_CURVE('',#5171,#6106,#3129,.T.);
#7930=EDGE_CURVE('',#5170,#6105,#3130,.T.);
#7931=EDGE_CURVE('',#6107,#5180,#3131,.T.);
#7932=EDGE_CURVE('',#6107,#6108,#3132,.T.);
#7933=EDGE_CURVE('',#6108,#5181,#3133,.T.);
#7934=EDGE_CURVE('',#6109,#6107,#3134,.T.);
#7935=EDGE_CURVE('',#6109,#6110,#3135,.T.);
#7936=EDGE_CURVE('',#6110,#6108,#3136,.T.);
#7937=EDGE_CURVE('',#5175,#6110,#3137,.T.);
#7938=EDGE_CURVE('',#5174,#6109,#3138,.T.);
#7939=EDGE_CURVE('',#6111,#5184,#3139,.T.);
#7940=EDGE_CURVE('',#6111,#6112,#3140,.T.);
#7941=EDGE_CURVE('',#6112,#5185,#3141,.T.);
#7942=EDGE_CURVE('',#6113,#6111,#3142,.T.);
#7943=EDGE_CURVE('',#6113,#6114,#3143,.T.);
#7944=EDGE_CURVE('',#6114,#6112,#3144,.T.);
#7945=EDGE_CURVE('',#5179,#6114,#3145,.T.);
#7946=EDGE_CURVE('',#5178,#6113,#3146,.T.);
#7947=EDGE_CURVE('',#6115,#5188,#3147,.T.);
#7948=EDGE_CURVE('',#6115,#6116,#3148,.T.);
#7949=EDGE_CURVE('',#6116,#5189,#3149,.T.);
#7950=EDGE_CURVE('',#6117,#6115,#3150,.T.);
#7951=EDGE_CURVE('',#6117,#6118,#3151,.T.);
#7952=EDGE_CURVE('',#6118,#6116,#3152,.T.);
#7953=EDGE_CURVE('',#5183,#6118,#3153,.T.);
#7954=EDGE_CURVE('',#5182,#6117,#3154,.T.);
#7955=EDGE_CURVE('',#6119,#5192,#3155,.T.);
#7956=EDGE_CURVE('',#6119,#6120,#3156,.T.);
#7957=EDGE_CURVE('',#6120,#5193,#3157,.T.);
#7958=EDGE_CURVE('',#6121,#6119,#3158,.T.);
#7959=EDGE_CURVE('',#6121,#6122,#3159,.T.);
#7960=EDGE_CURVE('',#6122,#6120,#3160,.T.);
#7961=EDGE_CURVE('',#5187,#6122,#3161,.T.);
#7962=EDGE_CURVE('',#5186,#6121,#3162,.T.);
#7963=EDGE_CURVE('',#6123,#5196,#3163,.T.);
#7964=EDGE_CURVE('',#6123,#6124,#3164,.T.);
#7965=EDGE_CURVE('',#6124,#5197,#3165,.T.);
#7966=EDGE_CURVE('',#6125,#6123,#3166,.T.);
#7967=EDGE_CURVE('',#6125,#6126,#3167,.T.);
#7968=EDGE_CURVE('',#6126,#6124,#3168,.T.);
#7969=EDGE_CURVE('',#5191,#6126,#3169,.T.);
#7970=EDGE_CURVE('',#5190,#6125,#3170,.T.);
#7971=EDGE_CURVE('',#6127,#5200,#3171,.T.);
#7972=EDGE_CURVE('',#6127,#6128,#3172,.T.);
#7973=EDGE_CURVE('',#6128,#5201,#3173,.T.);
#7974=EDGE_CURVE('',#6129,#6127,#3174,.T.);
#7975=EDGE_CURVE('',#6129,#6130,#3175,.T.);
#7976=EDGE_CURVE('',#6130,#6128,#3176,.T.);
#7977=EDGE_CURVE('',#5195,#6130,#3177,.T.);
#7978=EDGE_CURVE('',#5194,#6129,#3178,.T.);
#7979=EDGE_CURVE('',#6131,#5204,#3179,.T.);
#7980=EDGE_CURVE('',#6131,#6132,#3180,.T.);
#7981=EDGE_CURVE('',#6132,#5205,#3181,.T.);
#7982=EDGE_CURVE('',#6133,#6131,#3182,.T.);
#7983=EDGE_CURVE('',#6133,#6134,#3183,.T.);
#7984=EDGE_CURVE('',#6134,#6132,#3184,.T.);
#7985=EDGE_CURVE('',#5199,#6134,#3185,.T.);
#7986=EDGE_CURVE('',#5198,#6133,#3186,.T.);
#7987=EDGE_CURVE('',#6135,#5208,#3187,.T.);
#7988=EDGE_CURVE('',#6135,#6136,#3188,.T.);
#7989=EDGE_CURVE('',#6136,#5209,#3189,.T.);
#7990=EDGE_CURVE('',#6137,#6135,#3190,.T.);
#7991=EDGE_CURVE('',#6137,#6138,#3191,.T.);
#7992=EDGE_CURVE('',#6138,#6136,#3192,.T.);
#7993=EDGE_CURVE('',#5203,#6138,#3193,.T.);
#7994=EDGE_CURVE('',#5202,#6137,#3194,.T.);
#7995=EDGE_CURVE('',#5524,#6139,#3195,.T.);
#7996=EDGE_CURVE('',#6139,#6140,#3196,.T.);
#7997=EDGE_CURVE('',#5523,#6140,#3197,.T.);
#7998=EDGE_CURVE('',#6141,#5206,#3198,.T.);
#7999=EDGE_CURVE('',#6139,#6141,#3199,.T.);
#8000=EDGE_CURVE('',#6142,#5207,#3200,.T.);
#8001=EDGE_CURVE('',#6141,#6142,#3201,.T.);
#8002=EDGE_CURVE('',#6140,#6142,#3202,.T.);
#8003=ORIENTED_EDGE('',*,*,#6143,.F.);
#8004=ORIENTED_EDGE('',*,*,#6144,.F.);
#8005=ORIENTED_EDGE('',*,*,#6145,.F.);
#8006=ORIENTED_EDGE('',*,*,#6146,.F.);
#8007=ORIENTED_EDGE('',*,*,#6145,.T.);
#8008=ORIENTED_EDGE('',*,*,#6147,.T.);
#8009=ORIENTED_EDGE('',*,*,#6148,.F.);
#8010=ORIENTED_EDGE('',*,*,#6149,.F.);
#8011=ORIENTED_EDGE('',*,*,#6144,.T.);
#8012=ORIENTED_EDGE('',*,*,#6150,.T.);
#8013=ORIENTED_EDGE('',*,*,#6151,.F.);
#8014=ORIENTED_EDGE('',*,*,#6147,.F.);
#8015=ORIENTED_EDGE('',*,*,#6152,.F.);
#8016=ORIENTED_EDGE('',*,*,#6153,.T.);
#8017=ORIENTED_EDGE('',*,*,#6154,.T.);
#8018=ORIENTED_EDGE('',*,*,#6155,.F.);
#8019=ORIENTED_EDGE('',*,*,#6156,.F.);
#8020=ORIENTED_EDGE('',*,*,#6157,.T.);
#8021=ORIENTED_EDGE('',*,*,#6158,.T.);
#8022=ORIENTED_EDGE('',*,*,#6159,.F.);
#8023=ORIENTED_EDGE('',*,*,#6160,.F.);
#8024=ORIENTED_EDGE('',*,*,#6161,.T.);
#8025=ORIENTED_EDGE('',*,*,#6162,.T.);
#8026=ORIENTED_EDGE('',*,*,#6163,.F.);
#8027=ORIENTED_EDGE('',*,*,#6164,.F.);
#8028=ORIENTED_EDGE('',*,*,#6165,.T.);
#8029=ORIENTED_EDGE('',*,*,#6166,.T.);
#8030=ORIENTED_EDGE('',*,*,#6167,.F.);
#8031=ORIENTED_EDGE('',*,*,#6168,.F.);
#8032=ORIENTED_EDGE('',*,*,#6169,.T.);
#8033=ORIENTED_EDGE('',*,*,#6170,.T.);
#8034=ORIENTED_EDGE('',*,*,#6171,.F.);
#8035=ORIENTED_EDGE('',*,*,#6172,.F.);
#8036=ORIENTED_EDGE('',*,*,#6173,.T.);
#8037=ORIENTED_EDGE('',*,*,#6174,.T.);
#8038=ORIENTED_EDGE('',*,*,#6175,.F.);
#8039=ORIENTED_EDGE('',*,*,#6176,.F.);
#8040=ORIENTED_EDGE('',*,*,#6177,.T.);
#8041=ORIENTED_EDGE('',*,*,#6178,.T.);
#8042=ORIENTED_EDGE('',*,*,#6179,.F.);
#8043=ORIENTED_EDGE('',*,*,#6180,.F.);
#8044=ORIENTED_EDGE('',*,*,#6181,.T.);
#8045=ORIENTED_EDGE('',*,*,#6182,.T.);
#8046=ORIENTED_EDGE('',*,*,#6183,.F.);
#8047=ORIENTED_EDGE('',*,*,#6184,.F.);
#8048=ORIENTED_EDGE('',*,*,#6185,.T.);
#8049=ORIENTED_EDGE('',*,*,#6186,.T.);
#8050=ORIENTED_EDGE('',*,*,#6187,.F.);
#8051=ORIENTED_EDGE('',*,*,#6188,.F.);
#8052=ORIENTED_EDGE('',*,*,#6189,.T.);
#8053=ORIENTED_EDGE('',*,*,#6190,.T.);
#8054=ORIENTED_EDGE('',*,*,#6191,.F.);
#8055=ORIENTED_EDGE('',*,*,#6192,.F.);
#8056=ORIENTED_EDGE('',*,*,#6193,.T.);
#8057=ORIENTED_EDGE('',*,*,#6194,.T.);
#8058=ORIENTED_EDGE('',*,*,#6195,.F.);
#8059=ORIENTED_EDGE('',*,*,#6196,.F.);
#8060=ORIENTED_EDGE('',*,*,#6197,.T.);
#8061=ORIENTED_EDGE('',*,*,#6198,.T.);
#8062=ORIENTED_EDGE('',*,*,#6199,.F.);
#8063=ORIENTED_EDGE('',*,*,#6200,.F.);
#8064=ORIENTED_EDGE('',*,*,#6201,.T.);
#8065=ORIENTED_EDGE('',*,*,#6202,.T.);
#8066=ORIENTED_EDGE('',*,*,#6203,.F.);
#8067=ORIENTED_EDGE('',*,*,#6204,.F.);
#8068=ORIENTED_EDGE('',*,*,#6205,.T.);
#8069=ORIENTED_EDGE('',*,*,#6206,.T.);
#8070=ORIENTED_EDGE('',*,*,#6207,.F.);
#8071=ORIENTED_EDGE('',*,*,#6208,.F.);
#8072=ORIENTED_EDGE('',*,*,#6209,.T.);
#8073=ORIENTED_EDGE('',*,*,#6210,.T.);
#8074=ORIENTED_EDGE('',*,*,#6211,.F.);
#8075=ORIENTED_EDGE('',*,*,#6212,.F.);
#8076=ORIENTED_EDGE('',*,*,#6213,.T.);
#8077=ORIENTED_EDGE('',*,*,#6214,.T.);
#8078=ORIENTED_EDGE('',*,*,#6215,.F.);
#8079=ORIENTED_EDGE('',*,*,#6216,.F.);
#8080=ORIENTED_EDGE('',*,*,#6217,.T.);
#8081=ORIENTED_EDGE('',*,*,#6218,.T.);
#8082=ORIENTED_EDGE('',*,*,#6219,.F.);
#8083=ORIENTED_EDGE('',*,*,#6220,.F.);
#8084=ORIENTED_EDGE('',*,*,#6221,.T.);
#8085=ORIENTED_EDGE('',*,*,#6222,.T.);
#8086=ORIENTED_EDGE('',*,*,#6223,.F.);
#8087=ORIENTED_EDGE('',*,*,#6224,.F.);
#8088=ORIENTED_EDGE('',*,*,#6225,.T.);
#8089=ORIENTED_EDGE('',*,*,#6226,.T.);
#8090=ORIENTED_EDGE('',*,*,#6227,.F.);
#8091=ORIENTED_EDGE('',*,*,#6228,.F.);
#8092=ORIENTED_EDGE('',*,*,#6229,.T.);
#8093=ORIENTED_EDGE('',*,*,#6230,.T.);
#8094=ORIENTED_EDGE('',*,*,#6231,.F.);
#8095=ORIENTED_EDGE('',*,*,#6232,.F.);
#8096=ORIENTED_EDGE('',*,*,#6233,.T.);
#8097=ORIENTED_EDGE('',*,*,#6234,.T.);
#8098=ORIENTED_EDGE('',*,*,#6235,.F.);
#8099=ORIENTED_EDGE('',*,*,#6236,.F.);
#8100=ORIENTED_EDGE('',*,*,#6237,.T.);
#8101=ORIENTED_EDGE('',*,*,#6238,.T.);
#8102=ORIENTED_EDGE('',*,*,#6239,.F.);
#8103=ORIENTED_EDGE('',*,*,#6240,.F.);
#8104=ORIENTED_EDGE('',*,*,#6241,.T.);
#8105=ORIENTED_EDGE('',*,*,#6242,.T.);
#8106=ORIENTED_EDGE('',*,*,#6243,.F.);
#8107=ORIENTED_EDGE('',*,*,#6244,.F.);
#8108=ORIENTED_EDGE('',*,*,#6245,.T.);
#8109=ORIENTED_EDGE('',*,*,#6246,.T.);
#8110=ORIENTED_EDGE('',*,*,#6247,.F.);
#8111=ORIENTED_EDGE('',*,*,#6248,.F.);
#8112=ORIENTED_EDGE('',*,*,#6249,.T.);
#8113=ORIENTED_EDGE('',*,*,#6250,.T.);
#8114=ORIENTED_EDGE('',*,*,#6251,.F.);
#8115=ORIENTED_EDGE('',*,*,#6252,.F.);
#8116=ORIENTED_EDGE('',*,*,#6253,.T.);
#8117=ORIENTED_EDGE('',*,*,#6254,.T.);
#8118=ORIENTED_EDGE('',*,*,#6255,.F.);
#8119=ORIENTED_EDGE('',*,*,#6256,.F.);
#8120=ORIENTED_EDGE('',*,*,#6257,.T.);
#8121=ORIENTED_EDGE('',*,*,#6258,.T.);
#8122=ORIENTED_EDGE('',*,*,#6259,.F.);
#8123=ORIENTED_EDGE('',*,*,#6260,.F.);
#8124=ORIENTED_EDGE('',*,*,#6261,.T.);
#8125=ORIENTED_EDGE('',*,*,#6262,.T.);
#8126=ORIENTED_EDGE('',*,*,#6263,.F.);
#8127=ORIENTED_EDGE('',*,*,#6264,.F.);
#8128=ORIENTED_EDGE('',*,*,#6265,.T.);
#8129=ORIENTED_EDGE('',*,*,#6266,.T.);
#8130=ORIENTED_EDGE('',*,*,#6267,.F.);
#8131=ORIENTED_EDGE('',*,*,#6268,.F.);
#8132=ORIENTED_EDGE('',*,*,#6269,.T.);
#8133=ORIENTED_EDGE('',*,*,#6270,.T.);
#8134=ORIENTED_EDGE('',*,*,#6271,.F.);
#8135=ORIENTED_EDGE('',*,*,#6272,.F.);
#8136=ORIENTED_EDGE('',*,*,#6273,.T.);
#8137=ORIENTED_EDGE('',*,*,#6274,.T.);
#8138=ORIENTED_EDGE('',*,*,#6275,.F.);
#8139=ORIENTED_EDGE('',*,*,#6276,.F.);
#8140=ORIENTED_EDGE('',*,*,#6277,.T.);
#8141=ORIENTED_EDGE('',*,*,#6278,.T.);
#8142=ORIENTED_EDGE('',*,*,#6279,.F.);
#8143=ORIENTED_EDGE('',*,*,#6280,.F.);
#8144=ORIENTED_EDGE('',*,*,#6281,.T.);
#8145=ORIENTED_EDGE('',*,*,#6282,.T.);
#8146=ORIENTED_EDGE('',*,*,#6283,.F.);
#8147=ORIENTED_EDGE('',*,*,#6284,.F.);
#8148=ORIENTED_EDGE('',*,*,#6285,.T.);
#8149=ORIENTED_EDGE('',*,*,#6286,.T.);
#8150=ORIENTED_EDGE('',*,*,#6287,.F.);
#8151=ORIENTED_EDGE('',*,*,#6288,.F.);
#8152=ORIENTED_EDGE('',*,*,#6289,.T.);
#8153=ORIENTED_EDGE('',*,*,#6290,.T.);
#8154=ORIENTED_EDGE('',*,*,#6291,.F.);
#8155=ORIENTED_EDGE('',*,*,#6292,.F.);
#8156=ORIENTED_EDGE('',*,*,#6293,.T.);
#8157=ORIENTED_EDGE('',*,*,#6294,.T.);
#8158=ORIENTED_EDGE('',*,*,#6295,.F.);
#8159=ORIENTED_EDGE('',*,*,#6296,.F.);
#8160=ORIENTED_EDGE('',*,*,#6297,.T.);
#8161=ORIENTED_EDGE('',*,*,#6298,.T.);
#8162=ORIENTED_EDGE('',*,*,#6299,.F.);
#8163=ORIENTED_EDGE('',*,*,#6300,.F.);
#8164=ORIENTED_EDGE('',*,*,#6301,.T.);
#8165=ORIENTED_EDGE('',*,*,#6302,.T.);
#8166=ORIENTED_EDGE('',*,*,#6303,.F.);
#8167=ORIENTED_EDGE('',*,*,#6304,.F.);
#8168=ORIENTED_EDGE('',*,*,#6305,.T.);
#8169=ORIENTED_EDGE('',*,*,#6306,.F.);
#8170=ORIENTED_EDGE('',*,*,#6307,.F.);
#8171=ORIENTED_EDGE('',*,*,#6308,.F.);
#8172=ORIENTED_EDGE('',*,*,#6309,.T.);
#8173=ORIENTED_EDGE('',*,*,#6310,.F.);
#8174=ORIENTED_EDGE('',*,*,#6311,.F.);
#8175=ORIENTED_EDGE('',*,*,#6312,.F.);
#8176=ORIENTED_EDGE('',*,*,#6313,.T.);
#8177=ORIENTED_EDGE('',*,*,#6314,.F.);
#8178=ORIENTED_EDGE('',*,*,#6315,.F.);
#8179=ORIENTED_EDGE('',*,*,#6316,.F.);
#8180=ORIENTED_EDGE('',*,*,#6317,.T.);
#8181=ORIENTED_EDGE('',*,*,#6318,.F.);
#8182=ORIENTED_EDGE('',*,*,#6319,.F.);
#8183=ORIENTED_EDGE('',*,*,#6320,.F.);
#8184=ORIENTED_EDGE('',*,*,#6321,.T.);
#8185=ORIENTED_EDGE('',*,*,#6322,.F.);
#8186=ORIENTED_EDGE('',*,*,#6323,.F.);
#8187=ORIENTED_EDGE('',*,*,#6324,.F.);
#8188=ORIENTED_EDGE('',*,*,#6325,.T.);
#8189=ORIENTED_EDGE('',*,*,#6326,.F.);
#8190=ORIENTED_EDGE('',*,*,#6327,.F.);
#8191=ORIENTED_EDGE('',*,*,#6328,.F.);
#8192=ORIENTED_EDGE('',*,*,#6329,.T.);
#8193=ORIENTED_EDGE('',*,*,#6330,.F.);
#8194=ORIENTED_EDGE('',*,*,#6331,.F.);
#8195=ORIENTED_EDGE('',*,*,#6332,.F.);
#8196=ORIENTED_EDGE('',*,*,#6333,.T.);
#8197=ORIENTED_EDGE('',*,*,#6334,.F.);
#8198=ORIENTED_EDGE('',*,*,#6335,.F.);
#8199=ORIENTED_EDGE('',*,*,#6336,.F.);
#8200=ORIENTED_EDGE('',*,*,#6337,.T.);
#8201=ORIENTED_EDGE('',*,*,#6338,.F.);
#8202=ORIENTED_EDGE('',*,*,#6339,.F.);
#8203=ORIENTED_EDGE('',*,*,#6340,.F.);
#8204=ORIENTED_EDGE('',*,*,#6341,.T.);
#8205=ORIENTED_EDGE('',*,*,#6342,.F.);
#8206=ORIENTED_EDGE('',*,*,#6343,.F.);
#8207=ORIENTED_EDGE('',*,*,#6344,.F.);
#8208=ORIENTED_EDGE('',*,*,#6345,.T.);
#8209=ORIENTED_EDGE('',*,*,#6346,.F.);
#8210=ORIENTED_EDGE('',*,*,#6347,.F.);
#8211=ORIENTED_EDGE('',*,*,#6348,.F.);
#8212=ORIENTED_EDGE('',*,*,#6349,.T.);
#8213=ORIENTED_EDGE('',*,*,#6350,.F.);
#8214=ORIENTED_EDGE('',*,*,#6351,.F.);
#8215=ORIENTED_EDGE('',*,*,#6352,.F.);
#8216=ORIENTED_EDGE('',*,*,#6353,.T.);
#8217=ORIENTED_EDGE('',*,*,#6354,.F.);
#8218=ORIENTED_EDGE('',*,*,#6355,.F.);
#8219=ORIENTED_EDGE('',*,*,#6356,.F.);
#8220=ORIENTED_EDGE('',*,*,#6357,.T.);
#8221=ORIENTED_EDGE('',*,*,#6358,.F.);
#8222=ORIENTED_EDGE('',*,*,#6359,.F.);
#8223=ORIENTED_EDGE('',*,*,#6360,.F.);
#8224=ORIENTED_EDGE('',*,*,#6361,.T.);
#8225=ORIENTED_EDGE('',*,*,#6362,.F.);
#8226=ORIENTED_EDGE('',*,*,#6363,.F.);
#8227=ORIENTED_EDGE('',*,*,#6364,.F.);
#8228=ORIENTED_EDGE('',*,*,#6365,.T.);
#8229=ORIENTED_EDGE('',*,*,#6366,.F.);
#8230=ORIENTED_EDGE('',*,*,#6367,.F.);
#8231=ORIENTED_EDGE('',*,*,#6368,.F.);
#8232=ORIENTED_EDGE('',*,*,#6369,.T.);
#8233=ORIENTED_EDGE('',*,*,#6370,.F.);
#8234=ORIENTED_EDGE('',*,*,#6371,.F.);
#8235=ORIENTED_EDGE('',*,*,#6372,.F.);
#8236=ORIENTED_EDGE('',*,*,#6373,.T.);
#8237=ORIENTED_EDGE('',*,*,#6374,.F.);
#8238=ORIENTED_EDGE('',*,*,#6375,.F.);
#8239=ORIENTED_EDGE('',*,*,#6376,.F.);
#8240=ORIENTED_EDGE('',*,*,#6377,.T.);
#8241=ORIENTED_EDGE('',*,*,#6378,.F.);
#8242=ORIENTED_EDGE('',*,*,#6379,.F.);
#8243=ORIENTED_EDGE('',*,*,#6380,.F.);
#8244=ORIENTED_EDGE('',*,*,#6381,.T.);
#8245=ORIENTED_EDGE('',*,*,#6382,.F.);
#8246=ORIENTED_EDGE('',*,*,#6383,.F.);
#8247=ORIENTED_EDGE('',*,*,#6384,.F.);
#8248=ORIENTED_EDGE('',*,*,#6385,.T.);
#8249=ORIENTED_EDGE('',*,*,#6386,.F.);
#8250=ORIENTED_EDGE('',*,*,#6387,.F.);
#8251=ORIENTED_EDGE('',*,*,#6388,.F.);
#8252=ORIENTED_EDGE('',*,*,#6389,.T.);
#8253=ORIENTED_EDGE('',*,*,#6390,.F.);
#8254=ORIENTED_EDGE('',*,*,#6391,.F.);
#8255=ORIENTED_EDGE('',*,*,#6392,.F.);
#8256=ORIENTED_EDGE('',*,*,#6393,.T.);
#8257=ORIENTED_EDGE('',*,*,#6394,.F.);
#8258=ORIENTED_EDGE('',*,*,#6395,.F.);
#8259=ORIENTED_EDGE('',*,*,#6396,.F.);
#8260=ORIENTED_EDGE('',*,*,#6397,.T.);
#8261=ORIENTED_EDGE('',*,*,#6398,.F.);
#8262=ORIENTED_EDGE('',*,*,#6399,.F.);
#8263=ORIENTED_EDGE('',*,*,#6400,.F.);
#8264=ORIENTED_EDGE('',*,*,#6401,.T.);
#8265=ORIENTED_EDGE('',*,*,#6402,.F.);
#8266=ORIENTED_EDGE('',*,*,#6403,.F.);
#8267=ORIENTED_EDGE('',*,*,#6404,.F.);
#8268=ORIENTED_EDGE('',*,*,#6405,.T.);
#8269=ORIENTED_EDGE('',*,*,#6406,.F.);
#8270=ORIENTED_EDGE('',*,*,#6407,.F.);
#8271=ORIENTED_EDGE('',*,*,#6408,.F.);
#8272=ORIENTED_EDGE('',*,*,#6409,.T.);
#8273=ORIENTED_EDGE('',*,*,#6410,.F.);
#8274=ORIENTED_EDGE('',*,*,#6411,.F.);
#8275=ORIENTED_EDGE('',*,*,#6412,.F.);
#8276=ORIENTED_EDGE('',*,*,#6413,.T.);
#8277=ORIENTED_EDGE('',*,*,#6414,.F.);
#8278=ORIENTED_EDGE('',*,*,#6415,.F.);
#8279=ORIENTED_EDGE('',*,*,#6416,.F.);
#8280=ORIENTED_EDGE('',*,*,#6417,.T.);
#8281=ORIENTED_EDGE('',*,*,#6418,.F.);
#8282=ORIENTED_EDGE('',*,*,#6419,.F.);
#8283=ORIENTED_EDGE('',*,*,#6420,.F.);
#8284=ORIENTED_EDGE('',*,*,#6421,.T.);
#8285=ORIENTED_EDGE('',*,*,#6422,.F.);
#8286=ORIENTED_EDGE('',*,*,#6423,.F.);
#8287=ORIENTED_EDGE('',*,*,#6424,.F.);
#8288=ORIENTED_EDGE('',*,*,#6425,.T.);
#8289=ORIENTED_EDGE('',*,*,#6426,.F.);
#8290=ORIENTED_EDGE('',*,*,#6427,.F.);
#8291=ORIENTED_EDGE('',*,*,#6428,.F.);
#8292=ORIENTED_EDGE('',*,*,#6429,.T.);
#8293=ORIENTED_EDGE('',*,*,#6430,.F.);
#8294=ORIENTED_EDGE('',*,*,#6431,.F.);
#8295=ORIENTED_EDGE('',*,*,#6432,.F.);
#8296=ORIENTED_EDGE('',*,*,#6433,.T.);
#8297=ORIENTED_EDGE('',*,*,#6434,.F.);
#8298=ORIENTED_EDGE('',*,*,#6435,.F.);
#8299=ORIENTED_EDGE('',*,*,#6436,.F.);
#8300=ORIENTED_EDGE('',*,*,#6437,.T.);
#8301=ORIENTED_EDGE('',*,*,#6438,.F.);
#8302=ORIENTED_EDGE('',*,*,#6439,.F.);
#8303=ORIENTED_EDGE('',*,*,#6440,.F.);
#8304=ORIENTED_EDGE('',*,*,#6441,.T.);
#8305=ORIENTED_EDGE('',*,*,#6442,.F.);
#8306=ORIENTED_EDGE('',*,*,#6443,.F.);
#8307=ORIENTED_EDGE('',*,*,#6444,.F.);
#8308=ORIENTED_EDGE('',*,*,#6445,.T.);
#8309=ORIENTED_EDGE('',*,*,#6446,.F.);
#8310=ORIENTED_EDGE('',*,*,#6447,.F.);
#8311=ORIENTED_EDGE('',*,*,#6448,.F.);
#8312=ORIENTED_EDGE('',*,*,#6449,.T.);
#8313=ORIENTED_EDGE('',*,*,#6450,.F.);
#8314=ORIENTED_EDGE('',*,*,#6451,.F.);
#8315=ORIENTED_EDGE('',*,*,#6452,.F.);
#8316=ORIENTED_EDGE('',*,*,#6453,.F.);
#8317=ORIENTED_EDGE('',*,*,#6454,.F.);
#8318=ORIENTED_EDGE('',*,*,#6455,.T.);
#8319=ORIENTED_EDGE('',*,*,#6456,.F.);
#8320=ORIENTED_EDGE('',*,*,#6457,.F.);
#8321=ORIENTED_EDGE('',*,*,#6458,.F.);
#8322=ORIENTED_EDGE('',*,*,#6459,.T.);
#8323=ORIENTED_EDGE('',*,*,#6460,.F.);
#8324=ORIENTED_EDGE('',*,*,#6461,.F.);
#8325=ORIENTED_EDGE('',*,*,#6462,.F.);
#8326=ORIENTED_EDGE('',*,*,#6463,.T.);
#8327=ORIENTED_EDGE('',*,*,#6464,.F.);
#8328=ORIENTED_EDGE('',*,*,#6465,.F.);
#8329=ORIENTED_EDGE('',*,*,#6466,.F.);
#8330=ORIENTED_EDGE('',*,*,#6467,.T.);
#8331=ORIENTED_EDGE('',*,*,#6468,.F.);
#8332=ORIENTED_EDGE('',*,*,#6469,.F.);
#8333=ORIENTED_EDGE('',*,*,#6470,.F.);
#8334=ORIENTED_EDGE('',*,*,#6471,.T.);
#8335=ORIENTED_EDGE('',*,*,#6472,.F.);
#8336=ORIENTED_EDGE('',*,*,#6473,.F.);
#8337=ORIENTED_EDGE('',*,*,#6474,.F.);
#8338=ORIENTED_EDGE('',*,*,#6475,.T.);
#8339=ORIENTED_EDGE('',*,*,#6476,.F.);
#8340=ORIENTED_EDGE('',*,*,#6477,.F.);
#8341=ORIENTED_EDGE('',*,*,#6478,.F.);
#8342=ORIENTED_EDGE('',*,*,#6479,.T.);
#8343=ORIENTED_EDGE('',*,*,#6480,.F.);
#8344=ORIENTED_EDGE('',*,*,#6481,.F.);
#8345=ORIENTED_EDGE('',*,*,#6482,.F.);
#8346=ORIENTED_EDGE('',*,*,#6483,.T.);
#8347=ORIENTED_EDGE('',*,*,#6484,.F.);
#8348=ORIENTED_EDGE('',*,*,#6485,.F.);
#8349=ORIENTED_EDGE('',*,*,#6486,.F.);
#8350=ORIENTED_EDGE('',*,*,#6487,.T.);
#8351=ORIENTED_EDGE('',*,*,#6488,.F.);
#8352=ORIENTED_EDGE('',*,*,#6489,.F.);
#8353=ORIENTED_EDGE('',*,*,#6490,.F.);
#8354=ORIENTED_EDGE('',*,*,#6491,.T.);
#8355=ORIENTED_EDGE('',*,*,#6492,.F.);
#8356=ORIENTED_EDGE('',*,*,#6493,.F.);
#8357=ORIENTED_EDGE('',*,*,#6494,.F.);
#8358=ORIENTED_EDGE('',*,*,#6495,.T.);
#8359=ORIENTED_EDGE('',*,*,#6496,.F.);
#8360=ORIENTED_EDGE('',*,*,#6497,.F.);
#8361=ORIENTED_EDGE('',*,*,#6498,.F.);
#8362=ORIENTED_EDGE('',*,*,#6499,.T.);
#8363=ORIENTED_EDGE('',*,*,#6500,.F.);
#8364=ORIENTED_EDGE('',*,*,#6501,.F.);
#8365=ORIENTED_EDGE('',*,*,#6502,.F.);
#8366=ORIENTED_EDGE('',*,*,#6503,.T.);
#8367=ORIENTED_EDGE('',*,*,#6504,.F.);
#8368=ORIENTED_EDGE('',*,*,#6505,.F.);
#8369=ORIENTED_EDGE('',*,*,#6506,.F.);
#8370=ORIENTED_EDGE('',*,*,#6507,.T.);
#8371=ORIENTED_EDGE('',*,*,#6508,.F.);
#8372=ORIENTED_EDGE('',*,*,#6509,.F.);
#8373=ORIENTED_EDGE('',*,*,#6510,.F.);
#8374=ORIENTED_EDGE('',*,*,#6511,.T.);
#8375=ORIENTED_EDGE('',*,*,#6512,.F.);
#8376=ORIENTED_EDGE('',*,*,#6513,.F.);
#8377=ORIENTED_EDGE('',*,*,#6514,.F.);
#8378=ORIENTED_EDGE('',*,*,#6515,.T.);
#8379=ORIENTED_EDGE('',*,*,#6516,.F.);
#8380=ORIENTED_EDGE('',*,*,#6517,.F.);
#8381=ORIENTED_EDGE('',*,*,#6518,.F.);
#8382=ORIENTED_EDGE('',*,*,#6519,.T.);
#8383=ORIENTED_EDGE('',*,*,#6520,.F.);
#8384=ORIENTED_EDGE('',*,*,#6521,.F.);
#8385=ORIENTED_EDGE('',*,*,#6522,.F.);
#8386=ORIENTED_EDGE('',*,*,#6523,.T.);
#8387=ORIENTED_EDGE('',*,*,#6524,.F.);
#8388=ORIENTED_EDGE('',*,*,#6525,.F.);
#8389=ORIENTED_EDGE('',*,*,#6526,.F.);
#8390=ORIENTED_EDGE('',*,*,#6527,.T.);
#8391=ORIENTED_EDGE('',*,*,#6528,.F.);
#8392=ORIENTED_EDGE('',*,*,#6529,.F.);
#8393=ORIENTED_EDGE('',*,*,#6530,.F.);
#8394=ORIENTED_EDGE('',*,*,#6531,.T.);
#8395=ORIENTED_EDGE('',*,*,#6532,.F.);
#8396=ORIENTED_EDGE('',*,*,#6533,.F.);
#8397=ORIENTED_EDGE('',*,*,#6534,.F.);
#8398=ORIENTED_EDGE('',*,*,#6535,.T.);
#8399=ORIENTED_EDGE('',*,*,#6536,.F.);
#8400=ORIENTED_EDGE('',*,*,#6537,.F.);
#8401=ORIENTED_EDGE('',*,*,#6538,.F.);
#8402=ORIENTED_EDGE('',*,*,#6539,.T.);
#8403=ORIENTED_EDGE('',*,*,#6540,.F.);
#8404=ORIENTED_EDGE('',*,*,#6541,.F.);
#8405=ORIENTED_EDGE('',*,*,#6542,.F.);
#8406=ORIENTED_EDGE('',*,*,#6543,.T.);
#8407=ORIENTED_EDGE('',*,*,#6544,.F.);
#8408=ORIENTED_EDGE('',*,*,#6545,.F.);
#8409=ORIENTED_EDGE('',*,*,#6546,.F.);
#8410=ORIENTED_EDGE('',*,*,#6547,.T.);
#8411=ORIENTED_EDGE('',*,*,#6548,.F.);
#8412=ORIENTED_EDGE('',*,*,#6549,.F.);
#8413=ORIENTED_EDGE('',*,*,#6550,.F.);
#8414=ORIENTED_EDGE('',*,*,#6551,.T.);
#8415=ORIENTED_EDGE('',*,*,#6552,.F.);
#8416=ORIENTED_EDGE('',*,*,#6553,.F.);
#8417=ORIENTED_EDGE('',*,*,#6554,.F.);
#8418=ORIENTED_EDGE('',*,*,#6555,.T.);
#8419=ORIENTED_EDGE('',*,*,#6556,.F.);
#8420=ORIENTED_EDGE('',*,*,#6557,.F.);
#8421=ORIENTED_EDGE('',*,*,#6558,.F.);
#8422=ORIENTED_EDGE('',*,*,#6559,.T.);
#8423=ORIENTED_EDGE('',*,*,#6560,.F.);
#8424=ORIENTED_EDGE('',*,*,#6561,.F.);
#8425=ORIENTED_EDGE('',*,*,#6562,.F.);
#8426=ORIENTED_EDGE('',*,*,#6563,.T.);
#8427=ORIENTED_EDGE('',*,*,#6564,.F.);
#8428=ORIENTED_EDGE('',*,*,#6565,.F.);
#8429=ORIENTED_EDGE('',*,*,#6566,.F.);
#8430=ORIENTED_EDGE('',*,*,#6567,.T.);
#8431=ORIENTED_EDGE('',*,*,#6568,.F.);
#8432=ORIENTED_EDGE('',*,*,#6569,.F.);
#8433=ORIENTED_EDGE('',*,*,#6570,.F.);
#8434=ORIENTED_EDGE('',*,*,#6571,.T.);
#8435=ORIENTED_EDGE('',*,*,#6572,.F.);
#8436=ORIENTED_EDGE('',*,*,#6573,.F.);
#8437=ORIENTED_EDGE('',*,*,#6574,.F.);
#8438=ORIENTED_EDGE('',*,*,#6575,.T.);
#8439=ORIENTED_EDGE('',*,*,#6576,.F.);
#8440=ORIENTED_EDGE('',*,*,#6577,.F.);
#8441=ORIENTED_EDGE('',*,*,#6578,.F.);
#8442=ORIENTED_EDGE('',*,*,#6579,.T.);
#8443=ORIENTED_EDGE('',*,*,#6580,.F.);
#8444=ORIENTED_EDGE('',*,*,#6581,.F.);
#8445=ORIENTED_EDGE('',*,*,#6582,.F.);
#8446=ORIENTED_EDGE('',*,*,#6583,.T.);
#8447=ORIENTED_EDGE('',*,*,#6584,.F.);
#8448=ORIENTED_EDGE('',*,*,#6585,.F.);
#8449=ORIENTED_EDGE('',*,*,#6586,.F.);
#8450=ORIENTED_EDGE('',*,*,#6587,.T.);
#8451=ORIENTED_EDGE('',*,*,#6588,.F.);
#8452=ORIENTED_EDGE('',*,*,#6589,.F.);
#8453=ORIENTED_EDGE('',*,*,#6590,.F.);
#8454=ORIENTED_EDGE('',*,*,#6591,.T.);
#8455=ORIENTED_EDGE('',*,*,#6592,.F.);
#8456=ORIENTED_EDGE('',*,*,#6593,.F.);
#8457=ORIENTED_EDGE('',*,*,#6594,.F.);
#8458=ORIENTED_EDGE('',*,*,#6595,.T.);
#8459=ORIENTED_EDGE('',*,*,#6596,.F.);
#8460=ORIENTED_EDGE('',*,*,#6597,.F.);
#8461=ORIENTED_EDGE('',*,*,#6598,.F.);
#8462=ORIENTED_EDGE('',*,*,#6599,.T.);
#8463=ORIENTED_EDGE('',*,*,#6600,.F.);
#8464=ORIENTED_EDGE('',*,*,#6601,.F.);
#8465=ORIENTED_EDGE('',*,*,#6602,.F.);
#8466=ORIENTED_EDGE('',*,*,#6603,.T.);
#8467=ORIENTED_EDGE('',*,*,#6604,.F.);
#8468=ORIENTED_EDGE('',*,*,#6605,.T.);
#8469=ORIENTED_EDGE('',*,*,#6606,.T.);
#8470=ORIENTED_EDGE('',*,*,#6607,.F.);
#8471=ORIENTED_EDGE('',*,*,#6608,.F.);
#8472=ORIENTED_EDGE('',*,*,#6609,.T.);
#8473=ORIENTED_EDGE('',*,*,#6610,.T.);
#8474=ORIENTED_EDGE('',*,*,#6611,.F.);
#8475=ORIENTED_EDGE('',*,*,#6612,.F.);
#8476=ORIENTED_EDGE('',*,*,#6613,.T.);
#8477=ORIENTED_EDGE('',*,*,#6614,.T.);
#8478=ORIENTED_EDGE('',*,*,#6615,.F.);
#8479=ORIENTED_EDGE('',*,*,#6616,.F.);
#8480=ORIENTED_EDGE('',*,*,#6617,.T.);
#8481=ORIENTED_EDGE('',*,*,#6618,.T.);
#8482=ORIENTED_EDGE('',*,*,#6619,.F.);
#8483=ORIENTED_EDGE('',*,*,#6620,.F.);
#8484=ORIENTED_EDGE('',*,*,#6621,.T.);
#8485=ORIENTED_EDGE('',*,*,#6622,.T.);
#8486=ORIENTED_EDGE('',*,*,#6623,.F.);
#8487=ORIENTED_EDGE('',*,*,#6624,.F.);
#8488=ORIENTED_EDGE('',*,*,#6625,.T.);
#8489=ORIENTED_EDGE('',*,*,#6626,.T.);
#8490=ORIENTED_EDGE('',*,*,#6627,.F.);
#8491=ORIENTED_EDGE('',*,*,#6628,.F.);
#8492=ORIENTED_EDGE('',*,*,#6629,.T.);
#8493=ORIENTED_EDGE('',*,*,#6630,.T.);
#8494=ORIENTED_EDGE('',*,*,#6631,.F.);
#8495=ORIENTED_EDGE('',*,*,#6632,.F.);
#8496=ORIENTED_EDGE('',*,*,#6633,.T.);
#8497=ORIENTED_EDGE('',*,*,#6634,.T.);
#8498=ORIENTED_EDGE('',*,*,#6635,.F.);
#8499=ORIENTED_EDGE('',*,*,#6636,.F.);
#8500=ORIENTED_EDGE('',*,*,#6637,.T.);
#8501=ORIENTED_EDGE('',*,*,#6638,.T.);
#8502=ORIENTED_EDGE('',*,*,#6639,.F.);
#8503=ORIENTED_EDGE('',*,*,#6640,.F.);
#8504=ORIENTED_EDGE('',*,*,#6641,.T.);
#8505=ORIENTED_EDGE('',*,*,#6642,.T.);
#8506=ORIENTED_EDGE('',*,*,#6643,.F.);
#8507=ORIENTED_EDGE('',*,*,#6644,.F.);
#8508=ORIENTED_EDGE('',*,*,#6645,.T.);
#8509=ORIENTED_EDGE('',*,*,#6646,.T.);
#8510=ORIENTED_EDGE('',*,*,#6647,.F.);
#8511=ORIENTED_EDGE('',*,*,#6648,.F.);
#8512=ORIENTED_EDGE('',*,*,#6649,.T.);
#8513=ORIENTED_EDGE('',*,*,#6650,.T.);
#8514=ORIENTED_EDGE('',*,*,#6651,.F.);
#8515=ORIENTED_EDGE('',*,*,#6652,.F.);
#8516=ORIENTED_EDGE('',*,*,#6653,.T.);
#8517=ORIENTED_EDGE('',*,*,#6654,.T.);
#8518=ORIENTED_EDGE('',*,*,#6655,.F.);
#8519=ORIENTED_EDGE('',*,*,#6656,.F.);
#8520=ORIENTED_EDGE('',*,*,#6657,.T.);
#8521=ORIENTED_EDGE('',*,*,#6658,.T.);
#8522=ORIENTED_EDGE('',*,*,#6659,.F.);
#8523=ORIENTED_EDGE('',*,*,#6660,.F.);
#8524=ORIENTED_EDGE('',*,*,#6661,.T.);
#8525=ORIENTED_EDGE('',*,*,#6662,.T.);
#8526=ORIENTED_EDGE('',*,*,#6663,.F.);
#8527=ORIENTED_EDGE('',*,*,#6664,.F.);
#8528=ORIENTED_EDGE('',*,*,#6665,.T.);
#8529=ORIENTED_EDGE('',*,*,#6666,.T.);
#8530=ORIENTED_EDGE('',*,*,#6667,.F.);
#8531=ORIENTED_EDGE('',*,*,#6668,.F.);
#8532=ORIENTED_EDGE('',*,*,#6669,.T.);
#8533=ORIENTED_EDGE('',*,*,#6670,.T.);
#8534=ORIENTED_EDGE('',*,*,#6671,.F.);
#8535=ORIENTED_EDGE('',*,*,#6672,.F.);
#8536=ORIENTED_EDGE('',*,*,#6673,.T.);
#8537=ORIENTED_EDGE('',*,*,#6674,.T.);
#8538=ORIENTED_EDGE('',*,*,#6675,.F.);
#8539=ORIENTED_EDGE('',*,*,#6676,.F.);
#8540=ORIENTED_EDGE('',*,*,#6677,.T.);
#8541=ORIENTED_EDGE('',*,*,#6678,.T.);
#8542=ORIENTED_EDGE('',*,*,#6679,.F.);
#8543=ORIENTED_EDGE('',*,*,#6680,.F.);
#8544=ORIENTED_EDGE('',*,*,#6681,.T.);
#8545=ORIENTED_EDGE('',*,*,#6682,.T.);
#8546=ORIENTED_EDGE('',*,*,#6683,.F.);
#8547=ORIENTED_EDGE('',*,*,#6684,.F.);
#8548=ORIENTED_EDGE('',*,*,#6685,.T.);
#8549=ORIENTED_EDGE('',*,*,#6686,.T.);
#8550=ORIENTED_EDGE('',*,*,#6687,.F.);
#8551=ORIENTED_EDGE('',*,*,#6688,.F.);
#8552=ORIENTED_EDGE('',*,*,#6689,.T.);
#8553=ORIENTED_EDGE('',*,*,#6690,.T.);
#8554=ORIENTED_EDGE('',*,*,#6691,.F.);
#8555=ORIENTED_EDGE('',*,*,#6692,.F.);
#8556=ORIENTED_EDGE('',*,*,#6693,.T.);
#8557=ORIENTED_EDGE('',*,*,#6694,.T.);
#8558=ORIENTED_EDGE('',*,*,#6695,.F.);
#8559=ORIENTED_EDGE('',*,*,#6696,.F.);
#8560=ORIENTED_EDGE('',*,*,#6697,.T.);
#8561=ORIENTED_EDGE('',*,*,#6698,.T.);
#8562=ORIENTED_EDGE('',*,*,#6699,.F.);
#8563=ORIENTED_EDGE('',*,*,#6700,.F.);
#8564=ORIENTED_EDGE('',*,*,#6701,.T.);
#8565=ORIENTED_EDGE('',*,*,#6702,.T.);
#8566=ORIENTED_EDGE('',*,*,#6703,.F.);
#8567=ORIENTED_EDGE('',*,*,#6704,.F.);
#8568=ORIENTED_EDGE('',*,*,#6705,.T.);
#8569=ORIENTED_EDGE('',*,*,#6706,.T.);
#8570=ORIENTED_EDGE('',*,*,#6707,.F.);
#8571=ORIENTED_EDGE('',*,*,#6708,.F.);
#8572=ORIENTED_EDGE('',*,*,#6709,.T.);
#8573=ORIENTED_EDGE('',*,*,#6710,.T.);
#8574=ORIENTED_EDGE('',*,*,#6711,.F.);
#8575=ORIENTED_EDGE('',*,*,#6712,.F.);
#8576=ORIENTED_EDGE('',*,*,#6713,.T.);
#8577=ORIENTED_EDGE('',*,*,#6714,.T.);
#8578=ORIENTED_EDGE('',*,*,#6715,.F.);
#8579=ORIENTED_EDGE('',*,*,#6716,.F.);
#8580=ORIENTED_EDGE('',*,*,#6717,.T.);
#8581=ORIENTED_EDGE('',*,*,#6718,.T.);
#8582=ORIENTED_EDGE('',*,*,#6719,.F.);
#8583=ORIENTED_EDGE('',*,*,#6720,.F.);
#8584=ORIENTED_EDGE('',*,*,#6721,.T.);
#8585=ORIENTED_EDGE('',*,*,#6722,.T.);
#8586=ORIENTED_EDGE('',*,*,#6723,.F.);
#8587=ORIENTED_EDGE('',*,*,#6724,.F.);
#8588=ORIENTED_EDGE('',*,*,#6725,.T.);
#8589=ORIENTED_EDGE('',*,*,#6726,.T.);
#8590=ORIENTED_EDGE('',*,*,#6727,.F.);
#8591=ORIENTED_EDGE('',*,*,#6728,.F.);
#8592=ORIENTED_EDGE('',*,*,#6729,.T.);
#8593=ORIENTED_EDGE('',*,*,#6730,.T.);
#8594=ORIENTED_EDGE('',*,*,#6731,.F.);
#8595=ORIENTED_EDGE('',*,*,#6732,.F.);
#8596=ORIENTED_EDGE('',*,*,#6733,.T.);
#8597=ORIENTED_EDGE('',*,*,#6734,.T.);
#8598=ORIENTED_EDGE('',*,*,#6735,.F.);
#8599=ORIENTED_EDGE('',*,*,#6736,.F.);
#8600=ORIENTED_EDGE('',*,*,#6737,.T.);
#8601=ORIENTED_EDGE('',*,*,#6738,.T.);
#8602=ORIENTED_EDGE('',*,*,#6739,.F.);
#8603=ORIENTED_EDGE('',*,*,#6740,.F.);
#8604=ORIENTED_EDGE('',*,*,#6741,.T.);
#8605=ORIENTED_EDGE('',*,*,#6742,.T.);
#8606=ORIENTED_EDGE('',*,*,#6743,.F.);
#8607=ORIENTED_EDGE('',*,*,#6744,.F.);
#8608=ORIENTED_EDGE('',*,*,#6745,.T.);
#8609=ORIENTED_EDGE('',*,*,#6746,.T.);
#8610=ORIENTED_EDGE('',*,*,#6747,.F.);
#8611=ORIENTED_EDGE('',*,*,#6748,.F.);
#8612=ORIENTED_EDGE('',*,*,#6749,.T.);
#8613=ORIENTED_EDGE('',*,*,#6750,.T.);
#8614=ORIENTED_EDGE('',*,*,#6751,.F.);
#8615=ORIENTED_EDGE('',*,*,#6752,.F.);
#8616=ORIENTED_EDGE('',*,*,#6753,.T.);
#8617=ORIENTED_EDGE('',*,*,#6754,.T.);
#8618=ORIENTED_EDGE('',*,*,#6755,.F.);
#8619=ORIENTED_EDGE('',*,*,#6143,.T.);
#8620=ORIENTED_EDGE('',*,*,#6756,.T.);
#8621=ORIENTED_EDGE('',*,*,#6757,.F.);
#8622=ORIENTED_EDGE('',*,*,#6150,.F.);
#8623=ORIENTED_EDGE('',*,*,#6146,.T.);
#8624=ORIENTED_EDGE('',*,*,#6149,.T.);
#8625=ORIENTED_EDGE('',*,*,#6758,.F.);
#8626=ORIENTED_EDGE('',*,*,#6756,.F.);
#8627=ORIENTED_EDGE('',*,*,#6759,.F.);
#8628=ORIENTED_EDGE('',*,*,#6760,.T.);
#8629=ORIENTED_EDGE('',*,*,#6761,.T.);
#8630=ORIENTED_EDGE('',*,*,#6762,.F.);
#8631=ORIENTED_EDGE('',*,*,#6763,.F.);
#8632=ORIENTED_EDGE('',*,*,#6764,.T.);
#8633=ORIENTED_EDGE('',*,*,#6765,.T.);
#8634=ORIENTED_EDGE('',*,*,#6766,.F.);
#8635=ORIENTED_EDGE('',*,*,#6767,.F.);
#8636=ORIENTED_EDGE('',*,*,#6768,.F.);
#8637=ORIENTED_EDGE('',*,*,#6769,.F.);
#8638=ORIENTED_EDGE('',*,*,#6770,.T.);
#8639=ORIENTED_EDGE('',*,*,#6454,.T.);
#8640=ORIENTED_EDGE('',*,*,#6771,.T.);
#8641=ORIENTED_EDGE('',*,*,#6772,.F.);
#8642=ORIENTED_EDGE('',*,*,#6773,.F.);
#8643=ORIENTED_EDGE('',*,*,#6774,.F.);
#8644=ORIENTED_EDGE('',*,*,#6775,.T.);
#8645=ORIENTED_EDGE('',*,*,#6776,.T.);
#8646=ORIENTED_EDGE('',*,*,#6606,.F.);
#8647=ORIENTED_EDGE('',*,*,#6777,.F.);
#8648=ORIENTED_EDGE('',*,*,#6772,.T.);
#8649=ORIENTED_EDGE('',*,*,#6778,.T.);
#8650=ORIENTED_EDGE('',*,*,#6775,.F.);
#8651=ORIENTED_EDGE('',*,*,#6452,.T.);
#8652=ORIENTED_EDGE('',*,*,#6779,.T.);
#8653=ORIENTED_EDGE('',*,*,#6780,.T.);
#8654=ORIENTED_EDGE('',*,*,#6781,.F.);
#8655=ORIENTED_EDGE('',*,*,#6458,.T.);
#8656=ORIENTED_EDGE('',*,*,#6782,.F.);
#8657=ORIENTED_EDGE('',*,*,#6783,.F.);
#8658=ORIENTED_EDGE('',*,*,#6784,.T.);
#8659=ORIENTED_EDGE('',*,*,#6785,.T.);
#8660=ORIENTED_EDGE('',*,*,#6783,.T.);
#8661=ORIENTED_EDGE('',*,*,#6786,.F.);
#8662=ORIENTED_EDGE('',*,*,#6780,.F.);
#8663=ORIENTED_EDGE('',*,*,#6456,.T.);
#8664=ORIENTED_EDGE('',*,*,#6787,.T.);
#8665=ORIENTED_EDGE('',*,*,#6788,.T.);
#8666=ORIENTED_EDGE('',*,*,#6789,.F.);
#8667=ORIENTED_EDGE('',*,*,#6462,.T.);
#8668=ORIENTED_EDGE('',*,*,#6790,.F.);
#8669=ORIENTED_EDGE('',*,*,#6791,.F.);
#8670=ORIENTED_EDGE('',*,*,#6792,.T.);
#8671=ORIENTED_EDGE('',*,*,#6793,.T.);
#8672=ORIENTED_EDGE('',*,*,#6791,.T.);
#8673=ORIENTED_EDGE('',*,*,#6794,.F.);
#8674=ORIENTED_EDGE('',*,*,#6788,.F.);
#8675=ORIENTED_EDGE('',*,*,#6460,.T.);
#8676=ORIENTED_EDGE('',*,*,#6795,.T.);
#8677=ORIENTED_EDGE('',*,*,#6796,.T.);
#8678=ORIENTED_EDGE('',*,*,#6797,.F.);
#8679=ORIENTED_EDGE('',*,*,#6466,.T.);
#8680=ORIENTED_EDGE('',*,*,#6798,.F.);
#8681=ORIENTED_EDGE('',*,*,#6799,.F.);
#8682=ORIENTED_EDGE('',*,*,#6800,.T.);
#8683=ORIENTED_EDGE('',*,*,#6801,.T.);
#8684=ORIENTED_EDGE('',*,*,#6799,.T.);
#8685=ORIENTED_EDGE('',*,*,#6802,.F.);
#8686=ORIENTED_EDGE('',*,*,#6796,.F.);
#8687=ORIENTED_EDGE('',*,*,#6464,.T.);
#8688=ORIENTED_EDGE('',*,*,#6803,.T.);
#8689=ORIENTED_EDGE('',*,*,#6804,.T.);
#8690=ORIENTED_EDGE('',*,*,#6805,.F.);
#8691=ORIENTED_EDGE('',*,*,#6470,.T.);
#8692=ORIENTED_EDGE('',*,*,#6806,.F.);
#8693=ORIENTED_EDGE('',*,*,#6807,.F.);
#8694=ORIENTED_EDGE('',*,*,#6808,.T.);
#8695=ORIENTED_EDGE('',*,*,#6809,.T.);
#8696=ORIENTED_EDGE('',*,*,#6807,.T.);
#8697=ORIENTED_EDGE('',*,*,#6810,.F.);
#8698=ORIENTED_EDGE('',*,*,#6804,.F.);
#8699=ORIENTED_EDGE('',*,*,#6468,.T.);
#8700=ORIENTED_EDGE('',*,*,#6811,.T.);
#8701=ORIENTED_EDGE('',*,*,#6812,.T.);
#8702=ORIENTED_EDGE('',*,*,#6813,.F.);
#8703=ORIENTED_EDGE('',*,*,#6474,.T.);
#8704=ORIENTED_EDGE('',*,*,#6814,.F.);
#8705=ORIENTED_EDGE('',*,*,#6815,.F.);
#8706=ORIENTED_EDGE('',*,*,#6816,.T.);
#8707=ORIENTED_EDGE('',*,*,#6817,.T.);
#8708=ORIENTED_EDGE('',*,*,#6815,.T.);
#8709=ORIENTED_EDGE('',*,*,#6818,.F.);
#8710=ORIENTED_EDGE('',*,*,#6812,.F.);
#8711=ORIENTED_EDGE('',*,*,#6472,.T.);
#8712=ORIENTED_EDGE('',*,*,#6819,.T.);
#8713=ORIENTED_EDGE('',*,*,#6820,.T.);
#8714=ORIENTED_EDGE('',*,*,#6821,.F.);
#8715=ORIENTED_EDGE('',*,*,#6478,.T.);
#8716=ORIENTED_EDGE('',*,*,#6822,.F.);
#8717=ORIENTED_EDGE('',*,*,#6823,.F.);
#8718=ORIENTED_EDGE('',*,*,#6824,.T.);
#8719=ORIENTED_EDGE('',*,*,#6825,.T.);
#8720=ORIENTED_EDGE('',*,*,#6823,.T.);
#8721=ORIENTED_EDGE('',*,*,#6826,.F.);
#8722=ORIENTED_EDGE('',*,*,#6820,.F.);
#8723=ORIENTED_EDGE('',*,*,#6476,.T.);
#8724=ORIENTED_EDGE('',*,*,#6827,.T.);
#8725=ORIENTED_EDGE('',*,*,#6828,.T.);
#8726=ORIENTED_EDGE('',*,*,#6829,.F.);
#8727=ORIENTED_EDGE('',*,*,#6482,.T.);
#8728=ORIENTED_EDGE('',*,*,#6830,.F.);
#8729=ORIENTED_EDGE('',*,*,#6831,.F.);
#8730=ORIENTED_EDGE('',*,*,#6832,.T.);
#8731=ORIENTED_EDGE('',*,*,#6833,.T.);
#8732=ORIENTED_EDGE('',*,*,#6831,.T.);
#8733=ORIENTED_EDGE('',*,*,#6834,.F.);
#8734=ORIENTED_EDGE('',*,*,#6828,.F.);
#8735=ORIENTED_EDGE('',*,*,#6480,.T.);
#8736=ORIENTED_EDGE('',*,*,#6835,.T.);
#8737=ORIENTED_EDGE('',*,*,#6836,.T.);
#8738=ORIENTED_EDGE('',*,*,#6837,.F.);
#8739=ORIENTED_EDGE('',*,*,#6486,.T.);
#8740=ORIENTED_EDGE('',*,*,#6838,.F.);
#8741=ORIENTED_EDGE('',*,*,#6839,.F.);
#8742=ORIENTED_EDGE('',*,*,#6840,.T.);
#8743=ORIENTED_EDGE('',*,*,#6841,.T.);
#8744=ORIENTED_EDGE('',*,*,#6839,.T.);
#8745=ORIENTED_EDGE('',*,*,#6842,.F.);
#8746=ORIENTED_EDGE('',*,*,#6836,.F.);
#8747=ORIENTED_EDGE('',*,*,#6484,.T.);
#8748=ORIENTED_EDGE('',*,*,#6843,.T.);
#8749=ORIENTED_EDGE('',*,*,#6844,.T.);
#8750=ORIENTED_EDGE('',*,*,#6845,.F.);
#8751=ORIENTED_EDGE('',*,*,#6490,.T.);
#8752=ORIENTED_EDGE('',*,*,#6846,.F.);
#8753=ORIENTED_EDGE('',*,*,#6847,.F.);
#8754=ORIENTED_EDGE('',*,*,#6848,.T.);
#8755=ORIENTED_EDGE('',*,*,#6849,.T.);
#8756=ORIENTED_EDGE('',*,*,#6847,.T.);
#8757=ORIENTED_EDGE('',*,*,#6850,.F.);
#8758=ORIENTED_EDGE('',*,*,#6844,.F.);
#8759=ORIENTED_EDGE('',*,*,#6488,.T.);
#8760=ORIENTED_EDGE('',*,*,#6851,.T.);
#8761=ORIENTED_EDGE('',*,*,#6852,.T.);
#8762=ORIENTED_EDGE('',*,*,#6853,.F.);
#8763=ORIENTED_EDGE('',*,*,#6494,.T.);
#8764=ORIENTED_EDGE('',*,*,#6854,.F.);
#8765=ORIENTED_EDGE('',*,*,#6855,.F.);
#8766=ORIENTED_EDGE('',*,*,#6856,.T.);
#8767=ORIENTED_EDGE('',*,*,#6857,.T.);
#8768=ORIENTED_EDGE('',*,*,#6855,.T.);
#8769=ORIENTED_EDGE('',*,*,#6858,.F.);
#8770=ORIENTED_EDGE('',*,*,#6852,.F.);
#8771=ORIENTED_EDGE('',*,*,#6492,.T.);
#8772=ORIENTED_EDGE('',*,*,#6859,.T.);
#8773=ORIENTED_EDGE('',*,*,#6860,.T.);
#8774=ORIENTED_EDGE('',*,*,#6861,.F.);
#8775=ORIENTED_EDGE('',*,*,#6498,.T.);
#8776=ORIENTED_EDGE('',*,*,#6862,.F.);
#8777=ORIENTED_EDGE('',*,*,#6863,.F.);
#8778=ORIENTED_EDGE('',*,*,#6864,.T.);
#8779=ORIENTED_EDGE('',*,*,#6865,.T.);
#8780=ORIENTED_EDGE('',*,*,#6863,.T.);
#8781=ORIENTED_EDGE('',*,*,#6866,.F.);
#8782=ORIENTED_EDGE('',*,*,#6860,.F.);
#8783=ORIENTED_EDGE('',*,*,#6496,.T.);
#8784=ORIENTED_EDGE('',*,*,#6867,.T.);
#8785=ORIENTED_EDGE('',*,*,#6868,.T.);
#8786=ORIENTED_EDGE('',*,*,#6869,.F.);
#8787=ORIENTED_EDGE('',*,*,#6502,.T.);
#8788=ORIENTED_EDGE('',*,*,#6870,.F.);
#8789=ORIENTED_EDGE('',*,*,#6871,.F.);
#8790=ORIENTED_EDGE('',*,*,#6872,.T.);
#8791=ORIENTED_EDGE('',*,*,#6873,.T.);
#8792=ORIENTED_EDGE('',*,*,#6871,.T.);
#8793=ORIENTED_EDGE('',*,*,#6874,.F.);
#8794=ORIENTED_EDGE('',*,*,#6868,.F.);
#8795=ORIENTED_EDGE('',*,*,#6500,.T.);
#8796=ORIENTED_EDGE('',*,*,#6875,.T.);
#8797=ORIENTED_EDGE('',*,*,#6876,.T.);
#8798=ORIENTED_EDGE('',*,*,#6877,.F.);
#8799=ORIENTED_EDGE('',*,*,#6506,.T.);
#8800=ORIENTED_EDGE('',*,*,#6878,.F.);
#8801=ORIENTED_EDGE('',*,*,#6879,.F.);
#8802=ORIENTED_EDGE('',*,*,#6880,.T.);
#8803=ORIENTED_EDGE('',*,*,#6881,.T.);
#8804=ORIENTED_EDGE('',*,*,#6879,.T.);
#8805=ORIENTED_EDGE('',*,*,#6882,.F.);
#8806=ORIENTED_EDGE('',*,*,#6876,.F.);
#8807=ORIENTED_EDGE('',*,*,#6504,.T.);
#8808=ORIENTED_EDGE('',*,*,#6883,.T.);
#8809=ORIENTED_EDGE('',*,*,#6884,.T.);
#8810=ORIENTED_EDGE('',*,*,#6885,.F.);
#8811=ORIENTED_EDGE('',*,*,#6510,.T.);
#8812=ORIENTED_EDGE('',*,*,#6886,.F.);
#8813=ORIENTED_EDGE('',*,*,#6887,.F.);
#8814=ORIENTED_EDGE('',*,*,#6888,.T.);
#8815=ORIENTED_EDGE('',*,*,#6889,.T.);
#8816=ORIENTED_EDGE('',*,*,#6887,.T.);
#8817=ORIENTED_EDGE('',*,*,#6890,.F.);
#8818=ORIENTED_EDGE('',*,*,#6884,.F.);
#8819=ORIENTED_EDGE('',*,*,#6508,.T.);
#8820=ORIENTED_EDGE('',*,*,#6891,.T.);
#8821=ORIENTED_EDGE('',*,*,#6892,.T.);
#8822=ORIENTED_EDGE('',*,*,#6893,.F.);
#8823=ORIENTED_EDGE('',*,*,#6514,.T.);
#8824=ORIENTED_EDGE('',*,*,#6894,.F.);
#8825=ORIENTED_EDGE('',*,*,#6895,.F.);
#8826=ORIENTED_EDGE('',*,*,#6896,.T.);
#8827=ORIENTED_EDGE('',*,*,#6897,.T.);
#8828=ORIENTED_EDGE('',*,*,#6895,.T.);
#8829=ORIENTED_EDGE('',*,*,#6898,.F.);
#8830=ORIENTED_EDGE('',*,*,#6892,.F.);
#8831=ORIENTED_EDGE('',*,*,#6512,.T.);
#8832=ORIENTED_EDGE('',*,*,#6899,.T.);
#8833=ORIENTED_EDGE('',*,*,#6900,.T.);
#8834=ORIENTED_EDGE('',*,*,#6901,.F.);
#8835=ORIENTED_EDGE('',*,*,#6518,.T.);
#8836=ORIENTED_EDGE('',*,*,#6902,.F.);
#8837=ORIENTED_EDGE('',*,*,#6903,.F.);
#8838=ORIENTED_EDGE('',*,*,#6904,.T.);
#8839=ORIENTED_EDGE('',*,*,#6905,.T.);
#8840=ORIENTED_EDGE('',*,*,#6903,.T.);
#8841=ORIENTED_EDGE('',*,*,#6906,.F.);
#8842=ORIENTED_EDGE('',*,*,#6900,.F.);
#8843=ORIENTED_EDGE('',*,*,#6516,.T.);
#8844=ORIENTED_EDGE('',*,*,#6907,.T.);
#8845=ORIENTED_EDGE('',*,*,#6908,.T.);
#8846=ORIENTED_EDGE('',*,*,#6909,.F.);
#8847=ORIENTED_EDGE('',*,*,#6522,.T.);
#8848=ORIENTED_EDGE('',*,*,#6910,.F.);
#8849=ORIENTED_EDGE('',*,*,#6911,.F.);
#8850=ORIENTED_EDGE('',*,*,#6912,.T.);
#8851=ORIENTED_EDGE('',*,*,#6913,.T.);
#8852=ORIENTED_EDGE('',*,*,#6911,.T.);
#8853=ORIENTED_EDGE('',*,*,#6914,.F.);
#8854=ORIENTED_EDGE('',*,*,#6908,.F.);
#8855=ORIENTED_EDGE('',*,*,#6520,.T.);
#8856=ORIENTED_EDGE('',*,*,#6915,.T.);
#8857=ORIENTED_EDGE('',*,*,#6916,.T.);
#8858=ORIENTED_EDGE('',*,*,#6917,.F.);
#8859=ORIENTED_EDGE('',*,*,#6526,.T.);
#8860=ORIENTED_EDGE('',*,*,#6918,.F.);
#8861=ORIENTED_EDGE('',*,*,#6919,.F.);
#8862=ORIENTED_EDGE('',*,*,#6920,.T.);
#8863=ORIENTED_EDGE('',*,*,#6921,.T.);
#8864=ORIENTED_EDGE('',*,*,#6919,.T.);
#8865=ORIENTED_EDGE('',*,*,#6922,.F.);
#8866=ORIENTED_EDGE('',*,*,#6916,.F.);
#8867=ORIENTED_EDGE('',*,*,#6524,.T.);
#8868=ORIENTED_EDGE('',*,*,#6923,.F.);
#8869=ORIENTED_EDGE('',*,*,#6924,.T.);
#8870=ORIENTED_EDGE('',*,*,#6925,.T.);
#8871=ORIENTED_EDGE('',*,*,#6926,.F.);
#8872=ORIENTED_EDGE('',*,*,#6927,.T.);
#8873=ORIENTED_EDGE('',*,*,#6928,.T.);
#8874=ORIENTED_EDGE('',*,*,#6924,.F.);
#8875=ORIENTED_EDGE('',*,*,#6530,.T.);
#8876=ORIENTED_EDGE('',*,*,#6929,.T.);
#8877=ORIENTED_EDGE('',*,*,#6927,.F.);
#8878=ORIENTED_EDGE('',*,*,#6930,.F.);
#8879=ORIENTED_EDGE('',*,*,#6931,.F.);
#8880=ORIENTED_EDGE('',*,*,#6932,.T.);
#8881=ORIENTED_EDGE('',*,*,#6933,.T.);
#8882=ORIENTED_EDGE('',*,*,#6610,.F.);
#8883=ORIENTED_EDGE('',*,*,#6934,.F.);
#8884=ORIENTED_EDGE('',*,*,#6935,.T.);
#8885=ORIENTED_EDGE('',*,*,#6936,.T.);
#8886=ORIENTED_EDGE('',*,*,#6932,.F.);
#8887=ORIENTED_EDGE('',*,*,#6937,.F.);
#8888=ORIENTED_EDGE('',*,*,#6604,.T.);
#8889=ORIENTED_EDGE('',*,*,#6938,.T.);
#8890=ORIENTED_EDGE('',*,*,#6935,.F.);
#8891=ORIENTED_EDGE('',*,*,#6939,.F.);
#8892=ORIENTED_EDGE('',*,*,#6940,.T.);
#8893=ORIENTED_EDGE('',*,*,#6941,.T.);
#8894=ORIENTED_EDGE('',*,*,#6614,.F.);
#8895=ORIENTED_EDGE('',*,*,#6942,.F.);
#8896=ORIENTED_EDGE('',*,*,#6943,.T.);
#8897=ORIENTED_EDGE('',*,*,#6944,.T.);
#8898=ORIENTED_EDGE('',*,*,#6940,.F.);
#8899=ORIENTED_EDGE('',*,*,#6945,.F.);
#8900=ORIENTED_EDGE('',*,*,#6608,.T.);
#8901=ORIENTED_EDGE('',*,*,#6946,.T.);
#8902=ORIENTED_EDGE('',*,*,#6943,.F.);
#8903=ORIENTED_EDGE('',*,*,#6947,.F.);
#8904=ORIENTED_EDGE('',*,*,#6948,.T.);
#8905=ORIENTED_EDGE('',*,*,#6949,.T.);
#8906=ORIENTED_EDGE('',*,*,#6618,.F.);
#8907=ORIENTED_EDGE('',*,*,#6950,.F.);
#8908=ORIENTED_EDGE('',*,*,#6951,.T.);
#8909=ORIENTED_EDGE('',*,*,#6952,.T.);
#8910=ORIENTED_EDGE('',*,*,#6948,.F.);
#8911=ORIENTED_EDGE('',*,*,#6953,.F.);
#8912=ORIENTED_EDGE('',*,*,#6612,.T.);
#8913=ORIENTED_EDGE('',*,*,#6954,.T.);
#8914=ORIENTED_EDGE('',*,*,#6951,.F.);
#8915=ORIENTED_EDGE('',*,*,#6955,.F.);
#8916=ORIENTED_EDGE('',*,*,#6956,.T.);
#8917=ORIENTED_EDGE('',*,*,#6957,.T.);
#8918=ORIENTED_EDGE('',*,*,#6622,.F.);
#8919=ORIENTED_EDGE('',*,*,#6958,.F.);
#8920=ORIENTED_EDGE('',*,*,#6959,.T.);
#8921=ORIENTED_EDGE('',*,*,#6960,.T.);
#8922=ORIENTED_EDGE('',*,*,#6956,.F.);
#8923=ORIENTED_EDGE('',*,*,#6961,.F.);
#8924=ORIENTED_EDGE('',*,*,#6616,.T.);
#8925=ORIENTED_EDGE('',*,*,#6962,.T.);
#8926=ORIENTED_EDGE('',*,*,#6959,.F.);
#8927=ORIENTED_EDGE('',*,*,#6963,.F.);
#8928=ORIENTED_EDGE('',*,*,#6964,.T.);
#8929=ORIENTED_EDGE('',*,*,#6965,.T.);
#8930=ORIENTED_EDGE('',*,*,#6626,.F.);
#8931=ORIENTED_EDGE('',*,*,#6966,.F.);
#8932=ORIENTED_EDGE('',*,*,#6967,.T.);
#8933=ORIENTED_EDGE('',*,*,#6968,.T.);
#8934=ORIENTED_EDGE('',*,*,#6964,.F.);
#8935=ORIENTED_EDGE('',*,*,#6969,.F.);
#8936=ORIENTED_EDGE('',*,*,#6620,.T.);
#8937=ORIENTED_EDGE('',*,*,#6970,.T.);
#8938=ORIENTED_EDGE('',*,*,#6967,.F.);
#8939=ORIENTED_EDGE('',*,*,#6971,.F.);
#8940=ORIENTED_EDGE('',*,*,#6972,.T.);
#8941=ORIENTED_EDGE('',*,*,#6973,.T.);
#8942=ORIENTED_EDGE('',*,*,#6630,.F.);
#8943=ORIENTED_EDGE('',*,*,#6974,.F.);
#8944=ORIENTED_EDGE('',*,*,#6975,.T.);
#8945=ORIENTED_EDGE('',*,*,#6976,.T.);
#8946=ORIENTED_EDGE('',*,*,#6972,.F.);
#8947=ORIENTED_EDGE('',*,*,#6977,.F.);
#8948=ORIENTED_EDGE('',*,*,#6624,.T.);
#8949=ORIENTED_EDGE('',*,*,#6978,.T.);
#8950=ORIENTED_EDGE('',*,*,#6975,.F.);
#8951=ORIENTED_EDGE('',*,*,#6979,.F.);
#8952=ORIENTED_EDGE('',*,*,#6980,.T.);
#8953=ORIENTED_EDGE('',*,*,#6981,.T.);
#8954=ORIENTED_EDGE('',*,*,#6634,.F.);
#8955=ORIENTED_EDGE('',*,*,#6982,.F.);
#8956=ORIENTED_EDGE('',*,*,#6983,.T.);
#8957=ORIENTED_EDGE('',*,*,#6984,.T.);
#8958=ORIENTED_EDGE('',*,*,#6980,.F.);
#8959=ORIENTED_EDGE('',*,*,#6985,.F.);
#8960=ORIENTED_EDGE('',*,*,#6628,.T.);
#8961=ORIENTED_EDGE('',*,*,#6986,.T.);
#8962=ORIENTED_EDGE('',*,*,#6983,.F.);
#8963=ORIENTED_EDGE('',*,*,#6987,.F.);
#8964=ORIENTED_EDGE('',*,*,#6988,.T.);
#8965=ORIENTED_EDGE('',*,*,#6989,.T.);
#8966=ORIENTED_EDGE('',*,*,#6638,.F.);
#8967=ORIENTED_EDGE('',*,*,#6990,.F.);
#8968=ORIENTED_EDGE('',*,*,#6991,.T.);
#8969=ORIENTED_EDGE('',*,*,#6992,.T.);
#8970=ORIENTED_EDGE('',*,*,#6988,.F.);
#8971=ORIENTED_EDGE('',*,*,#6993,.F.);
#8972=ORIENTED_EDGE('',*,*,#6632,.T.);
#8973=ORIENTED_EDGE('',*,*,#6994,.T.);
#8974=ORIENTED_EDGE('',*,*,#6991,.F.);
#8975=ORIENTED_EDGE('',*,*,#6995,.F.);
#8976=ORIENTED_EDGE('',*,*,#6996,.T.);
#8977=ORIENTED_EDGE('',*,*,#6997,.T.);
#8978=ORIENTED_EDGE('',*,*,#6642,.F.);
#8979=ORIENTED_EDGE('',*,*,#6998,.F.);
#8980=ORIENTED_EDGE('',*,*,#6999,.T.);
#8981=ORIENTED_EDGE('',*,*,#7000,.T.);
#8982=ORIENTED_EDGE('',*,*,#6996,.F.);
#8983=ORIENTED_EDGE('',*,*,#7001,.F.);
#8984=ORIENTED_EDGE('',*,*,#6636,.T.);
#8985=ORIENTED_EDGE('',*,*,#7002,.T.);
#8986=ORIENTED_EDGE('',*,*,#6999,.F.);
#8987=ORIENTED_EDGE('',*,*,#7003,.F.);
#8988=ORIENTED_EDGE('',*,*,#7004,.T.);
#8989=ORIENTED_EDGE('',*,*,#7005,.T.);
#8990=ORIENTED_EDGE('',*,*,#6646,.F.);
#8991=ORIENTED_EDGE('',*,*,#7006,.F.);
#8992=ORIENTED_EDGE('',*,*,#7007,.T.);
#8993=ORIENTED_EDGE('',*,*,#7008,.T.);
#8994=ORIENTED_EDGE('',*,*,#7004,.F.);
#8995=ORIENTED_EDGE('',*,*,#7009,.F.);
#8996=ORIENTED_EDGE('',*,*,#6640,.T.);
#8997=ORIENTED_EDGE('',*,*,#7010,.T.);
#8998=ORIENTED_EDGE('',*,*,#7007,.F.);
#8999=ORIENTED_EDGE('',*,*,#7011,.F.);
#9000=ORIENTED_EDGE('',*,*,#7012,.T.);
#9001=ORIENTED_EDGE('',*,*,#7013,.T.);
#9002=ORIENTED_EDGE('',*,*,#6650,.F.);
#9003=ORIENTED_EDGE('',*,*,#7014,.F.);
#9004=ORIENTED_EDGE('',*,*,#7015,.T.);
#9005=ORIENTED_EDGE('',*,*,#7016,.T.);
#9006=ORIENTED_EDGE('',*,*,#7012,.F.);
#9007=ORIENTED_EDGE('',*,*,#7017,.F.);
#9008=ORIENTED_EDGE('',*,*,#6644,.T.);
#9009=ORIENTED_EDGE('',*,*,#7018,.T.);
#9010=ORIENTED_EDGE('',*,*,#7015,.F.);
#9011=ORIENTED_EDGE('',*,*,#7019,.F.);
#9012=ORIENTED_EDGE('',*,*,#7020,.T.);
#9013=ORIENTED_EDGE('',*,*,#7021,.T.);
#9014=ORIENTED_EDGE('',*,*,#6654,.F.);
#9015=ORIENTED_EDGE('',*,*,#7022,.F.);
#9016=ORIENTED_EDGE('',*,*,#7023,.T.);
#9017=ORIENTED_EDGE('',*,*,#7024,.T.);
#9018=ORIENTED_EDGE('',*,*,#7020,.F.);
#9019=ORIENTED_EDGE('',*,*,#7025,.F.);
#9020=ORIENTED_EDGE('',*,*,#6648,.T.);
#9021=ORIENTED_EDGE('',*,*,#7026,.T.);
#9022=ORIENTED_EDGE('',*,*,#7023,.F.);
#9023=ORIENTED_EDGE('',*,*,#7027,.F.);
#9024=ORIENTED_EDGE('',*,*,#7028,.T.);
#9025=ORIENTED_EDGE('',*,*,#7029,.T.);
#9026=ORIENTED_EDGE('',*,*,#6658,.F.);
#9027=ORIENTED_EDGE('',*,*,#7030,.F.);
#9028=ORIENTED_EDGE('',*,*,#7031,.T.);
#9029=ORIENTED_EDGE('',*,*,#7032,.T.);
#9030=ORIENTED_EDGE('',*,*,#7028,.F.);
#9031=ORIENTED_EDGE('',*,*,#7033,.F.);
#9032=ORIENTED_EDGE('',*,*,#6652,.T.);
#9033=ORIENTED_EDGE('',*,*,#7034,.T.);
#9034=ORIENTED_EDGE('',*,*,#7031,.F.);
#9035=ORIENTED_EDGE('',*,*,#7035,.F.);
#9036=ORIENTED_EDGE('',*,*,#7036,.T.);
#9037=ORIENTED_EDGE('',*,*,#7037,.T.);
#9038=ORIENTED_EDGE('',*,*,#6662,.F.);
#9039=ORIENTED_EDGE('',*,*,#7038,.F.);
#9040=ORIENTED_EDGE('',*,*,#7039,.T.);
#9041=ORIENTED_EDGE('',*,*,#7040,.T.);
#9042=ORIENTED_EDGE('',*,*,#7036,.F.);
#9043=ORIENTED_EDGE('',*,*,#7041,.F.);
#9044=ORIENTED_EDGE('',*,*,#6656,.T.);
#9045=ORIENTED_EDGE('',*,*,#7042,.T.);
#9046=ORIENTED_EDGE('',*,*,#7039,.F.);
#9047=ORIENTED_EDGE('',*,*,#7043,.F.);
#9048=ORIENTED_EDGE('',*,*,#7044,.T.);
#9049=ORIENTED_EDGE('',*,*,#7045,.T.);
#9050=ORIENTED_EDGE('',*,*,#6666,.F.);
#9051=ORIENTED_EDGE('',*,*,#7046,.F.);
#9052=ORIENTED_EDGE('',*,*,#7047,.T.);
#9053=ORIENTED_EDGE('',*,*,#7048,.T.);
#9054=ORIENTED_EDGE('',*,*,#7044,.F.);
#9055=ORIENTED_EDGE('',*,*,#7049,.F.);
#9056=ORIENTED_EDGE('',*,*,#6660,.T.);
#9057=ORIENTED_EDGE('',*,*,#7050,.T.);
#9058=ORIENTED_EDGE('',*,*,#7047,.F.);
#9059=ORIENTED_EDGE('',*,*,#7051,.F.);
#9060=ORIENTED_EDGE('',*,*,#7052,.T.);
#9061=ORIENTED_EDGE('',*,*,#7053,.T.);
#9062=ORIENTED_EDGE('',*,*,#6670,.F.);
#9063=ORIENTED_EDGE('',*,*,#7054,.F.);
#9064=ORIENTED_EDGE('',*,*,#7055,.T.);
#9065=ORIENTED_EDGE('',*,*,#7056,.T.);
#9066=ORIENTED_EDGE('',*,*,#7052,.F.);
#9067=ORIENTED_EDGE('',*,*,#7057,.F.);
#9068=ORIENTED_EDGE('',*,*,#6664,.T.);
#9069=ORIENTED_EDGE('',*,*,#7058,.T.);
#9070=ORIENTED_EDGE('',*,*,#7055,.F.);
#9071=ORIENTED_EDGE('',*,*,#7059,.F.);
#9072=ORIENTED_EDGE('',*,*,#7060,.T.);
#9073=ORIENTED_EDGE('',*,*,#7061,.T.);
#9074=ORIENTED_EDGE('',*,*,#6674,.F.);
#9075=ORIENTED_EDGE('',*,*,#7062,.F.);
#9076=ORIENTED_EDGE('',*,*,#7063,.T.);
#9077=ORIENTED_EDGE('',*,*,#7064,.T.);
#9078=ORIENTED_EDGE('',*,*,#7060,.F.);
#9079=ORIENTED_EDGE('',*,*,#7065,.F.);
#9080=ORIENTED_EDGE('',*,*,#6668,.T.);
#9081=ORIENTED_EDGE('',*,*,#7066,.T.);
#9082=ORIENTED_EDGE('',*,*,#7063,.F.);
#9083=ORIENTED_EDGE('',*,*,#7067,.F.);
#9084=ORIENTED_EDGE('',*,*,#7068,.T.);
#9085=ORIENTED_EDGE('',*,*,#7069,.T.);
#9086=ORIENTED_EDGE('',*,*,#6678,.F.);
#9087=ORIENTED_EDGE('',*,*,#7070,.F.);
#9088=ORIENTED_EDGE('',*,*,#7071,.T.);
#9089=ORIENTED_EDGE('',*,*,#7072,.T.);
#9090=ORIENTED_EDGE('',*,*,#7068,.F.);
#9091=ORIENTED_EDGE('',*,*,#7073,.F.);
#9092=ORIENTED_EDGE('',*,*,#6672,.T.);
#9093=ORIENTED_EDGE('',*,*,#7074,.T.);
#9094=ORIENTED_EDGE('',*,*,#7071,.F.);
#9095=ORIENTED_EDGE('',*,*,#7075,.F.);
#9096=ORIENTED_EDGE('',*,*,#7076,.T.);
#9097=ORIENTED_EDGE('',*,*,#7077,.T.);
#9098=ORIENTED_EDGE('',*,*,#6682,.F.);
#9099=ORIENTED_EDGE('',*,*,#7078,.F.);
#9100=ORIENTED_EDGE('',*,*,#7079,.T.);
#9101=ORIENTED_EDGE('',*,*,#7080,.T.);
#9102=ORIENTED_EDGE('',*,*,#7076,.F.);
#9103=ORIENTED_EDGE('',*,*,#7081,.F.);
#9104=ORIENTED_EDGE('',*,*,#6676,.T.);
#9105=ORIENTED_EDGE('',*,*,#7082,.T.);
#9106=ORIENTED_EDGE('',*,*,#7079,.F.);
#9107=ORIENTED_EDGE('',*,*,#7083,.F.);
#9108=ORIENTED_EDGE('',*,*,#7084,.T.);
#9109=ORIENTED_EDGE('',*,*,#7085,.T.);
#9110=ORIENTED_EDGE('',*,*,#6686,.F.);
#9111=ORIENTED_EDGE('',*,*,#7086,.F.);
#9112=ORIENTED_EDGE('',*,*,#7087,.T.);
#9113=ORIENTED_EDGE('',*,*,#7088,.T.);
#9114=ORIENTED_EDGE('',*,*,#7084,.F.);
#9115=ORIENTED_EDGE('',*,*,#7089,.F.);
#9116=ORIENTED_EDGE('',*,*,#6680,.T.);
#9117=ORIENTED_EDGE('',*,*,#7090,.T.);
#9118=ORIENTED_EDGE('',*,*,#7087,.F.);
#9119=ORIENTED_EDGE('',*,*,#7091,.F.);
#9120=ORIENTED_EDGE('',*,*,#7092,.T.);
#9121=ORIENTED_EDGE('',*,*,#7093,.T.);
#9122=ORIENTED_EDGE('',*,*,#6690,.F.);
#9123=ORIENTED_EDGE('',*,*,#7094,.F.);
#9124=ORIENTED_EDGE('',*,*,#7095,.T.);
#9125=ORIENTED_EDGE('',*,*,#7096,.T.);
#9126=ORIENTED_EDGE('',*,*,#7092,.F.);
#9127=ORIENTED_EDGE('',*,*,#7097,.F.);
#9128=ORIENTED_EDGE('',*,*,#6684,.T.);
#9129=ORIENTED_EDGE('',*,*,#7098,.T.);
#9130=ORIENTED_EDGE('',*,*,#7095,.F.);
#9131=ORIENTED_EDGE('',*,*,#7099,.F.);
#9132=ORIENTED_EDGE('',*,*,#7100,.T.);
#9133=ORIENTED_EDGE('',*,*,#7101,.T.);
#9134=ORIENTED_EDGE('',*,*,#6694,.F.);
#9135=ORIENTED_EDGE('',*,*,#7102,.F.);
#9136=ORIENTED_EDGE('',*,*,#7103,.T.);
#9137=ORIENTED_EDGE('',*,*,#7104,.T.);
#9138=ORIENTED_EDGE('',*,*,#7100,.F.);
#9139=ORIENTED_EDGE('',*,*,#7105,.F.);
#9140=ORIENTED_EDGE('',*,*,#6688,.T.);
#9141=ORIENTED_EDGE('',*,*,#7106,.T.);
#9142=ORIENTED_EDGE('',*,*,#7103,.F.);
#9143=ORIENTED_EDGE('',*,*,#7107,.F.);
#9144=ORIENTED_EDGE('',*,*,#7108,.T.);
#9145=ORIENTED_EDGE('',*,*,#7109,.T.);
#9146=ORIENTED_EDGE('',*,*,#6698,.F.);
#9147=ORIENTED_EDGE('',*,*,#7110,.F.);
#9148=ORIENTED_EDGE('',*,*,#7111,.T.);
#9149=ORIENTED_EDGE('',*,*,#7112,.T.);
#9150=ORIENTED_EDGE('',*,*,#7108,.F.);
#9151=ORIENTED_EDGE('',*,*,#7113,.F.);
#9152=ORIENTED_EDGE('',*,*,#6692,.T.);
#9153=ORIENTED_EDGE('',*,*,#7114,.T.);
#9154=ORIENTED_EDGE('',*,*,#7111,.F.);
#9155=ORIENTED_EDGE('',*,*,#7115,.F.);
#9156=ORIENTED_EDGE('',*,*,#7116,.T.);
#9157=ORIENTED_EDGE('',*,*,#7117,.T.);
#9158=ORIENTED_EDGE('',*,*,#6702,.F.);
#9159=ORIENTED_EDGE('',*,*,#7118,.F.);
#9160=ORIENTED_EDGE('',*,*,#7119,.T.);
#9161=ORIENTED_EDGE('',*,*,#7120,.T.);
#9162=ORIENTED_EDGE('',*,*,#7116,.F.);
#9163=ORIENTED_EDGE('',*,*,#7121,.F.);
#9164=ORIENTED_EDGE('',*,*,#6696,.T.);
#9165=ORIENTED_EDGE('',*,*,#7122,.T.);
#9166=ORIENTED_EDGE('',*,*,#7119,.F.);
#9167=ORIENTED_EDGE('',*,*,#7123,.F.);
#9168=ORIENTED_EDGE('',*,*,#7124,.T.);
#9169=ORIENTED_EDGE('',*,*,#7125,.T.);
#9170=ORIENTED_EDGE('',*,*,#6706,.F.);
#9171=ORIENTED_EDGE('',*,*,#7126,.F.);
#9172=ORIENTED_EDGE('',*,*,#7127,.T.);
#9173=ORIENTED_EDGE('',*,*,#7128,.T.);
#9174=ORIENTED_EDGE('',*,*,#7124,.F.);
#9175=ORIENTED_EDGE('',*,*,#7129,.F.);
#9176=ORIENTED_EDGE('',*,*,#6700,.T.);
#9177=ORIENTED_EDGE('',*,*,#7130,.T.);
#9178=ORIENTED_EDGE('',*,*,#7127,.F.);
#9179=ORIENTED_EDGE('',*,*,#7131,.F.);
#9180=ORIENTED_EDGE('',*,*,#7132,.T.);
#9181=ORIENTED_EDGE('',*,*,#7133,.T.);
#9182=ORIENTED_EDGE('',*,*,#6710,.F.);
#9183=ORIENTED_EDGE('',*,*,#7134,.F.);
#9184=ORIENTED_EDGE('',*,*,#7135,.T.);
#9185=ORIENTED_EDGE('',*,*,#7136,.T.);
#9186=ORIENTED_EDGE('',*,*,#7132,.F.);
#9187=ORIENTED_EDGE('',*,*,#7137,.F.);
#9188=ORIENTED_EDGE('',*,*,#6704,.T.);
#9189=ORIENTED_EDGE('',*,*,#7138,.T.);
#9190=ORIENTED_EDGE('',*,*,#7135,.F.);
#9191=ORIENTED_EDGE('',*,*,#7139,.F.);
#9192=ORIENTED_EDGE('',*,*,#7140,.T.);
#9193=ORIENTED_EDGE('',*,*,#7141,.T.);
#9194=ORIENTED_EDGE('',*,*,#6714,.F.);
#9195=ORIENTED_EDGE('',*,*,#7142,.F.);
#9196=ORIENTED_EDGE('',*,*,#7143,.T.);
#9197=ORIENTED_EDGE('',*,*,#7144,.T.);
#9198=ORIENTED_EDGE('',*,*,#7140,.F.);
#9199=ORIENTED_EDGE('',*,*,#7145,.F.);
#9200=ORIENTED_EDGE('',*,*,#6708,.T.);
#9201=ORIENTED_EDGE('',*,*,#7146,.T.);
#9202=ORIENTED_EDGE('',*,*,#7143,.F.);
#9203=ORIENTED_EDGE('',*,*,#7147,.F.);
#9204=ORIENTED_EDGE('',*,*,#7148,.T.);
#9205=ORIENTED_EDGE('',*,*,#7149,.T.);
#9206=ORIENTED_EDGE('',*,*,#6718,.F.);
#9207=ORIENTED_EDGE('',*,*,#7150,.F.);
#9208=ORIENTED_EDGE('',*,*,#7151,.T.);
#9209=ORIENTED_EDGE('',*,*,#7152,.T.);
#9210=ORIENTED_EDGE('',*,*,#7148,.F.);
#9211=ORIENTED_EDGE('',*,*,#7153,.F.);
#9212=ORIENTED_EDGE('',*,*,#6712,.T.);
#9213=ORIENTED_EDGE('',*,*,#7154,.T.);
#9214=ORIENTED_EDGE('',*,*,#7151,.F.);
#9215=ORIENTED_EDGE('',*,*,#7155,.F.);
#9216=ORIENTED_EDGE('',*,*,#7156,.T.);
#9217=ORIENTED_EDGE('',*,*,#7157,.T.);
#9218=ORIENTED_EDGE('',*,*,#6722,.F.);
#9219=ORIENTED_EDGE('',*,*,#7158,.F.);
#9220=ORIENTED_EDGE('',*,*,#7159,.T.);
#9221=ORIENTED_EDGE('',*,*,#7160,.T.);
#9222=ORIENTED_EDGE('',*,*,#7156,.F.);
#9223=ORIENTED_EDGE('',*,*,#7161,.F.);
#9224=ORIENTED_EDGE('',*,*,#6716,.T.);
#9225=ORIENTED_EDGE('',*,*,#7162,.T.);
#9226=ORIENTED_EDGE('',*,*,#7159,.F.);
#9227=ORIENTED_EDGE('',*,*,#7163,.F.);
#9228=ORIENTED_EDGE('',*,*,#7164,.T.);
#9229=ORIENTED_EDGE('',*,*,#7165,.T.);
#9230=ORIENTED_EDGE('',*,*,#6726,.F.);
#9231=ORIENTED_EDGE('',*,*,#7166,.F.);
#9232=ORIENTED_EDGE('',*,*,#7167,.T.);
#9233=ORIENTED_EDGE('',*,*,#7168,.T.);
#9234=ORIENTED_EDGE('',*,*,#7164,.F.);
#9235=ORIENTED_EDGE('',*,*,#7169,.F.);
#9236=ORIENTED_EDGE('',*,*,#6720,.T.);
#9237=ORIENTED_EDGE('',*,*,#7170,.T.);
#9238=ORIENTED_EDGE('',*,*,#7167,.F.);
#9239=ORIENTED_EDGE('',*,*,#7171,.F.);
#9240=ORIENTED_EDGE('',*,*,#7172,.T.);
#9241=ORIENTED_EDGE('',*,*,#7173,.T.);
#9242=ORIENTED_EDGE('',*,*,#6730,.F.);
#9243=ORIENTED_EDGE('',*,*,#7174,.F.);
#9244=ORIENTED_EDGE('',*,*,#7175,.T.);
#9245=ORIENTED_EDGE('',*,*,#7176,.T.);
#9246=ORIENTED_EDGE('',*,*,#7172,.F.);
#9247=ORIENTED_EDGE('',*,*,#7177,.F.);
#9248=ORIENTED_EDGE('',*,*,#6724,.T.);
#9249=ORIENTED_EDGE('',*,*,#7178,.T.);
#9250=ORIENTED_EDGE('',*,*,#7175,.F.);
#9251=ORIENTED_EDGE('',*,*,#7179,.F.);
#9252=ORIENTED_EDGE('',*,*,#7180,.T.);
#9253=ORIENTED_EDGE('',*,*,#7181,.T.);
#9254=ORIENTED_EDGE('',*,*,#6734,.F.);
#9255=ORIENTED_EDGE('',*,*,#7182,.F.);
#9256=ORIENTED_EDGE('',*,*,#7183,.T.);
#9257=ORIENTED_EDGE('',*,*,#7184,.T.);
#9258=ORIENTED_EDGE('',*,*,#7180,.F.);
#9259=ORIENTED_EDGE('',*,*,#7185,.F.);
#9260=ORIENTED_EDGE('',*,*,#6728,.T.);
#9261=ORIENTED_EDGE('',*,*,#7186,.T.);
#9262=ORIENTED_EDGE('',*,*,#7183,.F.);
#9263=ORIENTED_EDGE('',*,*,#7187,.F.);
#9264=ORIENTED_EDGE('',*,*,#7188,.T.);
#9265=ORIENTED_EDGE('',*,*,#7189,.T.);
#9266=ORIENTED_EDGE('',*,*,#6738,.F.);
#9267=ORIENTED_EDGE('',*,*,#7190,.F.);
#9268=ORIENTED_EDGE('',*,*,#7191,.T.);
#9269=ORIENTED_EDGE('',*,*,#7192,.T.);
#9270=ORIENTED_EDGE('',*,*,#7188,.F.);
#9271=ORIENTED_EDGE('',*,*,#7193,.F.);
#9272=ORIENTED_EDGE('',*,*,#6732,.T.);
#9273=ORIENTED_EDGE('',*,*,#7194,.T.);
#9274=ORIENTED_EDGE('',*,*,#7191,.F.);
#9275=ORIENTED_EDGE('',*,*,#7195,.F.);
#9276=ORIENTED_EDGE('',*,*,#7196,.T.);
#9277=ORIENTED_EDGE('',*,*,#7197,.T.);
#9278=ORIENTED_EDGE('',*,*,#6742,.F.);
#9279=ORIENTED_EDGE('',*,*,#7198,.F.);
#9280=ORIENTED_EDGE('',*,*,#7199,.T.);
#9281=ORIENTED_EDGE('',*,*,#7200,.T.);
#9282=ORIENTED_EDGE('',*,*,#7196,.F.);
#9283=ORIENTED_EDGE('',*,*,#7201,.F.);
#9284=ORIENTED_EDGE('',*,*,#6736,.T.);
#9285=ORIENTED_EDGE('',*,*,#7202,.T.);
#9286=ORIENTED_EDGE('',*,*,#7199,.F.);
#9287=ORIENTED_EDGE('',*,*,#7203,.F.);
#9288=ORIENTED_EDGE('',*,*,#7204,.T.);
#9289=ORIENTED_EDGE('',*,*,#7205,.T.);
#9290=ORIENTED_EDGE('',*,*,#6746,.F.);
#9291=ORIENTED_EDGE('',*,*,#7206,.F.);
#9292=ORIENTED_EDGE('',*,*,#7207,.T.);
#9293=ORIENTED_EDGE('',*,*,#7208,.T.);
#9294=ORIENTED_EDGE('',*,*,#7204,.F.);
#9295=ORIENTED_EDGE('',*,*,#7209,.F.);
#9296=ORIENTED_EDGE('',*,*,#6740,.T.);
#9297=ORIENTED_EDGE('',*,*,#7210,.T.);
#9298=ORIENTED_EDGE('',*,*,#7207,.F.);
#9299=ORIENTED_EDGE('',*,*,#7211,.F.);
#9300=ORIENTED_EDGE('',*,*,#7212,.T.);
#9301=ORIENTED_EDGE('',*,*,#7213,.T.);
#9302=ORIENTED_EDGE('',*,*,#6750,.F.);
#9303=ORIENTED_EDGE('',*,*,#7214,.F.);
#9304=ORIENTED_EDGE('',*,*,#7215,.T.);
#9305=ORIENTED_EDGE('',*,*,#7216,.T.);
#9306=ORIENTED_EDGE('',*,*,#7212,.F.);
#9307=ORIENTED_EDGE('',*,*,#7217,.F.);
#9308=ORIENTED_EDGE('',*,*,#6744,.T.);
#9309=ORIENTED_EDGE('',*,*,#7218,.T.);
#9310=ORIENTED_EDGE('',*,*,#7215,.F.);
#9311=ORIENTED_EDGE('',*,*,#7219,.F.);
#9312=ORIENTED_EDGE('',*,*,#7220,.T.);
#9313=ORIENTED_EDGE('',*,*,#7221,.T.);
#9314=ORIENTED_EDGE('',*,*,#6754,.F.);
#9315=ORIENTED_EDGE('',*,*,#7222,.F.);
#9316=ORIENTED_EDGE('',*,*,#7223,.T.);
#9317=ORIENTED_EDGE('',*,*,#7224,.T.);
#9318=ORIENTED_EDGE('',*,*,#7220,.F.);
#9319=ORIENTED_EDGE('',*,*,#7225,.F.);
#9320=ORIENTED_EDGE('',*,*,#6748,.T.);
#9321=ORIENTED_EDGE('',*,*,#7226,.T.);
#9322=ORIENTED_EDGE('',*,*,#7223,.F.);
#9323=ORIENTED_EDGE('',*,*,#7227,.F.);
#9324=ORIENTED_EDGE('',*,*,#7228,.T.);
#9325=ORIENTED_EDGE('',*,*,#7229,.T.);
#9326=ORIENTED_EDGE('',*,*,#6765,.F.);
#9327=ORIENTED_EDGE('',*,*,#7230,.F.);
#9328=ORIENTED_EDGE('',*,*,#7231,.T.);
#9329=ORIENTED_EDGE('',*,*,#7232,.T.);
#9330=ORIENTED_EDGE('',*,*,#7228,.F.);
#9331=ORIENTED_EDGE('',*,*,#7233,.F.);
#9332=ORIENTED_EDGE('',*,*,#6752,.T.);
#9333=ORIENTED_EDGE('',*,*,#7234,.T.);
#9334=ORIENTED_EDGE('',*,*,#7231,.F.);
#9335=ORIENTED_EDGE('',*,*,#6528,.T.);
#9336=ORIENTED_EDGE('',*,*,#7235,.F.);
#9337=ORIENTED_EDGE('',*,*,#7236,.T.);
#9338=ORIENTED_EDGE('',*,*,#7237,.T.);
#9339=ORIENTED_EDGE('',*,*,#7238,.F.);
#9340=ORIENTED_EDGE('',*,*,#7239,.T.);
#9341=ORIENTED_EDGE('',*,*,#7240,.T.);
#9342=ORIENTED_EDGE('',*,*,#7236,.F.);
#9343=ORIENTED_EDGE('',*,*,#6534,.T.);
#9344=ORIENTED_EDGE('',*,*,#7241,.T.);
#9345=ORIENTED_EDGE('',*,*,#7239,.F.);
#9346=ORIENTED_EDGE('',*,*,#7242,.F.);
#9347=ORIENTED_EDGE('',*,*,#6532,.T.);
#9348=ORIENTED_EDGE('',*,*,#7243,.F.);
#9349=ORIENTED_EDGE('',*,*,#7244,.T.);
#9350=ORIENTED_EDGE('',*,*,#7245,.T.);
#9351=ORIENTED_EDGE('',*,*,#7246,.F.);
#9352=ORIENTED_EDGE('',*,*,#7247,.T.);
#9353=ORIENTED_EDGE('',*,*,#7248,.T.);
#9354=ORIENTED_EDGE('',*,*,#7244,.F.);
#9355=ORIENTED_EDGE('',*,*,#6538,.T.);
#9356=ORIENTED_EDGE('',*,*,#7249,.T.);
#9357=ORIENTED_EDGE('',*,*,#7247,.F.);
#9358=ORIENTED_EDGE('',*,*,#7250,.F.);
#9359=ORIENTED_EDGE('',*,*,#6536,.T.);
#9360=ORIENTED_EDGE('',*,*,#7251,.F.);
#9361=ORIENTED_EDGE('',*,*,#7252,.T.);
#9362=ORIENTED_EDGE('',*,*,#7253,.T.);
#9363=ORIENTED_EDGE('',*,*,#7254,.F.);
#9364=ORIENTED_EDGE('',*,*,#7255,.T.);
#9365=ORIENTED_EDGE('',*,*,#7256,.T.);
#9366=ORIENTED_EDGE('',*,*,#7252,.F.);
#9367=ORIENTED_EDGE('',*,*,#6542,.T.);
#9368=ORIENTED_EDGE('',*,*,#7257,.T.);
#9369=ORIENTED_EDGE('',*,*,#7255,.F.);
#9370=ORIENTED_EDGE('',*,*,#7258,.F.);
#9371=ORIENTED_EDGE('',*,*,#6540,.T.);
#9372=ORIENTED_EDGE('',*,*,#7259,.F.);
#9373=ORIENTED_EDGE('',*,*,#7260,.T.);
#9374=ORIENTED_EDGE('',*,*,#7261,.T.);
#9375=ORIENTED_EDGE('',*,*,#7262,.F.);
#9376=ORIENTED_EDGE('',*,*,#7263,.T.);
#9377=ORIENTED_EDGE('',*,*,#7264,.T.);
#9378=ORIENTED_EDGE('',*,*,#7260,.F.);
#9379=ORIENTED_EDGE('',*,*,#6546,.T.);
#9380=ORIENTED_EDGE('',*,*,#7265,.T.);
#9381=ORIENTED_EDGE('',*,*,#7263,.F.);
#9382=ORIENTED_EDGE('',*,*,#7266,.F.);
#9383=ORIENTED_EDGE('',*,*,#6544,.T.);
#9384=ORIENTED_EDGE('',*,*,#7267,.F.);
#9385=ORIENTED_EDGE('',*,*,#7268,.T.);
#9386=ORIENTED_EDGE('',*,*,#7269,.T.);
#9387=ORIENTED_EDGE('',*,*,#7270,.F.);
#9388=ORIENTED_EDGE('',*,*,#7271,.T.);
#9389=ORIENTED_EDGE('',*,*,#7272,.T.);
#9390=ORIENTED_EDGE('',*,*,#7268,.F.);
#9391=ORIENTED_EDGE('',*,*,#6550,.T.);
#9392=ORIENTED_EDGE('',*,*,#7273,.T.);
#9393=ORIENTED_EDGE('',*,*,#7271,.F.);
#9394=ORIENTED_EDGE('',*,*,#7274,.F.);
#9395=ORIENTED_EDGE('',*,*,#6548,.T.);
#9396=ORIENTED_EDGE('',*,*,#7275,.F.);
#9397=ORIENTED_EDGE('',*,*,#7276,.T.);
#9398=ORIENTED_EDGE('',*,*,#7277,.T.);
#9399=ORIENTED_EDGE('',*,*,#7278,.F.);
#9400=ORIENTED_EDGE('',*,*,#7279,.T.);
#9401=ORIENTED_EDGE('',*,*,#7280,.T.);
#9402=ORIENTED_EDGE('',*,*,#7276,.F.);
#9403=ORIENTED_EDGE('',*,*,#6554,.T.);
#9404=ORIENTED_EDGE('',*,*,#7281,.T.);
#9405=ORIENTED_EDGE('',*,*,#7279,.F.);
#9406=ORIENTED_EDGE('',*,*,#7282,.F.);
#9407=ORIENTED_EDGE('',*,*,#6552,.T.);
#9408=ORIENTED_EDGE('',*,*,#7283,.F.);
#9409=ORIENTED_EDGE('',*,*,#7284,.T.);
#9410=ORIENTED_EDGE('',*,*,#7285,.T.);
#9411=ORIENTED_EDGE('',*,*,#7286,.F.);
#9412=ORIENTED_EDGE('',*,*,#7287,.T.);
#9413=ORIENTED_EDGE('',*,*,#7288,.T.);
#9414=ORIENTED_EDGE('',*,*,#7284,.F.);
#9415=ORIENTED_EDGE('',*,*,#6558,.T.);
#9416=ORIENTED_EDGE('',*,*,#7289,.T.);
#9417=ORIENTED_EDGE('',*,*,#7287,.F.);
#9418=ORIENTED_EDGE('',*,*,#7290,.F.);
#9419=ORIENTED_EDGE('',*,*,#6556,.T.);
#9420=ORIENTED_EDGE('',*,*,#7291,.F.);
#9421=ORIENTED_EDGE('',*,*,#7292,.T.);
#9422=ORIENTED_EDGE('',*,*,#7293,.T.);
#9423=ORIENTED_EDGE('',*,*,#7294,.F.);
#9424=ORIENTED_EDGE('',*,*,#7295,.T.);
#9425=ORIENTED_EDGE('',*,*,#7296,.T.);
#9426=ORIENTED_EDGE('',*,*,#7292,.F.);
#9427=ORIENTED_EDGE('',*,*,#6562,.T.);
#9428=ORIENTED_EDGE('',*,*,#7297,.T.);
#9429=ORIENTED_EDGE('',*,*,#7295,.F.);
#9430=ORIENTED_EDGE('',*,*,#7298,.F.);
#9431=ORIENTED_EDGE('',*,*,#6560,.T.);
#9432=ORIENTED_EDGE('',*,*,#7299,.F.);
#9433=ORIENTED_EDGE('',*,*,#7300,.T.);
#9434=ORIENTED_EDGE('',*,*,#7301,.T.);
#9435=ORIENTED_EDGE('',*,*,#7302,.F.);
#9436=ORIENTED_EDGE('',*,*,#7303,.T.);
#9437=ORIENTED_EDGE('',*,*,#7304,.T.);
#9438=ORIENTED_EDGE('',*,*,#7300,.F.);
#9439=ORIENTED_EDGE('',*,*,#6566,.T.);
#9440=ORIENTED_EDGE('',*,*,#7305,.T.);
#9441=ORIENTED_EDGE('',*,*,#7303,.F.);
#9442=ORIENTED_EDGE('',*,*,#7306,.F.);
#9443=ORIENTED_EDGE('',*,*,#6564,.T.);
#9444=ORIENTED_EDGE('',*,*,#7307,.F.);
#9445=ORIENTED_EDGE('',*,*,#7308,.T.);
#9446=ORIENTED_EDGE('',*,*,#7309,.T.);
#9447=ORIENTED_EDGE('',*,*,#7310,.F.);
#9448=ORIENTED_EDGE('',*,*,#7311,.T.);
#9449=ORIENTED_EDGE('',*,*,#7312,.T.);
#9450=ORIENTED_EDGE('',*,*,#7308,.F.);
#9451=ORIENTED_EDGE('',*,*,#6570,.T.);
#9452=ORIENTED_EDGE('',*,*,#7313,.T.);
#9453=ORIENTED_EDGE('',*,*,#7311,.F.);
#9454=ORIENTED_EDGE('',*,*,#7314,.F.);
#9455=ORIENTED_EDGE('',*,*,#6568,.T.);
#9456=ORIENTED_EDGE('',*,*,#7315,.F.);
#9457=ORIENTED_EDGE('',*,*,#7316,.T.);
#9458=ORIENTED_EDGE('',*,*,#7317,.T.);
#9459=ORIENTED_EDGE('',*,*,#7318,.F.);
#9460=ORIENTED_EDGE('',*,*,#7319,.T.);
#9461=ORIENTED_EDGE('',*,*,#7320,.T.);
#9462=ORIENTED_EDGE('',*,*,#7316,.F.);
#9463=ORIENTED_EDGE('',*,*,#6574,.T.);
#9464=ORIENTED_EDGE('',*,*,#7321,.T.);
#9465=ORIENTED_EDGE('',*,*,#7319,.F.);
#9466=ORIENTED_EDGE('',*,*,#7322,.F.);
#9467=ORIENTED_EDGE('',*,*,#6572,.T.);
#9468=ORIENTED_EDGE('',*,*,#7323,.F.);
#9469=ORIENTED_EDGE('',*,*,#7324,.T.);
#9470=ORIENTED_EDGE('',*,*,#7325,.T.);
#9471=ORIENTED_EDGE('',*,*,#7326,.F.);
#9472=ORIENTED_EDGE('',*,*,#7327,.T.);
#9473=ORIENTED_EDGE('',*,*,#7328,.T.);
#9474=ORIENTED_EDGE('',*,*,#7324,.F.);
#9475=ORIENTED_EDGE('',*,*,#6578,.T.);
#9476=ORIENTED_EDGE('',*,*,#7329,.T.);
#9477=ORIENTED_EDGE('',*,*,#7327,.F.);
#9478=ORIENTED_EDGE('',*,*,#7330,.F.);
#9479=ORIENTED_EDGE('',*,*,#6576,.T.);
#9480=ORIENTED_EDGE('',*,*,#7331,.F.);
#9481=ORIENTED_EDGE('',*,*,#7332,.T.);
#9482=ORIENTED_EDGE('',*,*,#7333,.T.);
#9483=ORIENTED_EDGE('',*,*,#7334,.F.);
#9484=ORIENTED_EDGE('',*,*,#7335,.T.);
#9485=ORIENTED_EDGE('',*,*,#7336,.T.);
#9486=ORIENTED_EDGE('',*,*,#7332,.F.);
#9487=ORIENTED_EDGE('',*,*,#6582,.T.);
#9488=ORIENTED_EDGE('',*,*,#7337,.T.);
#9489=ORIENTED_EDGE('',*,*,#7335,.F.);
#9490=ORIENTED_EDGE('',*,*,#7338,.F.);
#9491=ORIENTED_EDGE('',*,*,#6580,.T.);
#9492=ORIENTED_EDGE('',*,*,#7339,.F.);
#9493=ORIENTED_EDGE('',*,*,#7340,.T.);
#9494=ORIENTED_EDGE('',*,*,#7341,.T.);
#9495=ORIENTED_EDGE('',*,*,#7342,.F.);
#9496=ORIENTED_EDGE('',*,*,#7343,.T.);
#9497=ORIENTED_EDGE('',*,*,#7344,.T.);
#9498=ORIENTED_EDGE('',*,*,#7340,.F.);
#9499=ORIENTED_EDGE('',*,*,#6586,.T.);
#9500=ORIENTED_EDGE('',*,*,#7345,.T.);
#9501=ORIENTED_EDGE('',*,*,#7343,.F.);
#9502=ORIENTED_EDGE('',*,*,#7346,.F.);
#9503=ORIENTED_EDGE('',*,*,#6584,.T.);
#9504=ORIENTED_EDGE('',*,*,#7347,.F.);
#9505=ORIENTED_EDGE('',*,*,#7348,.T.);
#9506=ORIENTED_EDGE('',*,*,#7349,.T.);
#9507=ORIENTED_EDGE('',*,*,#7350,.F.);
#9508=ORIENTED_EDGE('',*,*,#7351,.T.);
#9509=ORIENTED_EDGE('',*,*,#7352,.T.);
#9510=ORIENTED_EDGE('',*,*,#7348,.F.);
#9511=ORIENTED_EDGE('',*,*,#6590,.T.);
#9512=ORIENTED_EDGE('',*,*,#7353,.T.);
#9513=ORIENTED_EDGE('',*,*,#7351,.F.);
#9514=ORIENTED_EDGE('',*,*,#7354,.F.);
#9515=ORIENTED_EDGE('',*,*,#6588,.T.);
#9516=ORIENTED_EDGE('',*,*,#7355,.F.);
#9517=ORIENTED_EDGE('',*,*,#7356,.T.);
#9518=ORIENTED_EDGE('',*,*,#7357,.T.);
#9519=ORIENTED_EDGE('',*,*,#7358,.F.);
#9520=ORIENTED_EDGE('',*,*,#7359,.T.);
#9521=ORIENTED_EDGE('',*,*,#7360,.T.);
#9522=ORIENTED_EDGE('',*,*,#7356,.F.);
#9523=ORIENTED_EDGE('',*,*,#6594,.T.);
#9524=ORIENTED_EDGE('',*,*,#7361,.T.);
#9525=ORIENTED_EDGE('',*,*,#7359,.F.);
#9526=ORIENTED_EDGE('',*,*,#7362,.F.);
#9527=ORIENTED_EDGE('',*,*,#6592,.T.);
#9528=ORIENTED_EDGE('',*,*,#7363,.F.);
#9529=ORIENTED_EDGE('',*,*,#7364,.T.);
#9530=ORIENTED_EDGE('',*,*,#7365,.T.);
#9531=ORIENTED_EDGE('',*,*,#7366,.F.);
#9532=ORIENTED_EDGE('',*,*,#7367,.T.);
#9533=ORIENTED_EDGE('',*,*,#7368,.T.);
#9534=ORIENTED_EDGE('',*,*,#7364,.F.);
#9535=ORIENTED_EDGE('',*,*,#6598,.T.);
#9536=ORIENTED_EDGE('',*,*,#7369,.T.);
#9537=ORIENTED_EDGE('',*,*,#7367,.F.);
#9538=ORIENTED_EDGE('',*,*,#7370,.F.);
#9539=ORIENTED_EDGE('',*,*,#6596,.T.);
#9540=ORIENTED_EDGE('',*,*,#7371,.F.);
#9541=ORIENTED_EDGE('',*,*,#7372,.T.);
#9542=ORIENTED_EDGE('',*,*,#7373,.T.);
#9543=ORIENTED_EDGE('',*,*,#7374,.F.);
#9544=ORIENTED_EDGE('',*,*,#7375,.T.);
#9545=ORIENTED_EDGE('',*,*,#7376,.T.);
#9546=ORIENTED_EDGE('',*,*,#7372,.F.);
#9547=ORIENTED_EDGE('',*,*,#6602,.T.);
#9548=ORIENTED_EDGE('',*,*,#7377,.T.);
#9549=ORIENTED_EDGE('',*,*,#7375,.F.);
#9550=ORIENTED_EDGE('',*,*,#7378,.F.);
#9551=ORIENTED_EDGE('',*,*,#6306,.T.);
#9552=ORIENTED_EDGE('',*,*,#7379,.T.);
#9553=ORIENTED_EDGE('',*,*,#7380,.T.);
#9554=ORIENTED_EDGE('',*,*,#7381,.F.);
#9555=ORIENTED_EDGE('',*,*,#6769,.T.);
#9556=ORIENTED_EDGE('',*,*,#7382,.F.);
#9557=ORIENTED_EDGE('',*,*,#7383,.F.);
#9558=ORIENTED_EDGE('',*,*,#7384,.T.);
#9559=ORIENTED_EDGE('',*,*,#7385,.T.);
#9560=ORIENTED_EDGE('',*,*,#7383,.T.);
#9561=ORIENTED_EDGE('',*,*,#7386,.F.);
#9562=ORIENTED_EDGE('',*,*,#7380,.F.);
#9563=ORIENTED_EDGE('',*,*,#6310,.T.);
#9564=ORIENTED_EDGE('',*,*,#7387,.T.);
#9565=ORIENTED_EDGE('',*,*,#7388,.T.);
#9566=ORIENTED_EDGE('',*,*,#7389,.F.);
#9567=ORIENTED_EDGE('',*,*,#6304,.T.);
#9568=ORIENTED_EDGE('',*,*,#7390,.F.);
#9569=ORIENTED_EDGE('',*,*,#7391,.F.);
#9570=ORIENTED_EDGE('',*,*,#7392,.T.);
#9571=ORIENTED_EDGE('',*,*,#7393,.T.);
#9572=ORIENTED_EDGE('',*,*,#7391,.T.);
#9573=ORIENTED_EDGE('',*,*,#7394,.F.);
#9574=ORIENTED_EDGE('',*,*,#7388,.F.);
#9575=ORIENTED_EDGE('',*,*,#6314,.T.);
#9576=ORIENTED_EDGE('',*,*,#7395,.T.);
#9577=ORIENTED_EDGE('',*,*,#7396,.T.);
#9578=ORIENTED_EDGE('',*,*,#7397,.F.);
#9579=ORIENTED_EDGE('',*,*,#6308,.T.);
#9580=ORIENTED_EDGE('',*,*,#7398,.F.);
#9581=ORIENTED_EDGE('',*,*,#7399,.F.);
#9582=ORIENTED_EDGE('',*,*,#7400,.T.);
#9583=ORIENTED_EDGE('',*,*,#7401,.T.);
#9584=ORIENTED_EDGE('',*,*,#7399,.T.);
#9585=ORIENTED_EDGE('',*,*,#7402,.F.);
#9586=ORIENTED_EDGE('',*,*,#7396,.F.);
#9587=ORIENTED_EDGE('',*,*,#6318,.T.);
#9588=ORIENTED_EDGE('',*,*,#7403,.T.);
#9589=ORIENTED_EDGE('',*,*,#7404,.T.);
#9590=ORIENTED_EDGE('',*,*,#7405,.F.);
#9591=ORIENTED_EDGE('',*,*,#6312,.T.);
#9592=ORIENTED_EDGE('',*,*,#7406,.F.);
#9593=ORIENTED_EDGE('',*,*,#7407,.F.);
#9594=ORIENTED_EDGE('',*,*,#7408,.T.);
#9595=ORIENTED_EDGE('',*,*,#7409,.T.);
#9596=ORIENTED_EDGE('',*,*,#7407,.T.);
#9597=ORIENTED_EDGE('',*,*,#7410,.F.);
#9598=ORIENTED_EDGE('',*,*,#7404,.F.);
#9599=ORIENTED_EDGE('',*,*,#6322,.T.);
#9600=ORIENTED_EDGE('',*,*,#7411,.T.);
#9601=ORIENTED_EDGE('',*,*,#7412,.T.);
#9602=ORIENTED_EDGE('',*,*,#7413,.F.);
#9603=ORIENTED_EDGE('',*,*,#6316,.T.);
#9604=ORIENTED_EDGE('',*,*,#7414,.F.);
#9605=ORIENTED_EDGE('',*,*,#7415,.F.);
#9606=ORIENTED_EDGE('',*,*,#7416,.T.);
#9607=ORIENTED_EDGE('',*,*,#7417,.T.);
#9608=ORIENTED_EDGE('',*,*,#7415,.T.);
#9609=ORIENTED_EDGE('',*,*,#7418,.F.);
#9610=ORIENTED_EDGE('',*,*,#7412,.F.);
#9611=ORIENTED_EDGE('',*,*,#6326,.T.);
#9612=ORIENTED_EDGE('',*,*,#7419,.T.);
#9613=ORIENTED_EDGE('',*,*,#7420,.T.);
#9614=ORIENTED_EDGE('',*,*,#7421,.F.);
#9615=ORIENTED_EDGE('',*,*,#6320,.T.);
#9616=ORIENTED_EDGE('',*,*,#7422,.F.);
#9617=ORIENTED_EDGE('',*,*,#7423,.F.);
#9618=ORIENTED_EDGE('',*,*,#7424,.T.);
#9619=ORIENTED_EDGE('',*,*,#7425,.T.);
#9620=ORIENTED_EDGE('',*,*,#7423,.T.);
#9621=ORIENTED_EDGE('',*,*,#7426,.F.);
#9622=ORIENTED_EDGE('',*,*,#7420,.F.);
#9623=ORIENTED_EDGE('',*,*,#6330,.T.);
#9624=ORIENTED_EDGE('',*,*,#7427,.T.);
#9625=ORIENTED_EDGE('',*,*,#7428,.T.);
#9626=ORIENTED_EDGE('',*,*,#7429,.F.);
#9627=ORIENTED_EDGE('',*,*,#6324,.T.);
#9628=ORIENTED_EDGE('',*,*,#7430,.F.);
#9629=ORIENTED_EDGE('',*,*,#7431,.F.);
#9630=ORIENTED_EDGE('',*,*,#7432,.T.);
#9631=ORIENTED_EDGE('',*,*,#7433,.T.);
#9632=ORIENTED_EDGE('',*,*,#7431,.T.);
#9633=ORIENTED_EDGE('',*,*,#7434,.F.);
#9634=ORIENTED_EDGE('',*,*,#7428,.F.);
#9635=ORIENTED_EDGE('',*,*,#6334,.T.);
#9636=ORIENTED_EDGE('',*,*,#7435,.T.);
#9637=ORIENTED_EDGE('',*,*,#7436,.T.);
#9638=ORIENTED_EDGE('',*,*,#7437,.F.);
#9639=ORIENTED_EDGE('',*,*,#6328,.T.);
#9640=ORIENTED_EDGE('',*,*,#7438,.F.);
#9641=ORIENTED_EDGE('',*,*,#7439,.F.);
#9642=ORIENTED_EDGE('',*,*,#7440,.T.);
#9643=ORIENTED_EDGE('',*,*,#7441,.T.);
#9644=ORIENTED_EDGE('',*,*,#7439,.T.);
#9645=ORIENTED_EDGE('',*,*,#7442,.F.);
#9646=ORIENTED_EDGE('',*,*,#7436,.F.);
#9647=ORIENTED_EDGE('',*,*,#6338,.T.);
#9648=ORIENTED_EDGE('',*,*,#7443,.T.);
#9649=ORIENTED_EDGE('',*,*,#7444,.T.);
#9650=ORIENTED_EDGE('',*,*,#7445,.F.);
#9651=ORIENTED_EDGE('',*,*,#6332,.T.);
#9652=ORIENTED_EDGE('',*,*,#7446,.F.);
#9653=ORIENTED_EDGE('',*,*,#7447,.F.);
#9654=ORIENTED_EDGE('',*,*,#7448,.T.);
#9655=ORIENTED_EDGE('',*,*,#7449,.T.);
#9656=ORIENTED_EDGE('',*,*,#7447,.T.);
#9657=ORIENTED_EDGE('',*,*,#7450,.F.);
#9658=ORIENTED_EDGE('',*,*,#7444,.F.);
#9659=ORIENTED_EDGE('',*,*,#6342,.T.);
#9660=ORIENTED_EDGE('',*,*,#7451,.T.);
#9661=ORIENTED_EDGE('',*,*,#7452,.T.);
#9662=ORIENTED_EDGE('',*,*,#7453,.F.);
#9663=ORIENTED_EDGE('',*,*,#6336,.T.);
#9664=ORIENTED_EDGE('',*,*,#7454,.F.);
#9665=ORIENTED_EDGE('',*,*,#7455,.F.);
#9666=ORIENTED_EDGE('',*,*,#7456,.T.);
#9667=ORIENTED_EDGE('',*,*,#7457,.T.);
#9668=ORIENTED_EDGE('',*,*,#7455,.T.);
#9669=ORIENTED_EDGE('',*,*,#7458,.F.);
#9670=ORIENTED_EDGE('',*,*,#7452,.F.);
#9671=ORIENTED_EDGE('',*,*,#6346,.T.);
#9672=ORIENTED_EDGE('',*,*,#7459,.T.);
#9673=ORIENTED_EDGE('',*,*,#7460,.T.);
#9674=ORIENTED_EDGE('',*,*,#7461,.F.);
#9675=ORIENTED_EDGE('',*,*,#6340,.T.);
#9676=ORIENTED_EDGE('',*,*,#7462,.F.);
#9677=ORIENTED_EDGE('',*,*,#7463,.F.);
#9678=ORIENTED_EDGE('',*,*,#7464,.T.);
#9679=ORIENTED_EDGE('',*,*,#7465,.T.);
#9680=ORIENTED_EDGE('',*,*,#7463,.T.);
#9681=ORIENTED_EDGE('',*,*,#7466,.F.);
#9682=ORIENTED_EDGE('',*,*,#7460,.F.);
#9683=ORIENTED_EDGE('',*,*,#6350,.T.);
#9684=ORIENTED_EDGE('',*,*,#7467,.T.);
#9685=ORIENTED_EDGE('',*,*,#7468,.T.);
#9686=ORIENTED_EDGE('',*,*,#7469,.F.);
#9687=ORIENTED_EDGE('',*,*,#6344,.T.);
#9688=ORIENTED_EDGE('',*,*,#7470,.F.);
#9689=ORIENTED_EDGE('',*,*,#7471,.F.);
#9690=ORIENTED_EDGE('',*,*,#7472,.T.);
#9691=ORIENTED_EDGE('',*,*,#7473,.T.);
#9692=ORIENTED_EDGE('',*,*,#7471,.T.);
#9693=ORIENTED_EDGE('',*,*,#7474,.F.);
#9694=ORIENTED_EDGE('',*,*,#7468,.F.);
#9695=ORIENTED_EDGE('',*,*,#6354,.T.);
#9696=ORIENTED_EDGE('',*,*,#7475,.T.);
#9697=ORIENTED_EDGE('',*,*,#7476,.T.);
#9698=ORIENTED_EDGE('',*,*,#7477,.F.);
#9699=ORIENTED_EDGE('',*,*,#6348,.T.);
#9700=ORIENTED_EDGE('',*,*,#7478,.F.);
#9701=ORIENTED_EDGE('',*,*,#7479,.F.);
#9702=ORIENTED_EDGE('',*,*,#7480,.T.);
#9703=ORIENTED_EDGE('',*,*,#7481,.T.);
#9704=ORIENTED_EDGE('',*,*,#7479,.T.);
#9705=ORIENTED_EDGE('',*,*,#7482,.F.);
#9706=ORIENTED_EDGE('',*,*,#7476,.F.);
#9707=ORIENTED_EDGE('',*,*,#6358,.T.);
#9708=ORIENTED_EDGE('',*,*,#7483,.T.);
#9709=ORIENTED_EDGE('',*,*,#7484,.T.);
#9710=ORIENTED_EDGE('',*,*,#7485,.F.);
#9711=ORIENTED_EDGE('',*,*,#6352,.T.);
#9712=ORIENTED_EDGE('',*,*,#7486,.F.);
#9713=ORIENTED_EDGE('',*,*,#7487,.F.);
#9714=ORIENTED_EDGE('',*,*,#7488,.T.);
#9715=ORIENTED_EDGE('',*,*,#7489,.T.);
#9716=ORIENTED_EDGE('',*,*,#7487,.T.);
#9717=ORIENTED_EDGE('',*,*,#7490,.F.);
#9718=ORIENTED_EDGE('',*,*,#7484,.F.);
#9719=ORIENTED_EDGE('',*,*,#6362,.T.);
#9720=ORIENTED_EDGE('',*,*,#7491,.T.);
#9721=ORIENTED_EDGE('',*,*,#7492,.T.);
#9722=ORIENTED_EDGE('',*,*,#7493,.F.);
#9723=ORIENTED_EDGE('',*,*,#6356,.T.);
#9724=ORIENTED_EDGE('',*,*,#7494,.F.);
#9725=ORIENTED_EDGE('',*,*,#7495,.F.);
#9726=ORIENTED_EDGE('',*,*,#7496,.T.);
#9727=ORIENTED_EDGE('',*,*,#7497,.T.);
#9728=ORIENTED_EDGE('',*,*,#7495,.T.);
#9729=ORIENTED_EDGE('',*,*,#7498,.F.);
#9730=ORIENTED_EDGE('',*,*,#7492,.F.);
#9731=ORIENTED_EDGE('',*,*,#6366,.T.);
#9732=ORIENTED_EDGE('',*,*,#7499,.T.);
#9733=ORIENTED_EDGE('',*,*,#7500,.T.);
#9734=ORIENTED_EDGE('',*,*,#7501,.F.);
#9735=ORIENTED_EDGE('',*,*,#6360,.T.);
#9736=ORIENTED_EDGE('',*,*,#7502,.F.);
#9737=ORIENTED_EDGE('',*,*,#7503,.F.);
#9738=ORIENTED_EDGE('',*,*,#7504,.T.);
#9739=ORIENTED_EDGE('',*,*,#7505,.T.);
#9740=ORIENTED_EDGE('',*,*,#7503,.T.);
#9741=ORIENTED_EDGE('',*,*,#7506,.F.);
#9742=ORIENTED_EDGE('',*,*,#7500,.F.);
#9743=ORIENTED_EDGE('',*,*,#6370,.T.);
#9744=ORIENTED_EDGE('',*,*,#7507,.T.);
#9745=ORIENTED_EDGE('',*,*,#7508,.T.);
#9746=ORIENTED_EDGE('',*,*,#7509,.F.);
#9747=ORIENTED_EDGE('',*,*,#6364,.T.);
#9748=ORIENTED_EDGE('',*,*,#7510,.F.);
#9749=ORIENTED_EDGE('',*,*,#7511,.F.);
#9750=ORIENTED_EDGE('',*,*,#7512,.T.);
#9751=ORIENTED_EDGE('',*,*,#7513,.T.);
#9752=ORIENTED_EDGE('',*,*,#7511,.T.);
#9753=ORIENTED_EDGE('',*,*,#7514,.F.);
#9754=ORIENTED_EDGE('',*,*,#7508,.F.);
#9755=ORIENTED_EDGE('',*,*,#6374,.T.);
#9756=ORIENTED_EDGE('',*,*,#7515,.T.);
#9757=ORIENTED_EDGE('',*,*,#7516,.T.);
#9758=ORIENTED_EDGE('',*,*,#7517,.F.);
#9759=ORIENTED_EDGE('',*,*,#6368,.T.);
#9760=ORIENTED_EDGE('',*,*,#7518,.F.);
#9761=ORIENTED_EDGE('',*,*,#7519,.F.);
#9762=ORIENTED_EDGE('',*,*,#7520,.T.);
#9763=ORIENTED_EDGE('',*,*,#7521,.T.);
#9764=ORIENTED_EDGE('',*,*,#7519,.T.);
#9765=ORIENTED_EDGE('',*,*,#7522,.F.);
#9766=ORIENTED_EDGE('',*,*,#7516,.F.);
#9767=ORIENTED_EDGE('',*,*,#6372,.T.);
#9768=ORIENTED_EDGE('',*,*,#7523,.F.);
#9769=ORIENTED_EDGE('',*,*,#7524,.F.);
#9770=ORIENTED_EDGE('',*,*,#7525,.T.);
#9771=ORIENTED_EDGE('',*,*,#7526,.T.);
#9772=ORIENTED_EDGE('',*,*,#7524,.T.);
#9773=ORIENTED_EDGE('',*,*,#7527,.F.);
#9774=ORIENTED_EDGE('',*,*,#7528,.F.);
#9775=ORIENTED_EDGE('',*,*,#7529,.T.);
#9776=ORIENTED_EDGE('',*,*,#7528,.T.);
#9777=ORIENTED_EDGE('',*,*,#7530,.F.);
#9778=ORIENTED_EDGE('',*,*,#6154,.F.);
#9779=ORIENTED_EDGE('',*,*,#7531,.T.);
#9780=ORIENTED_EDGE('',*,*,#6152,.T.);
#9781=ORIENTED_EDGE('',*,*,#7532,.F.);
#9782=ORIENTED_EDGE('',*,*,#7533,.F.);
#9783=ORIENTED_EDGE('',*,*,#7534,.T.);
#9784=ORIENTED_EDGE('',*,*,#7533,.T.);
#9785=ORIENTED_EDGE('',*,*,#7535,.F.);
#9786=ORIENTED_EDGE('',*,*,#7536,.F.);
#9787=ORIENTED_EDGE('',*,*,#7537,.T.);
#9788=ORIENTED_EDGE('',*,*,#7536,.T.);
#9789=ORIENTED_EDGE('',*,*,#7538,.F.);
#9790=ORIENTED_EDGE('',*,*,#6158,.F.);
#9791=ORIENTED_EDGE('',*,*,#7539,.T.);
#9792=ORIENTED_EDGE('',*,*,#6156,.T.);
#9793=ORIENTED_EDGE('',*,*,#7540,.F.);
#9794=ORIENTED_EDGE('',*,*,#7541,.F.);
#9795=ORIENTED_EDGE('',*,*,#7542,.T.);
#9796=ORIENTED_EDGE('',*,*,#7541,.T.);
#9797=ORIENTED_EDGE('',*,*,#7543,.F.);
#9798=ORIENTED_EDGE('',*,*,#7544,.F.);
#9799=ORIENTED_EDGE('',*,*,#7545,.T.);
#9800=ORIENTED_EDGE('',*,*,#7544,.T.);
#9801=ORIENTED_EDGE('',*,*,#7546,.F.);
#9802=ORIENTED_EDGE('',*,*,#6162,.F.);
#9803=ORIENTED_EDGE('',*,*,#7547,.T.);
#9804=ORIENTED_EDGE('',*,*,#6160,.T.);
#9805=ORIENTED_EDGE('',*,*,#7548,.F.);
#9806=ORIENTED_EDGE('',*,*,#7549,.F.);
#9807=ORIENTED_EDGE('',*,*,#7550,.T.);
#9808=ORIENTED_EDGE('',*,*,#7549,.T.);
#9809=ORIENTED_EDGE('',*,*,#7551,.F.);
#9810=ORIENTED_EDGE('',*,*,#7552,.F.);
#9811=ORIENTED_EDGE('',*,*,#7553,.T.);
#9812=ORIENTED_EDGE('',*,*,#7552,.T.);
#9813=ORIENTED_EDGE('',*,*,#7554,.F.);
#9814=ORIENTED_EDGE('',*,*,#6166,.F.);
#9815=ORIENTED_EDGE('',*,*,#7555,.T.);
#9816=ORIENTED_EDGE('',*,*,#6164,.T.);
#9817=ORIENTED_EDGE('',*,*,#7556,.F.);
#9818=ORIENTED_EDGE('',*,*,#7557,.F.);
#9819=ORIENTED_EDGE('',*,*,#7558,.T.);
#9820=ORIENTED_EDGE('',*,*,#7557,.T.);
#9821=ORIENTED_EDGE('',*,*,#7559,.F.);
#9822=ORIENTED_EDGE('',*,*,#7560,.F.);
#9823=ORIENTED_EDGE('',*,*,#7561,.T.);
#9824=ORIENTED_EDGE('',*,*,#7560,.T.);
#9825=ORIENTED_EDGE('',*,*,#7562,.F.);
#9826=ORIENTED_EDGE('',*,*,#6170,.F.);
#9827=ORIENTED_EDGE('',*,*,#7563,.T.);
#9828=ORIENTED_EDGE('',*,*,#6168,.T.);
#9829=ORIENTED_EDGE('',*,*,#7564,.F.);
#9830=ORIENTED_EDGE('',*,*,#7565,.F.);
#9831=ORIENTED_EDGE('',*,*,#7566,.T.);
#9832=ORIENTED_EDGE('',*,*,#7565,.T.);
#9833=ORIENTED_EDGE('',*,*,#7567,.F.);
#9834=ORIENTED_EDGE('',*,*,#7568,.F.);
#9835=ORIENTED_EDGE('',*,*,#7569,.T.);
#9836=ORIENTED_EDGE('',*,*,#7568,.T.);
#9837=ORIENTED_EDGE('',*,*,#7570,.F.);
#9838=ORIENTED_EDGE('',*,*,#6174,.F.);
#9839=ORIENTED_EDGE('',*,*,#7571,.T.);
#9840=ORIENTED_EDGE('',*,*,#6172,.T.);
#9841=ORIENTED_EDGE('',*,*,#7572,.F.);
#9842=ORIENTED_EDGE('',*,*,#7573,.F.);
#9843=ORIENTED_EDGE('',*,*,#7574,.T.);
#9844=ORIENTED_EDGE('',*,*,#7573,.T.);
#9845=ORIENTED_EDGE('',*,*,#7575,.F.);
#9846=ORIENTED_EDGE('',*,*,#7576,.F.);
#9847=ORIENTED_EDGE('',*,*,#7577,.T.);
#9848=ORIENTED_EDGE('',*,*,#7576,.T.);
#9849=ORIENTED_EDGE('',*,*,#7578,.F.);
#9850=ORIENTED_EDGE('',*,*,#6178,.F.);
#9851=ORIENTED_EDGE('',*,*,#7579,.T.);
#9852=ORIENTED_EDGE('',*,*,#6176,.T.);
#9853=ORIENTED_EDGE('',*,*,#7580,.F.);
#9854=ORIENTED_EDGE('',*,*,#7581,.F.);
#9855=ORIENTED_EDGE('',*,*,#7582,.T.);
#9856=ORIENTED_EDGE('',*,*,#7581,.T.);
#9857=ORIENTED_EDGE('',*,*,#7583,.F.);
#9858=ORIENTED_EDGE('',*,*,#7584,.F.);
#9859=ORIENTED_EDGE('',*,*,#7585,.T.);
#9860=ORIENTED_EDGE('',*,*,#7584,.T.);
#9861=ORIENTED_EDGE('',*,*,#7586,.F.);
#9862=ORIENTED_EDGE('',*,*,#6182,.F.);
#9863=ORIENTED_EDGE('',*,*,#7587,.T.);
#9864=ORIENTED_EDGE('',*,*,#6180,.T.);
#9865=ORIENTED_EDGE('',*,*,#7588,.F.);
#9866=ORIENTED_EDGE('',*,*,#7589,.F.);
#9867=ORIENTED_EDGE('',*,*,#7590,.T.);
#9868=ORIENTED_EDGE('',*,*,#7589,.T.);
#9869=ORIENTED_EDGE('',*,*,#7591,.F.);
#9870=ORIENTED_EDGE('',*,*,#7592,.F.);
#9871=ORIENTED_EDGE('',*,*,#7593,.T.);
#9872=ORIENTED_EDGE('',*,*,#7592,.T.);
#9873=ORIENTED_EDGE('',*,*,#7594,.F.);
#9874=ORIENTED_EDGE('',*,*,#6186,.F.);
#9875=ORIENTED_EDGE('',*,*,#7595,.T.);
#9876=ORIENTED_EDGE('',*,*,#6184,.T.);
#9877=ORIENTED_EDGE('',*,*,#7596,.F.);
#9878=ORIENTED_EDGE('',*,*,#7597,.F.);
#9879=ORIENTED_EDGE('',*,*,#7598,.T.);
#9880=ORIENTED_EDGE('',*,*,#7597,.T.);
#9881=ORIENTED_EDGE('',*,*,#7599,.F.);
#9882=ORIENTED_EDGE('',*,*,#7600,.F.);
#9883=ORIENTED_EDGE('',*,*,#7601,.T.);
#9884=ORIENTED_EDGE('',*,*,#7600,.T.);
#9885=ORIENTED_EDGE('',*,*,#7602,.F.);
#9886=ORIENTED_EDGE('',*,*,#6190,.F.);
#9887=ORIENTED_EDGE('',*,*,#7603,.T.);
#9888=ORIENTED_EDGE('',*,*,#6188,.T.);
#9889=ORIENTED_EDGE('',*,*,#7604,.F.);
#9890=ORIENTED_EDGE('',*,*,#7605,.F.);
#9891=ORIENTED_EDGE('',*,*,#7606,.T.);
#9892=ORIENTED_EDGE('',*,*,#7605,.T.);
#9893=ORIENTED_EDGE('',*,*,#7607,.F.);
#9894=ORIENTED_EDGE('',*,*,#7608,.F.);
#9895=ORIENTED_EDGE('',*,*,#7609,.T.);
#9896=ORIENTED_EDGE('',*,*,#7608,.T.);
#9897=ORIENTED_EDGE('',*,*,#7610,.F.);
#9898=ORIENTED_EDGE('',*,*,#6194,.F.);
#9899=ORIENTED_EDGE('',*,*,#7611,.T.);
#9900=ORIENTED_EDGE('',*,*,#6192,.T.);
#9901=ORIENTED_EDGE('',*,*,#7612,.F.);
#9902=ORIENTED_EDGE('',*,*,#7613,.F.);
#9903=ORIENTED_EDGE('',*,*,#7614,.T.);
#9904=ORIENTED_EDGE('',*,*,#7613,.T.);
#9905=ORIENTED_EDGE('',*,*,#7615,.F.);
#9906=ORIENTED_EDGE('',*,*,#7616,.F.);
#9907=ORIENTED_EDGE('',*,*,#7617,.T.);
#9908=ORIENTED_EDGE('',*,*,#7616,.T.);
#9909=ORIENTED_EDGE('',*,*,#7618,.F.);
#9910=ORIENTED_EDGE('',*,*,#6198,.F.);
#9911=ORIENTED_EDGE('',*,*,#7619,.T.);
#9912=ORIENTED_EDGE('',*,*,#6196,.T.);
#9913=ORIENTED_EDGE('',*,*,#7620,.F.);
#9914=ORIENTED_EDGE('',*,*,#7621,.F.);
#9915=ORIENTED_EDGE('',*,*,#7622,.T.);
#9916=ORIENTED_EDGE('',*,*,#7621,.T.);
#9917=ORIENTED_EDGE('',*,*,#7623,.F.);
#9918=ORIENTED_EDGE('',*,*,#7624,.F.);
#9919=ORIENTED_EDGE('',*,*,#7625,.T.);
#9920=ORIENTED_EDGE('',*,*,#7624,.T.);
#9921=ORIENTED_EDGE('',*,*,#7626,.F.);
#9922=ORIENTED_EDGE('',*,*,#6202,.F.);
#9923=ORIENTED_EDGE('',*,*,#7627,.T.);
#9924=ORIENTED_EDGE('',*,*,#6200,.T.);
#9925=ORIENTED_EDGE('',*,*,#7628,.F.);
#9926=ORIENTED_EDGE('',*,*,#7629,.F.);
#9927=ORIENTED_EDGE('',*,*,#7630,.T.);
#9928=ORIENTED_EDGE('',*,*,#7629,.T.);
#9929=ORIENTED_EDGE('',*,*,#7631,.F.);
#9930=ORIENTED_EDGE('',*,*,#7632,.F.);
#9931=ORIENTED_EDGE('',*,*,#7633,.T.);
#9932=ORIENTED_EDGE('',*,*,#7632,.T.);
#9933=ORIENTED_EDGE('',*,*,#7634,.F.);
#9934=ORIENTED_EDGE('',*,*,#6206,.F.);
#9935=ORIENTED_EDGE('',*,*,#7635,.T.);
#9936=ORIENTED_EDGE('',*,*,#6204,.T.);
#9937=ORIENTED_EDGE('',*,*,#7636,.F.);
#9938=ORIENTED_EDGE('',*,*,#7637,.F.);
#9939=ORIENTED_EDGE('',*,*,#7638,.T.);
#9940=ORIENTED_EDGE('',*,*,#7637,.T.);
#9941=ORIENTED_EDGE('',*,*,#7639,.F.);
#9942=ORIENTED_EDGE('',*,*,#7640,.F.);
#9943=ORIENTED_EDGE('',*,*,#7641,.T.);
#9944=ORIENTED_EDGE('',*,*,#7640,.T.);
#9945=ORIENTED_EDGE('',*,*,#7642,.F.);
#9946=ORIENTED_EDGE('',*,*,#6210,.F.);
#9947=ORIENTED_EDGE('',*,*,#7643,.T.);
#9948=ORIENTED_EDGE('',*,*,#6208,.T.);
#9949=ORIENTED_EDGE('',*,*,#7644,.F.);
#9950=ORIENTED_EDGE('',*,*,#7645,.F.);
#9951=ORIENTED_EDGE('',*,*,#7646,.T.);
#9952=ORIENTED_EDGE('',*,*,#7645,.T.);
#9953=ORIENTED_EDGE('',*,*,#7647,.F.);
#9954=ORIENTED_EDGE('',*,*,#7648,.F.);
#9955=ORIENTED_EDGE('',*,*,#7649,.T.);
#9956=ORIENTED_EDGE('',*,*,#7648,.T.);
#9957=ORIENTED_EDGE('',*,*,#7650,.F.);
#9958=ORIENTED_EDGE('',*,*,#6214,.F.);
#9959=ORIENTED_EDGE('',*,*,#7651,.T.);
#9960=ORIENTED_EDGE('',*,*,#6212,.T.);
#9961=ORIENTED_EDGE('',*,*,#7652,.F.);
#9962=ORIENTED_EDGE('',*,*,#7653,.F.);
#9963=ORIENTED_EDGE('',*,*,#7654,.T.);
#9964=ORIENTED_EDGE('',*,*,#7653,.T.);
#9965=ORIENTED_EDGE('',*,*,#7655,.F.);
#9966=ORIENTED_EDGE('',*,*,#7656,.F.);
#9967=ORIENTED_EDGE('',*,*,#7657,.T.);
#9968=ORIENTED_EDGE('',*,*,#7656,.T.);
#9969=ORIENTED_EDGE('',*,*,#7658,.F.);
#9970=ORIENTED_EDGE('',*,*,#6218,.F.);
#9971=ORIENTED_EDGE('',*,*,#7659,.T.);
#9972=ORIENTED_EDGE('',*,*,#6216,.T.);
#9973=ORIENTED_EDGE('',*,*,#7660,.F.);
#9974=ORIENTED_EDGE('',*,*,#7661,.F.);
#9975=ORIENTED_EDGE('',*,*,#7662,.T.);
#9976=ORIENTED_EDGE('',*,*,#7661,.T.);
#9977=ORIENTED_EDGE('',*,*,#7663,.F.);
#9978=ORIENTED_EDGE('',*,*,#7664,.F.);
#9979=ORIENTED_EDGE('',*,*,#7665,.T.);
#9980=ORIENTED_EDGE('',*,*,#7664,.T.);
#9981=ORIENTED_EDGE('',*,*,#7666,.F.);
#9982=ORIENTED_EDGE('',*,*,#6222,.F.);
#9983=ORIENTED_EDGE('',*,*,#7667,.T.);
#9984=ORIENTED_EDGE('',*,*,#6220,.T.);
#9985=ORIENTED_EDGE('',*,*,#7668,.F.);
#9986=ORIENTED_EDGE('',*,*,#7669,.F.);
#9987=ORIENTED_EDGE('',*,*,#7670,.T.);
#9988=ORIENTED_EDGE('',*,*,#7669,.T.);
#9989=ORIENTED_EDGE('',*,*,#7671,.F.);
#9990=ORIENTED_EDGE('',*,*,#7672,.F.);
#9991=ORIENTED_EDGE('',*,*,#7673,.T.);
#9992=ORIENTED_EDGE('',*,*,#7672,.T.);
#9993=ORIENTED_EDGE('',*,*,#7674,.F.);
#9994=ORIENTED_EDGE('',*,*,#6226,.F.);
#9995=ORIENTED_EDGE('',*,*,#7675,.T.);
#9996=ORIENTED_EDGE('',*,*,#6224,.T.);
#9997=ORIENTED_EDGE('',*,*,#7676,.F.);
#9998=ORIENTED_EDGE('',*,*,#7677,.F.);
#9999=ORIENTED_EDGE('',*,*,#7678,.T.);
#10000=ORIENTED_EDGE('',*,*,#7677,.T.);
#10001=ORIENTED_EDGE('',*,*,#7679,.F.);
#10002=ORIENTED_EDGE('',*,*,#7680,.F.);
#10003=ORIENTED_EDGE('',*,*,#7681,.T.);
#10004=ORIENTED_EDGE('',*,*,#7680,.T.);
#10005=ORIENTED_EDGE('',*,*,#7682,.F.);
#10006=ORIENTED_EDGE('',*,*,#6230,.F.);
#10007=ORIENTED_EDGE('',*,*,#7683,.T.);
#10008=ORIENTED_EDGE('',*,*,#6228,.T.);
#10009=ORIENTED_EDGE('',*,*,#7684,.F.);
#10010=ORIENTED_EDGE('',*,*,#7685,.F.);
#10011=ORIENTED_EDGE('',*,*,#7686,.T.);
#10012=ORIENTED_EDGE('',*,*,#7685,.T.);
#10013=ORIENTED_EDGE('',*,*,#7687,.F.);
#10014=ORIENTED_EDGE('',*,*,#7688,.F.);
#10015=ORIENTED_EDGE('',*,*,#7689,.T.);
#10016=ORIENTED_EDGE('',*,*,#7688,.T.);
#10017=ORIENTED_EDGE('',*,*,#7690,.F.);
#10018=ORIENTED_EDGE('',*,*,#6234,.F.);
#10019=ORIENTED_EDGE('',*,*,#7691,.T.);
#10020=ORIENTED_EDGE('',*,*,#6232,.T.);
#10021=ORIENTED_EDGE('',*,*,#7692,.F.);
#10022=ORIENTED_EDGE('',*,*,#7693,.F.);
#10023=ORIENTED_EDGE('',*,*,#7694,.T.);
#10024=ORIENTED_EDGE('',*,*,#7693,.T.);
#10025=ORIENTED_EDGE('',*,*,#7695,.F.);
#10026=ORIENTED_EDGE('',*,*,#7696,.F.);
#10027=ORIENTED_EDGE('',*,*,#7697,.T.);
#10028=ORIENTED_EDGE('',*,*,#7696,.T.);
#10029=ORIENTED_EDGE('',*,*,#7698,.F.);
#10030=ORIENTED_EDGE('',*,*,#6238,.F.);
#10031=ORIENTED_EDGE('',*,*,#7699,.T.);
#10032=ORIENTED_EDGE('',*,*,#6236,.T.);
#10033=ORIENTED_EDGE('',*,*,#7700,.F.);
#10034=ORIENTED_EDGE('',*,*,#7701,.F.);
#10035=ORIENTED_EDGE('',*,*,#7702,.T.);
#10036=ORIENTED_EDGE('',*,*,#7701,.T.);
#10037=ORIENTED_EDGE('',*,*,#7703,.F.);
#10038=ORIENTED_EDGE('',*,*,#7704,.F.);
#10039=ORIENTED_EDGE('',*,*,#7705,.T.);
#10040=ORIENTED_EDGE('',*,*,#7704,.T.);
#10041=ORIENTED_EDGE('',*,*,#7706,.F.);
#10042=ORIENTED_EDGE('',*,*,#6242,.F.);
#10043=ORIENTED_EDGE('',*,*,#7707,.T.);
#10044=ORIENTED_EDGE('',*,*,#6240,.T.);
#10045=ORIENTED_EDGE('',*,*,#7708,.F.);
#10046=ORIENTED_EDGE('',*,*,#7709,.F.);
#10047=ORIENTED_EDGE('',*,*,#7710,.T.);
#10048=ORIENTED_EDGE('',*,*,#7709,.T.);
#10049=ORIENTED_EDGE('',*,*,#7711,.F.);
#10050=ORIENTED_EDGE('',*,*,#7712,.F.);
#10051=ORIENTED_EDGE('',*,*,#7713,.T.);
#10052=ORIENTED_EDGE('',*,*,#7712,.T.);
#10053=ORIENTED_EDGE('',*,*,#7714,.F.);
#10054=ORIENTED_EDGE('',*,*,#6246,.F.);
#10055=ORIENTED_EDGE('',*,*,#7715,.T.);
#10056=ORIENTED_EDGE('',*,*,#6244,.T.);
#10057=ORIENTED_EDGE('',*,*,#7716,.F.);
#10058=ORIENTED_EDGE('',*,*,#7717,.F.);
#10059=ORIENTED_EDGE('',*,*,#7718,.T.);
#10060=ORIENTED_EDGE('',*,*,#7717,.T.);
#10061=ORIENTED_EDGE('',*,*,#7719,.F.);
#10062=ORIENTED_EDGE('',*,*,#7720,.F.);
#10063=ORIENTED_EDGE('',*,*,#7721,.T.);
#10064=ORIENTED_EDGE('',*,*,#7720,.T.);
#10065=ORIENTED_EDGE('',*,*,#7722,.F.);
#10066=ORIENTED_EDGE('',*,*,#6250,.F.);
#10067=ORIENTED_EDGE('',*,*,#7723,.T.);
#10068=ORIENTED_EDGE('',*,*,#6248,.T.);
#10069=ORIENTED_EDGE('',*,*,#7724,.F.);
#10070=ORIENTED_EDGE('',*,*,#7725,.F.);
#10071=ORIENTED_EDGE('',*,*,#7726,.T.);
#10072=ORIENTED_EDGE('',*,*,#7725,.T.);
#10073=ORIENTED_EDGE('',*,*,#7727,.F.);
#10074=ORIENTED_EDGE('',*,*,#7728,.F.);
#10075=ORIENTED_EDGE('',*,*,#7729,.T.);
#10076=ORIENTED_EDGE('',*,*,#7728,.T.);
#10077=ORIENTED_EDGE('',*,*,#7730,.F.);
#10078=ORIENTED_EDGE('',*,*,#6254,.F.);
#10079=ORIENTED_EDGE('',*,*,#7731,.T.);
#10080=ORIENTED_EDGE('',*,*,#6252,.T.);
#10081=ORIENTED_EDGE('',*,*,#7732,.F.);
#10082=ORIENTED_EDGE('',*,*,#7733,.F.);
#10083=ORIENTED_EDGE('',*,*,#7734,.T.);
#10084=ORIENTED_EDGE('',*,*,#7733,.T.);
#10085=ORIENTED_EDGE('',*,*,#7735,.F.);
#10086=ORIENTED_EDGE('',*,*,#7736,.F.);
#10087=ORIENTED_EDGE('',*,*,#7737,.T.);
#10088=ORIENTED_EDGE('',*,*,#7736,.T.);
#10089=ORIENTED_EDGE('',*,*,#7738,.F.);
#10090=ORIENTED_EDGE('',*,*,#6258,.F.);
#10091=ORIENTED_EDGE('',*,*,#7739,.T.);
#10092=ORIENTED_EDGE('',*,*,#6256,.T.);
#10093=ORIENTED_EDGE('',*,*,#7740,.F.);
#10094=ORIENTED_EDGE('',*,*,#7741,.F.);
#10095=ORIENTED_EDGE('',*,*,#7742,.T.);
#10096=ORIENTED_EDGE('',*,*,#7741,.T.);
#10097=ORIENTED_EDGE('',*,*,#7743,.F.);
#10098=ORIENTED_EDGE('',*,*,#7744,.F.);
#10099=ORIENTED_EDGE('',*,*,#7745,.T.);
#10100=ORIENTED_EDGE('',*,*,#7744,.T.);
#10101=ORIENTED_EDGE('',*,*,#7746,.F.);
#10102=ORIENTED_EDGE('',*,*,#6262,.F.);
#10103=ORIENTED_EDGE('',*,*,#7747,.T.);
#10104=ORIENTED_EDGE('',*,*,#6260,.T.);
#10105=ORIENTED_EDGE('',*,*,#7748,.F.);
#10106=ORIENTED_EDGE('',*,*,#7749,.F.);
#10107=ORIENTED_EDGE('',*,*,#7750,.T.);
#10108=ORIENTED_EDGE('',*,*,#7749,.T.);
#10109=ORIENTED_EDGE('',*,*,#7751,.F.);
#10110=ORIENTED_EDGE('',*,*,#7752,.F.);
#10111=ORIENTED_EDGE('',*,*,#7753,.T.);
#10112=ORIENTED_EDGE('',*,*,#7752,.T.);
#10113=ORIENTED_EDGE('',*,*,#7754,.F.);
#10114=ORIENTED_EDGE('',*,*,#6266,.F.);
#10115=ORIENTED_EDGE('',*,*,#7755,.T.);
#10116=ORIENTED_EDGE('',*,*,#6264,.T.);
#10117=ORIENTED_EDGE('',*,*,#7756,.F.);
#10118=ORIENTED_EDGE('',*,*,#7757,.F.);
#10119=ORIENTED_EDGE('',*,*,#7758,.T.);
#10120=ORIENTED_EDGE('',*,*,#7757,.T.);
#10121=ORIENTED_EDGE('',*,*,#7759,.F.);
#10122=ORIENTED_EDGE('',*,*,#7760,.F.);
#10123=ORIENTED_EDGE('',*,*,#7761,.T.);
#10124=ORIENTED_EDGE('',*,*,#7760,.T.);
#10125=ORIENTED_EDGE('',*,*,#7762,.F.);
#10126=ORIENTED_EDGE('',*,*,#6270,.F.);
#10127=ORIENTED_EDGE('',*,*,#7763,.T.);
#10128=ORIENTED_EDGE('',*,*,#6268,.T.);
#10129=ORIENTED_EDGE('',*,*,#7764,.F.);
#10130=ORIENTED_EDGE('',*,*,#7765,.F.);
#10131=ORIENTED_EDGE('',*,*,#7766,.T.);
#10132=ORIENTED_EDGE('',*,*,#7765,.T.);
#10133=ORIENTED_EDGE('',*,*,#7767,.F.);
#10134=ORIENTED_EDGE('',*,*,#7768,.F.);
#10135=ORIENTED_EDGE('',*,*,#7769,.T.);
#10136=ORIENTED_EDGE('',*,*,#7768,.T.);
#10137=ORIENTED_EDGE('',*,*,#7770,.F.);
#10138=ORIENTED_EDGE('',*,*,#6274,.F.);
#10139=ORIENTED_EDGE('',*,*,#7771,.T.);
#10140=ORIENTED_EDGE('',*,*,#6272,.T.);
#10141=ORIENTED_EDGE('',*,*,#7772,.F.);
#10142=ORIENTED_EDGE('',*,*,#7773,.F.);
#10143=ORIENTED_EDGE('',*,*,#7774,.T.);
#10144=ORIENTED_EDGE('',*,*,#7773,.T.);
#10145=ORIENTED_EDGE('',*,*,#7775,.F.);
#10146=ORIENTED_EDGE('',*,*,#7776,.F.);
#10147=ORIENTED_EDGE('',*,*,#7777,.T.);
#10148=ORIENTED_EDGE('',*,*,#7776,.T.);
#10149=ORIENTED_EDGE('',*,*,#7778,.F.);
#10150=ORIENTED_EDGE('',*,*,#6278,.F.);
#10151=ORIENTED_EDGE('',*,*,#7779,.T.);
#10152=ORIENTED_EDGE('',*,*,#6276,.T.);
#10153=ORIENTED_EDGE('',*,*,#7780,.F.);
#10154=ORIENTED_EDGE('',*,*,#7781,.F.);
#10155=ORIENTED_EDGE('',*,*,#7782,.T.);
#10156=ORIENTED_EDGE('',*,*,#7781,.T.);
#10157=ORIENTED_EDGE('',*,*,#7783,.F.);
#10158=ORIENTED_EDGE('',*,*,#7784,.F.);
#10159=ORIENTED_EDGE('',*,*,#7785,.T.);
#10160=ORIENTED_EDGE('',*,*,#7784,.T.);
#10161=ORIENTED_EDGE('',*,*,#7786,.F.);
#10162=ORIENTED_EDGE('',*,*,#6282,.F.);
#10163=ORIENTED_EDGE('',*,*,#7787,.T.);
#10164=ORIENTED_EDGE('',*,*,#6280,.T.);
#10165=ORIENTED_EDGE('',*,*,#7788,.F.);
#10166=ORIENTED_EDGE('',*,*,#7789,.F.);
#10167=ORIENTED_EDGE('',*,*,#7790,.T.);
#10168=ORIENTED_EDGE('',*,*,#7789,.T.);
#10169=ORIENTED_EDGE('',*,*,#7791,.F.);
#10170=ORIENTED_EDGE('',*,*,#7792,.F.);
#10171=ORIENTED_EDGE('',*,*,#7793,.T.);
#10172=ORIENTED_EDGE('',*,*,#7792,.T.);
#10173=ORIENTED_EDGE('',*,*,#7794,.F.);
#10174=ORIENTED_EDGE('',*,*,#6286,.F.);
#10175=ORIENTED_EDGE('',*,*,#7795,.T.);
#10176=ORIENTED_EDGE('',*,*,#6284,.T.);
#10177=ORIENTED_EDGE('',*,*,#7796,.F.);
#10178=ORIENTED_EDGE('',*,*,#7797,.F.);
#10179=ORIENTED_EDGE('',*,*,#7798,.T.);
#10180=ORIENTED_EDGE('',*,*,#7797,.T.);
#10181=ORIENTED_EDGE('',*,*,#7799,.F.);
#10182=ORIENTED_EDGE('',*,*,#7800,.F.);
#10183=ORIENTED_EDGE('',*,*,#7801,.T.);
#10184=ORIENTED_EDGE('',*,*,#7800,.T.);
#10185=ORIENTED_EDGE('',*,*,#7802,.F.);
#10186=ORIENTED_EDGE('',*,*,#6290,.F.);
#10187=ORIENTED_EDGE('',*,*,#7803,.T.);
#10188=ORIENTED_EDGE('',*,*,#6288,.T.);
#10189=ORIENTED_EDGE('',*,*,#7804,.F.);
#10190=ORIENTED_EDGE('',*,*,#7805,.F.);
#10191=ORIENTED_EDGE('',*,*,#7806,.T.);
#10192=ORIENTED_EDGE('',*,*,#7805,.T.);
#10193=ORIENTED_EDGE('',*,*,#7807,.F.);
#10194=ORIENTED_EDGE('',*,*,#7808,.F.);
#10195=ORIENTED_EDGE('',*,*,#7809,.T.);
#10196=ORIENTED_EDGE('',*,*,#7808,.T.);
#10197=ORIENTED_EDGE('',*,*,#7810,.F.);
#10198=ORIENTED_EDGE('',*,*,#6294,.F.);
#10199=ORIENTED_EDGE('',*,*,#7811,.T.);
#10200=ORIENTED_EDGE('',*,*,#6292,.T.);
#10201=ORIENTED_EDGE('',*,*,#7812,.F.);
#10202=ORIENTED_EDGE('',*,*,#7813,.F.);
#10203=ORIENTED_EDGE('',*,*,#7814,.T.);
#10204=ORIENTED_EDGE('',*,*,#7813,.T.);
#10205=ORIENTED_EDGE('',*,*,#7815,.F.);
#10206=ORIENTED_EDGE('',*,*,#7816,.F.);
#10207=ORIENTED_EDGE('',*,*,#7817,.T.);
#10208=ORIENTED_EDGE('',*,*,#7816,.T.);
#10209=ORIENTED_EDGE('',*,*,#7818,.F.);
#10210=ORIENTED_EDGE('',*,*,#6298,.F.);
#10211=ORIENTED_EDGE('',*,*,#7819,.T.);
#10212=ORIENTED_EDGE('',*,*,#6296,.T.);
#10213=ORIENTED_EDGE('',*,*,#7820,.F.);
#10214=ORIENTED_EDGE('',*,*,#7821,.F.);
#10215=ORIENTED_EDGE('',*,*,#7822,.T.);
#10216=ORIENTED_EDGE('',*,*,#7821,.T.);
#10217=ORIENTED_EDGE('',*,*,#7823,.F.);
#10218=ORIENTED_EDGE('',*,*,#7824,.F.);
#10219=ORIENTED_EDGE('',*,*,#7825,.T.);
#10220=ORIENTED_EDGE('',*,*,#7824,.T.);
#10221=ORIENTED_EDGE('',*,*,#7826,.F.);
#10222=ORIENTED_EDGE('',*,*,#6302,.F.);
#10223=ORIENTED_EDGE('',*,*,#7827,.T.);
#10224=ORIENTED_EDGE('',*,*,#6300,.T.);
#10225=ORIENTED_EDGE('',*,*,#7828,.F.);
#10226=ORIENTED_EDGE('',*,*,#7829,.F.);
#10227=ORIENTED_EDGE('',*,*,#7830,.T.);
#10228=ORIENTED_EDGE('',*,*,#7829,.T.);
#10229=ORIENTED_EDGE('',*,*,#7831,.F.);
#10230=ORIENTED_EDGE('',*,*,#7832,.F.);
#10231=ORIENTED_EDGE('',*,*,#7833,.T.);
#10232=ORIENTED_EDGE('',*,*,#7832,.T.);
#10233=ORIENTED_EDGE('',*,*,#7834,.F.);
#10234=ORIENTED_EDGE('',*,*,#6761,.F.);
#10235=ORIENTED_EDGE('',*,*,#7835,.T.);
#10236=ORIENTED_EDGE('',*,*,#6759,.T.);
#10237=ORIENTED_EDGE('',*,*,#7836,.F.);
#10238=ORIENTED_EDGE('',*,*,#7837,.F.);
#10239=ORIENTED_EDGE('',*,*,#7838,.T.);
#10240=ORIENTED_EDGE('',*,*,#7837,.T.);
#10241=ORIENTED_EDGE('',*,*,#7839,.F.);
#10242=ORIENTED_EDGE('',*,*,#7840,.F.);
#10243=ORIENTED_EDGE('',*,*,#6600,.T.);
#10244=ORIENTED_EDGE('',*,*,#7841,.T.);
#10245=ORIENTED_EDGE('',*,*,#7840,.T.);
#10246=ORIENTED_EDGE('',*,*,#7842,.F.);
#10247=ORIENTED_EDGE('',*,*,#6378,.T.);
#10248=ORIENTED_EDGE('',*,*,#7843,.F.);
#10249=ORIENTED_EDGE('',*,*,#7844,.T.);
#10250=ORIENTED_EDGE('',*,*,#7845,.T.);
#10251=ORIENTED_EDGE('',*,*,#7846,.F.);
#10252=ORIENTED_EDGE('',*,*,#7847,.T.);
#10253=ORIENTED_EDGE('',*,*,#7848,.T.);
#10254=ORIENTED_EDGE('',*,*,#7844,.F.);
#10255=ORIENTED_EDGE('',*,*,#7849,.F.);
#10256=ORIENTED_EDGE('',*,*,#6763,.T.);
#10257=ORIENTED_EDGE('',*,*,#7850,.T.);
#10258=ORIENTED_EDGE('',*,*,#7847,.F.);
#10259=ORIENTED_EDGE('',*,*,#6382,.T.);
#10260=ORIENTED_EDGE('',*,*,#7851,.F.);
#10261=ORIENTED_EDGE('',*,*,#7852,.T.);
#10262=ORIENTED_EDGE('',*,*,#7853,.T.);
#10263=ORIENTED_EDGE('',*,*,#7854,.F.);
#10264=ORIENTED_EDGE('',*,*,#7855,.T.);
#10265=ORIENTED_EDGE('',*,*,#7856,.T.);
#10266=ORIENTED_EDGE('',*,*,#7852,.F.);
#10267=ORIENTED_EDGE('',*,*,#6376,.T.);
#10268=ORIENTED_EDGE('',*,*,#7857,.T.);
#10269=ORIENTED_EDGE('',*,*,#7855,.F.);
#10270=ORIENTED_EDGE('',*,*,#7858,.F.);
#10271=ORIENTED_EDGE('',*,*,#6386,.T.);
#10272=ORIENTED_EDGE('',*,*,#7859,.F.);
#10273=ORIENTED_EDGE('',*,*,#7860,.T.);
#10274=ORIENTED_EDGE('',*,*,#7861,.T.);
#10275=ORIENTED_EDGE('',*,*,#7862,.F.);
#10276=ORIENTED_EDGE('',*,*,#7863,.T.);
#10277=ORIENTED_EDGE('',*,*,#7864,.T.);
#10278=ORIENTED_EDGE('',*,*,#7860,.F.);
#10279=ORIENTED_EDGE('',*,*,#6380,.T.);
#10280=ORIENTED_EDGE('',*,*,#7865,.T.);
#10281=ORIENTED_EDGE('',*,*,#7863,.F.);
#10282=ORIENTED_EDGE('',*,*,#7866,.F.);
#10283=ORIENTED_EDGE('',*,*,#6390,.T.);
#10284=ORIENTED_EDGE('',*,*,#7867,.F.);
#10285=ORIENTED_EDGE('',*,*,#7868,.T.);
#10286=ORIENTED_EDGE('',*,*,#7869,.T.);
#10287=ORIENTED_EDGE('',*,*,#7870,.F.);
#10288=ORIENTED_EDGE('',*,*,#7871,.T.);
#10289=ORIENTED_EDGE('',*,*,#7872,.T.);
#10290=ORIENTED_EDGE('',*,*,#7868,.F.);
#10291=ORIENTED_EDGE('',*,*,#6384,.T.);
#10292=ORIENTED_EDGE('',*,*,#7873,.T.);
#10293=ORIENTED_EDGE('',*,*,#7871,.F.);
#10294=ORIENTED_EDGE('',*,*,#7874,.F.);
#10295=ORIENTED_EDGE('',*,*,#6394,.T.);
#10296=ORIENTED_EDGE('',*,*,#7875,.F.);
#10297=ORIENTED_EDGE('',*,*,#7876,.T.);
#10298=ORIENTED_EDGE('',*,*,#7877,.T.);
#10299=ORIENTED_EDGE('',*,*,#7878,.F.);
#10300=ORIENTED_EDGE('',*,*,#7879,.T.);
#10301=ORIENTED_EDGE('',*,*,#7880,.T.);
#10302=ORIENTED_EDGE('',*,*,#7876,.F.);
#10303=ORIENTED_EDGE('',*,*,#6388,.T.);
#10304=ORIENTED_EDGE('',*,*,#7881,.T.);
#10305=ORIENTED_EDGE('',*,*,#7879,.F.);
#10306=ORIENTED_EDGE('',*,*,#7882,.F.);
#10307=ORIENTED_EDGE('',*,*,#6398,.T.);
#10308=ORIENTED_EDGE('',*,*,#7883,.F.);
#10309=ORIENTED_EDGE('',*,*,#7884,.T.);
#10310=ORIENTED_EDGE('',*,*,#7885,.T.);
#10311=ORIENTED_EDGE('',*,*,#7886,.F.);
#10312=ORIENTED_EDGE('',*,*,#7887,.T.);
#10313=ORIENTED_EDGE('',*,*,#7888,.T.);
#10314=ORIENTED_EDGE('',*,*,#7884,.F.);
#10315=ORIENTED_EDGE('',*,*,#6392,.T.);
#10316=ORIENTED_EDGE('',*,*,#7889,.T.);
#10317=ORIENTED_EDGE('',*,*,#7887,.F.);
#10318=ORIENTED_EDGE('',*,*,#7890,.F.);
#10319=ORIENTED_EDGE('',*,*,#6402,.T.);
#10320=ORIENTED_EDGE('',*,*,#7891,.F.);
#10321=ORIENTED_EDGE('',*,*,#7892,.T.);
#10322=ORIENTED_EDGE('',*,*,#7893,.T.);
#10323=ORIENTED_EDGE('',*,*,#7894,.F.);
#10324=ORIENTED_EDGE('',*,*,#7895,.T.);
#10325=ORIENTED_EDGE('',*,*,#7896,.T.);
#10326=ORIENTED_EDGE('',*,*,#7892,.F.);
#10327=ORIENTED_EDGE('',*,*,#6396,.T.);
#10328=ORIENTED_EDGE('',*,*,#7897,.T.);
#10329=ORIENTED_EDGE('',*,*,#7895,.F.);
#10330=ORIENTED_EDGE('',*,*,#7898,.F.);
#10331=ORIENTED_EDGE('',*,*,#6406,.T.);
#10332=ORIENTED_EDGE('',*,*,#7899,.F.);
#10333=ORIENTED_EDGE('',*,*,#7900,.T.);
#10334=ORIENTED_EDGE('',*,*,#7901,.T.);
#10335=ORIENTED_EDGE('',*,*,#7902,.F.);
#10336=ORIENTED_EDGE('',*,*,#7903,.T.);
#10337=ORIENTED_EDGE('',*,*,#7904,.T.);
#10338=ORIENTED_EDGE('',*,*,#7900,.F.);
#10339=ORIENTED_EDGE('',*,*,#6400,.T.);
#10340=ORIENTED_EDGE('',*,*,#7905,.T.);
#10341=ORIENTED_EDGE('',*,*,#7903,.F.);
#10342=ORIENTED_EDGE('',*,*,#7906,.F.);
#10343=ORIENTED_EDGE('',*,*,#6410,.T.);
#10344=ORIENTED_EDGE('',*,*,#7907,.F.);
#10345=ORIENTED_EDGE('',*,*,#7908,.T.);
#10346=ORIENTED_EDGE('',*,*,#7909,.T.);
#10347=ORIENTED_EDGE('',*,*,#7910,.F.);
#10348=ORIENTED_EDGE('',*,*,#7911,.T.);
#10349=ORIENTED_EDGE('',*,*,#7912,.T.);
#10350=ORIENTED_EDGE('',*,*,#7908,.F.);
#10351=ORIENTED_EDGE('',*,*,#6404,.T.);
#10352=ORIENTED_EDGE('',*,*,#7913,.T.);
#10353=ORIENTED_EDGE('',*,*,#7911,.F.);
#10354=ORIENTED_EDGE('',*,*,#7914,.F.);
#10355=ORIENTED_EDGE('',*,*,#6414,.T.);
#10356=ORIENTED_EDGE('',*,*,#7915,.F.);
#10357=ORIENTED_EDGE('',*,*,#7916,.T.);
#10358=ORIENTED_EDGE('',*,*,#7917,.T.);
#10359=ORIENTED_EDGE('',*,*,#7918,.F.);
#10360=ORIENTED_EDGE('',*,*,#7919,.T.);
#10361=ORIENTED_EDGE('',*,*,#7920,.T.);
#10362=ORIENTED_EDGE('',*,*,#7916,.F.);
#10363=ORIENTED_EDGE('',*,*,#6408,.T.);
#10364=ORIENTED_EDGE('',*,*,#7921,.T.);
#10365=ORIENTED_EDGE('',*,*,#7919,.F.);
#10366=ORIENTED_EDGE('',*,*,#7922,.F.);
#10367=ORIENTED_EDGE('',*,*,#6418,.T.);
#10368=ORIENTED_EDGE('',*,*,#7923,.F.);
#10369=ORIENTED_EDGE('',*,*,#7924,.T.);
#10370=ORIENTED_EDGE('',*,*,#7925,.T.);
#10371=ORIENTED_EDGE('',*,*,#7926,.F.);
#10372=ORIENTED_EDGE('',*,*,#7927,.T.);
#10373=ORIENTED_EDGE('',*,*,#7928,.T.);
#10374=ORIENTED_EDGE('',*,*,#7924,.F.);
#10375=ORIENTED_EDGE('',*,*,#6412,.T.);
#10376=ORIENTED_EDGE('',*,*,#7929,.T.);
#10377=ORIENTED_EDGE('',*,*,#7927,.F.);
#10378=ORIENTED_EDGE('',*,*,#7930,.F.);
#10379=ORIENTED_EDGE('',*,*,#6422,.T.);
#10380=ORIENTED_EDGE('',*,*,#7931,.F.);
#10381=ORIENTED_EDGE('',*,*,#7932,.T.);
#10382=ORIENTED_EDGE('',*,*,#7933,.T.);
#10383=ORIENTED_EDGE('',*,*,#7934,.F.);
#10384=ORIENTED_EDGE('',*,*,#7935,.T.);
#10385=ORIENTED_EDGE('',*,*,#7936,.T.);
#10386=ORIENTED_EDGE('',*,*,#7932,.F.);
#10387=ORIENTED_EDGE('',*,*,#6416,.T.);
#10388=ORIENTED_EDGE('',*,*,#7937,.T.);
#10389=ORIENTED_EDGE('',*,*,#7935,.F.);
#10390=ORIENTED_EDGE('',*,*,#7938,.F.);
#10391=ORIENTED_EDGE('',*,*,#6426,.T.);
#10392=ORIENTED_EDGE('',*,*,#7939,.F.);
#10393=ORIENTED_EDGE('',*,*,#7940,.T.);
#10394=ORIENTED_EDGE('',*,*,#7941,.T.);
#10395=ORIENTED_EDGE('',*,*,#7942,.F.);
#10396=ORIENTED_EDGE('',*,*,#7943,.T.);
#10397=ORIENTED_EDGE('',*,*,#7944,.T.);
#10398=ORIENTED_EDGE('',*,*,#7940,.F.);
#10399=ORIENTED_EDGE('',*,*,#6420,.T.);
#10400=ORIENTED_EDGE('',*,*,#7945,.T.);
#10401=ORIENTED_EDGE('',*,*,#7943,.F.);
#10402=ORIENTED_EDGE('',*,*,#7946,.F.);
#10403=ORIENTED_EDGE('',*,*,#6430,.T.);
#10404=ORIENTED_EDGE('',*,*,#7947,.F.);
#10405=ORIENTED_EDGE('',*,*,#7948,.T.);
#10406=ORIENTED_EDGE('',*,*,#7949,.T.);
#10407=ORIENTED_EDGE('',*,*,#7950,.F.);
#10408=ORIENTED_EDGE('',*,*,#7951,.T.);
#10409=ORIENTED_EDGE('',*,*,#7952,.T.);
#10410=ORIENTED_EDGE('',*,*,#7948,.F.);
#10411=ORIENTED_EDGE('',*,*,#6424,.T.);
#10412=ORIENTED_EDGE('',*,*,#7953,.T.);
#10413=ORIENTED_EDGE('',*,*,#7951,.F.);
#10414=ORIENTED_EDGE('',*,*,#7954,.F.);
#10415=ORIENTED_EDGE('',*,*,#6434,.T.);
#10416=ORIENTED_EDGE('',*,*,#7955,.F.);
#10417=ORIENTED_EDGE('',*,*,#7956,.T.);
#10418=ORIENTED_EDGE('',*,*,#7957,.T.);
#10419=ORIENTED_EDGE('',*,*,#7958,.F.);
#10420=ORIENTED_EDGE('',*,*,#7959,.T.);
#10421=ORIENTED_EDGE('',*,*,#7960,.T.);
#10422=ORIENTED_EDGE('',*,*,#7956,.F.);
#10423=ORIENTED_EDGE('',*,*,#6428,.T.);
#10424=ORIENTED_EDGE('',*,*,#7961,.T.);
#10425=ORIENTED_EDGE('',*,*,#7959,.F.);
#10426=ORIENTED_EDGE('',*,*,#7962,.F.);
#10427=ORIENTED_EDGE('',*,*,#6438,.T.);
#10428=ORIENTED_EDGE('',*,*,#7963,.F.);
#10429=ORIENTED_EDGE('',*,*,#7964,.T.);
#10430=ORIENTED_EDGE('',*,*,#7965,.T.);
#10431=ORIENTED_EDGE('',*,*,#7966,.F.);
#10432=ORIENTED_EDGE('',*,*,#7967,.T.);
#10433=ORIENTED_EDGE('',*,*,#7968,.T.);
#10434=ORIENTED_EDGE('',*,*,#7964,.F.);
#10435=ORIENTED_EDGE('',*,*,#6432,.T.);
#10436=ORIENTED_EDGE('',*,*,#7969,.T.);
#10437=ORIENTED_EDGE('',*,*,#7967,.F.);
#10438=ORIENTED_EDGE('',*,*,#7970,.F.);
#10439=ORIENTED_EDGE('',*,*,#6442,.T.);
#10440=ORIENTED_EDGE('',*,*,#7971,.F.);
#10441=ORIENTED_EDGE('',*,*,#7972,.T.);
#10442=ORIENTED_EDGE('',*,*,#7973,.T.);
#10443=ORIENTED_EDGE('',*,*,#7974,.F.);
#10444=ORIENTED_EDGE('',*,*,#7975,.T.);
#10445=ORIENTED_EDGE('',*,*,#7976,.T.);
#10446=ORIENTED_EDGE('',*,*,#7972,.F.);
#10447=ORIENTED_EDGE('',*,*,#6436,.T.);
#10448=ORIENTED_EDGE('',*,*,#7977,.T.);
#10449=ORIENTED_EDGE('',*,*,#7975,.F.);
#10450=ORIENTED_EDGE('',*,*,#7978,.F.);
#10451=ORIENTED_EDGE('',*,*,#6446,.T.);
#10452=ORIENTED_EDGE('',*,*,#7979,.F.);
#10453=ORIENTED_EDGE('',*,*,#7980,.T.);
#10454=ORIENTED_EDGE('',*,*,#7981,.T.);
#10455=ORIENTED_EDGE('',*,*,#7982,.F.);
#10456=ORIENTED_EDGE('',*,*,#7983,.T.);
#10457=ORIENTED_EDGE('',*,*,#7984,.T.);
#10458=ORIENTED_EDGE('',*,*,#7980,.F.);
#10459=ORIENTED_EDGE('',*,*,#6440,.T.);
#10460=ORIENTED_EDGE('',*,*,#7985,.T.);
#10461=ORIENTED_EDGE('',*,*,#7983,.F.);
#10462=ORIENTED_EDGE('',*,*,#7986,.F.);
#10463=ORIENTED_EDGE('',*,*,#6450,.T.);
#10464=ORIENTED_EDGE('',*,*,#7987,.F.);
#10465=ORIENTED_EDGE('',*,*,#7988,.T.);
#10466=ORIENTED_EDGE('',*,*,#7989,.T.);
#10467=ORIENTED_EDGE('',*,*,#7990,.F.);
#10468=ORIENTED_EDGE('',*,*,#7991,.T.);
#10469=ORIENTED_EDGE('',*,*,#7992,.T.);
#10470=ORIENTED_EDGE('',*,*,#7988,.F.);
#10471=ORIENTED_EDGE('',*,*,#6444,.T.);
#10472=ORIENTED_EDGE('',*,*,#7993,.T.);
#10473=ORIENTED_EDGE('',*,*,#7991,.F.);
#10474=ORIENTED_EDGE('',*,*,#7994,.F.);
#10475=ORIENTED_EDGE('',*,*,#6767,.T.);
#10476=ORIENTED_EDGE('',*,*,#7995,.T.);
#10477=ORIENTED_EDGE('',*,*,#7996,.T.);
#10478=ORIENTED_EDGE('',*,*,#7997,.F.);
#10479=ORIENTED_EDGE('',*,*,#7998,.F.);
#10480=ORIENTED_EDGE('',*,*,#7999,.F.);
#10481=ORIENTED_EDGE('',*,*,#7995,.F.);
#10482=ORIENTED_EDGE('',*,*,#6770,.F.);
#10483=ORIENTED_EDGE('',*,*,#7384,.F.);
#10484=ORIENTED_EDGE('',*,*,#7385,.F.);
#10485=ORIENTED_EDGE('',*,*,#7379,.F.);
#10486=ORIENTED_EDGE('',*,*,#6305,.F.);
#10487=ORIENTED_EDGE('',*,*,#7392,.F.);
#10488=ORIENTED_EDGE('',*,*,#7393,.F.);
#10489=ORIENTED_EDGE('',*,*,#7387,.F.);
#10490=ORIENTED_EDGE('',*,*,#6309,.F.);
#10491=ORIENTED_EDGE('',*,*,#7400,.F.);
#10492=ORIENTED_EDGE('',*,*,#7401,.F.);
#10493=ORIENTED_EDGE('',*,*,#7395,.F.);
#10494=ORIENTED_EDGE('',*,*,#6313,.F.);
#10495=ORIENTED_EDGE('',*,*,#7408,.F.);
#10496=ORIENTED_EDGE('',*,*,#7409,.F.);
#10497=ORIENTED_EDGE('',*,*,#7403,.F.);
#10498=ORIENTED_EDGE('',*,*,#6317,.F.);
#10499=ORIENTED_EDGE('',*,*,#7416,.F.);
#10500=ORIENTED_EDGE('',*,*,#7417,.F.);
#10501=ORIENTED_EDGE('',*,*,#7411,.F.);
#10502=ORIENTED_EDGE('',*,*,#6321,.F.);
#10503=ORIENTED_EDGE('',*,*,#7424,.F.);
#10504=ORIENTED_EDGE('',*,*,#7425,.F.);
#10505=ORIENTED_EDGE('',*,*,#7419,.F.);
#10506=ORIENTED_EDGE('',*,*,#6325,.F.);
#10507=ORIENTED_EDGE('',*,*,#7432,.F.);
#10508=ORIENTED_EDGE('',*,*,#7433,.F.);
#10509=ORIENTED_EDGE('',*,*,#7427,.F.);
#10510=ORIENTED_EDGE('',*,*,#6329,.F.);
#10511=ORIENTED_EDGE('',*,*,#7440,.F.);
#10512=ORIENTED_EDGE('',*,*,#7441,.F.);
#10513=ORIENTED_EDGE('',*,*,#7435,.F.);
#10514=ORIENTED_EDGE('',*,*,#6333,.F.);
#10515=ORIENTED_EDGE('',*,*,#7448,.F.);
#10516=ORIENTED_EDGE('',*,*,#7449,.F.);
#10517=ORIENTED_EDGE('',*,*,#7443,.F.);
#10518=ORIENTED_EDGE('',*,*,#6337,.F.);
#10519=ORIENTED_EDGE('',*,*,#7456,.F.);
#10520=ORIENTED_EDGE('',*,*,#7457,.F.);
#10521=ORIENTED_EDGE('',*,*,#7451,.F.);
#10522=ORIENTED_EDGE('',*,*,#6341,.F.);
#10523=ORIENTED_EDGE('',*,*,#7464,.F.);
#10524=ORIENTED_EDGE('',*,*,#7465,.F.);
#10525=ORIENTED_EDGE('',*,*,#7459,.F.);
#10526=ORIENTED_EDGE('',*,*,#6345,.F.);
#10527=ORIENTED_EDGE('',*,*,#7472,.F.);
#10528=ORIENTED_EDGE('',*,*,#7473,.F.);
#10529=ORIENTED_EDGE('',*,*,#7467,.F.);
#10530=ORIENTED_EDGE('',*,*,#6349,.F.);
#10531=ORIENTED_EDGE('',*,*,#7480,.F.);
#10532=ORIENTED_EDGE('',*,*,#7481,.F.);
#10533=ORIENTED_EDGE('',*,*,#7475,.F.);
#10534=ORIENTED_EDGE('',*,*,#6353,.F.);
#10535=ORIENTED_EDGE('',*,*,#7488,.F.);
#10536=ORIENTED_EDGE('',*,*,#7489,.F.);
#10537=ORIENTED_EDGE('',*,*,#7483,.F.);
#10538=ORIENTED_EDGE('',*,*,#6357,.F.);
#10539=ORIENTED_EDGE('',*,*,#7496,.F.);
#10540=ORIENTED_EDGE('',*,*,#7497,.F.);
#10541=ORIENTED_EDGE('',*,*,#7491,.F.);
#10542=ORIENTED_EDGE('',*,*,#6361,.F.);
#10543=ORIENTED_EDGE('',*,*,#7504,.F.);
#10544=ORIENTED_EDGE('',*,*,#7505,.F.);
#10545=ORIENTED_EDGE('',*,*,#7499,.F.);
#10546=ORIENTED_EDGE('',*,*,#6365,.F.);
#10547=ORIENTED_EDGE('',*,*,#7512,.F.);
#10548=ORIENTED_EDGE('',*,*,#7513,.F.);
#10549=ORIENTED_EDGE('',*,*,#7507,.F.);
#10550=ORIENTED_EDGE('',*,*,#6369,.F.);
#10551=ORIENTED_EDGE('',*,*,#7520,.F.);
#10552=ORIENTED_EDGE('',*,*,#7521,.F.);
#10553=ORIENTED_EDGE('',*,*,#7515,.F.);
#10554=ORIENTED_EDGE('',*,*,#6373,.F.);
#10555=ORIENTED_EDGE('',*,*,#7525,.F.);
#10556=ORIENTED_EDGE('',*,*,#7526,.F.);
#10557=ORIENTED_EDGE('',*,*,#7529,.F.);
#10558=ORIENTED_EDGE('',*,*,#6153,.F.);
#10559=ORIENTED_EDGE('',*,*,#7531,.F.);
#10560=ORIENTED_EDGE('',*,*,#7534,.F.);
#10561=ORIENTED_EDGE('',*,*,#7537,.F.);
#10562=ORIENTED_EDGE('',*,*,#6157,.F.);
#10563=ORIENTED_EDGE('',*,*,#7539,.F.);
#10564=ORIENTED_EDGE('',*,*,#7542,.F.);
#10565=ORIENTED_EDGE('',*,*,#7545,.F.);
#10566=ORIENTED_EDGE('',*,*,#6161,.F.);
#10567=ORIENTED_EDGE('',*,*,#7547,.F.);
#10568=ORIENTED_EDGE('',*,*,#7550,.F.);
#10569=ORIENTED_EDGE('',*,*,#7553,.F.);
#10570=ORIENTED_EDGE('',*,*,#6165,.F.);
#10571=ORIENTED_EDGE('',*,*,#7555,.F.);
#10572=ORIENTED_EDGE('',*,*,#7558,.F.);
#10573=ORIENTED_EDGE('',*,*,#7561,.F.);
#10574=ORIENTED_EDGE('',*,*,#6169,.F.);
#10575=ORIENTED_EDGE('',*,*,#7563,.F.);
#10576=ORIENTED_EDGE('',*,*,#7566,.F.);
#10577=ORIENTED_EDGE('',*,*,#7569,.F.);
#10578=ORIENTED_EDGE('',*,*,#6173,.F.);
#10579=ORIENTED_EDGE('',*,*,#7571,.F.);
#10580=ORIENTED_EDGE('',*,*,#7574,.F.);
#10581=ORIENTED_EDGE('',*,*,#7577,.F.);
#10582=ORIENTED_EDGE('',*,*,#6177,.F.);
#10583=ORIENTED_EDGE('',*,*,#7579,.F.);
#10584=ORIENTED_EDGE('',*,*,#7582,.F.);
#10585=ORIENTED_EDGE('',*,*,#7585,.F.);
#10586=ORIENTED_EDGE('',*,*,#6181,.F.);
#10587=ORIENTED_EDGE('',*,*,#7587,.F.);
#10588=ORIENTED_EDGE('',*,*,#7590,.F.);
#10589=ORIENTED_EDGE('',*,*,#7593,.F.);
#10590=ORIENTED_EDGE('',*,*,#6185,.F.);
#10591=ORIENTED_EDGE('',*,*,#7595,.F.);
#10592=ORIENTED_EDGE('',*,*,#7598,.F.);
#10593=ORIENTED_EDGE('',*,*,#7601,.F.);
#10594=ORIENTED_EDGE('',*,*,#6189,.F.);
#10595=ORIENTED_EDGE('',*,*,#7603,.F.);
#10596=ORIENTED_EDGE('',*,*,#7606,.F.);
#10597=ORIENTED_EDGE('',*,*,#7609,.F.);
#10598=ORIENTED_EDGE('',*,*,#6193,.F.);
#10599=ORIENTED_EDGE('',*,*,#7611,.F.);
#10600=ORIENTED_EDGE('',*,*,#7614,.F.);
#10601=ORIENTED_EDGE('',*,*,#7617,.F.);
#10602=ORIENTED_EDGE('',*,*,#6197,.F.);
#10603=ORIENTED_EDGE('',*,*,#7619,.F.);
#10604=ORIENTED_EDGE('',*,*,#7622,.F.);
#10605=ORIENTED_EDGE('',*,*,#7625,.F.);
#10606=ORIENTED_EDGE('',*,*,#6201,.F.);
#10607=ORIENTED_EDGE('',*,*,#7627,.F.);
#10608=ORIENTED_EDGE('',*,*,#7630,.F.);
#10609=ORIENTED_EDGE('',*,*,#7633,.F.);
#10610=ORIENTED_EDGE('',*,*,#6205,.F.);
#10611=ORIENTED_EDGE('',*,*,#7635,.F.);
#10612=ORIENTED_EDGE('',*,*,#7638,.F.);
#10613=ORIENTED_EDGE('',*,*,#7641,.F.);
#10614=ORIENTED_EDGE('',*,*,#6209,.F.);
#10615=ORIENTED_EDGE('',*,*,#7643,.F.);
#10616=ORIENTED_EDGE('',*,*,#7646,.F.);
#10617=ORIENTED_EDGE('',*,*,#7649,.F.);
#10618=ORIENTED_EDGE('',*,*,#6213,.F.);
#10619=ORIENTED_EDGE('',*,*,#7651,.F.);
#10620=ORIENTED_EDGE('',*,*,#7654,.F.);
#10621=ORIENTED_EDGE('',*,*,#7657,.F.);
#10622=ORIENTED_EDGE('',*,*,#6217,.F.);
#10623=ORIENTED_EDGE('',*,*,#7659,.F.);
#10624=ORIENTED_EDGE('',*,*,#7662,.F.);
#10625=ORIENTED_EDGE('',*,*,#7665,.F.);
#10626=ORIENTED_EDGE('',*,*,#6221,.F.);
#10627=ORIENTED_EDGE('',*,*,#7667,.F.);
#10628=ORIENTED_EDGE('',*,*,#7670,.F.);
#10629=ORIENTED_EDGE('',*,*,#7673,.F.);
#10630=ORIENTED_EDGE('',*,*,#6225,.F.);
#10631=ORIENTED_EDGE('',*,*,#7675,.F.);
#10632=ORIENTED_EDGE('',*,*,#7678,.F.);
#10633=ORIENTED_EDGE('',*,*,#7681,.F.);
#10634=ORIENTED_EDGE('',*,*,#6229,.F.);
#10635=ORIENTED_EDGE('',*,*,#7683,.F.);
#10636=ORIENTED_EDGE('',*,*,#7686,.F.);
#10637=ORIENTED_EDGE('',*,*,#7689,.F.);
#10638=ORIENTED_EDGE('',*,*,#6233,.F.);
#10639=ORIENTED_EDGE('',*,*,#7691,.F.);
#10640=ORIENTED_EDGE('',*,*,#7694,.F.);
#10641=ORIENTED_EDGE('',*,*,#7697,.F.);
#10642=ORIENTED_EDGE('',*,*,#6237,.F.);
#10643=ORIENTED_EDGE('',*,*,#7699,.F.);
#10644=ORIENTED_EDGE('',*,*,#7702,.F.);
#10645=ORIENTED_EDGE('',*,*,#7705,.F.);
#10646=ORIENTED_EDGE('',*,*,#6241,.F.);
#10647=ORIENTED_EDGE('',*,*,#7707,.F.);
#10648=ORIENTED_EDGE('',*,*,#7710,.F.);
#10649=ORIENTED_EDGE('',*,*,#7713,.F.);
#10650=ORIENTED_EDGE('',*,*,#6245,.F.);
#10651=ORIENTED_EDGE('',*,*,#7715,.F.);
#10652=ORIENTED_EDGE('',*,*,#7718,.F.);
#10653=ORIENTED_EDGE('',*,*,#7721,.F.);
#10654=ORIENTED_EDGE('',*,*,#6249,.F.);
#10655=ORIENTED_EDGE('',*,*,#7723,.F.);
#10656=ORIENTED_EDGE('',*,*,#7726,.F.);
#10657=ORIENTED_EDGE('',*,*,#7729,.F.);
#10658=ORIENTED_EDGE('',*,*,#6253,.F.);
#10659=ORIENTED_EDGE('',*,*,#7731,.F.);
#10660=ORIENTED_EDGE('',*,*,#7734,.F.);
#10661=ORIENTED_EDGE('',*,*,#7737,.F.);
#10662=ORIENTED_EDGE('',*,*,#6257,.F.);
#10663=ORIENTED_EDGE('',*,*,#7739,.F.);
#10664=ORIENTED_EDGE('',*,*,#7742,.F.);
#10665=ORIENTED_EDGE('',*,*,#7745,.F.);
#10666=ORIENTED_EDGE('',*,*,#6261,.F.);
#10667=ORIENTED_EDGE('',*,*,#7747,.F.);
#10668=ORIENTED_EDGE('',*,*,#7750,.F.);
#10669=ORIENTED_EDGE('',*,*,#7753,.F.);
#10670=ORIENTED_EDGE('',*,*,#6265,.F.);
#10671=ORIENTED_EDGE('',*,*,#7755,.F.);
#10672=ORIENTED_EDGE('',*,*,#7758,.F.);
#10673=ORIENTED_EDGE('',*,*,#7761,.F.);
#10674=ORIENTED_EDGE('',*,*,#6269,.F.);
#10675=ORIENTED_EDGE('',*,*,#7763,.F.);
#10676=ORIENTED_EDGE('',*,*,#7766,.F.);
#10677=ORIENTED_EDGE('',*,*,#7769,.F.);
#10678=ORIENTED_EDGE('',*,*,#6273,.F.);
#10679=ORIENTED_EDGE('',*,*,#7771,.F.);
#10680=ORIENTED_EDGE('',*,*,#7774,.F.);
#10681=ORIENTED_EDGE('',*,*,#7777,.F.);
#10682=ORIENTED_EDGE('',*,*,#6277,.F.);
#10683=ORIENTED_EDGE('',*,*,#7779,.F.);
#10684=ORIENTED_EDGE('',*,*,#7782,.F.);
#10685=ORIENTED_EDGE('',*,*,#7785,.F.);
#10686=ORIENTED_EDGE('',*,*,#6281,.F.);
#10687=ORIENTED_EDGE('',*,*,#7787,.F.);
#10688=ORIENTED_EDGE('',*,*,#7790,.F.);
#10689=ORIENTED_EDGE('',*,*,#7793,.F.);
#10690=ORIENTED_EDGE('',*,*,#6285,.F.);
#10691=ORIENTED_EDGE('',*,*,#7795,.F.);
#10692=ORIENTED_EDGE('',*,*,#7798,.F.);
#10693=ORIENTED_EDGE('',*,*,#7801,.F.);
#10694=ORIENTED_EDGE('',*,*,#6289,.F.);
#10695=ORIENTED_EDGE('',*,*,#7803,.F.);
#10696=ORIENTED_EDGE('',*,*,#7806,.F.);
#10697=ORIENTED_EDGE('',*,*,#7809,.F.);
#10698=ORIENTED_EDGE('',*,*,#6293,.F.);
#10699=ORIENTED_EDGE('',*,*,#7811,.F.);
#10700=ORIENTED_EDGE('',*,*,#7814,.F.);
#10701=ORIENTED_EDGE('',*,*,#7817,.F.);
#10702=ORIENTED_EDGE('',*,*,#6297,.F.);
#10703=ORIENTED_EDGE('',*,*,#7819,.F.);
#10704=ORIENTED_EDGE('',*,*,#7822,.F.);
#10705=ORIENTED_EDGE('',*,*,#7825,.F.);
#10706=ORIENTED_EDGE('',*,*,#6301,.F.);
#10707=ORIENTED_EDGE('',*,*,#7827,.F.);
#10708=ORIENTED_EDGE('',*,*,#7830,.F.);
#10709=ORIENTED_EDGE('',*,*,#7833,.F.);
#10710=ORIENTED_EDGE('',*,*,#6760,.F.);
#10711=ORIENTED_EDGE('',*,*,#7835,.F.);
#10712=ORIENTED_EDGE('',*,*,#7838,.F.);
#10713=ORIENTED_EDGE('',*,*,#7841,.F.);
#10714=ORIENTED_EDGE('',*,*,#6603,.F.);
#10715=ORIENTED_EDGE('',*,*,#7378,.T.);
#10716=ORIENTED_EDGE('',*,*,#7374,.T.);
#10717=ORIENTED_EDGE('',*,*,#7371,.T.);
#10718=ORIENTED_EDGE('',*,*,#6599,.F.);
#10719=ORIENTED_EDGE('',*,*,#7370,.T.);
#10720=ORIENTED_EDGE('',*,*,#7366,.T.);
#10721=ORIENTED_EDGE('',*,*,#7363,.T.);
#10722=ORIENTED_EDGE('',*,*,#6595,.F.);
#10723=ORIENTED_EDGE('',*,*,#7362,.T.);
#10724=ORIENTED_EDGE('',*,*,#7358,.T.);
#10725=ORIENTED_EDGE('',*,*,#7355,.T.);
#10726=ORIENTED_EDGE('',*,*,#6591,.F.);
#10727=ORIENTED_EDGE('',*,*,#7354,.T.);
#10728=ORIENTED_EDGE('',*,*,#7350,.T.);
#10729=ORIENTED_EDGE('',*,*,#7347,.T.);
#10730=ORIENTED_EDGE('',*,*,#6587,.F.);
#10731=ORIENTED_EDGE('',*,*,#7346,.T.);
#10732=ORIENTED_EDGE('',*,*,#7342,.T.);
#10733=ORIENTED_EDGE('',*,*,#7339,.T.);
#10734=ORIENTED_EDGE('',*,*,#6583,.F.);
#10735=ORIENTED_EDGE('',*,*,#7338,.T.);
#10736=ORIENTED_EDGE('',*,*,#7334,.T.);
#10737=ORIENTED_EDGE('',*,*,#7331,.T.);
#10738=ORIENTED_EDGE('',*,*,#6579,.F.);
#10739=ORIENTED_EDGE('',*,*,#7330,.T.);
#10740=ORIENTED_EDGE('',*,*,#7326,.T.);
#10741=ORIENTED_EDGE('',*,*,#7323,.T.);
#10742=ORIENTED_EDGE('',*,*,#6575,.F.);
#10743=ORIENTED_EDGE('',*,*,#7322,.T.);
#10744=ORIENTED_EDGE('',*,*,#7318,.T.);
#10745=ORIENTED_EDGE('',*,*,#7315,.T.);
#10746=ORIENTED_EDGE('',*,*,#6571,.F.);
#10747=ORIENTED_EDGE('',*,*,#7314,.T.);
#10748=ORIENTED_EDGE('',*,*,#7310,.T.);
#10749=ORIENTED_EDGE('',*,*,#7307,.T.);
#10750=ORIENTED_EDGE('',*,*,#6567,.F.);
#10751=ORIENTED_EDGE('',*,*,#7306,.T.);
#10752=ORIENTED_EDGE('',*,*,#7302,.T.);
#10753=ORIENTED_EDGE('',*,*,#7299,.T.);
#10754=ORIENTED_EDGE('',*,*,#6563,.F.);
#10755=ORIENTED_EDGE('',*,*,#7298,.T.);
#10756=ORIENTED_EDGE('',*,*,#7294,.T.);
#10757=ORIENTED_EDGE('',*,*,#7291,.T.);
#10758=ORIENTED_EDGE('',*,*,#6559,.F.);
#10759=ORIENTED_EDGE('',*,*,#7290,.T.);
#10760=ORIENTED_EDGE('',*,*,#7286,.T.);
#10761=ORIENTED_EDGE('',*,*,#7283,.T.);
#10762=ORIENTED_EDGE('',*,*,#6555,.F.);
#10763=ORIENTED_EDGE('',*,*,#7282,.T.);
#10764=ORIENTED_EDGE('',*,*,#7278,.T.);
#10765=ORIENTED_EDGE('',*,*,#7275,.T.);
#10766=ORIENTED_EDGE('',*,*,#6551,.F.);
#10767=ORIENTED_EDGE('',*,*,#7274,.T.);
#10768=ORIENTED_EDGE('',*,*,#7270,.T.);
#10769=ORIENTED_EDGE('',*,*,#7267,.T.);
#10770=ORIENTED_EDGE('',*,*,#6547,.F.);
#10771=ORIENTED_EDGE('',*,*,#7266,.T.);
#10772=ORIENTED_EDGE('',*,*,#7262,.T.);
#10773=ORIENTED_EDGE('',*,*,#7259,.T.);
#10774=ORIENTED_EDGE('',*,*,#6543,.F.);
#10775=ORIENTED_EDGE('',*,*,#7258,.T.);
#10776=ORIENTED_EDGE('',*,*,#7254,.T.);
#10777=ORIENTED_EDGE('',*,*,#7251,.T.);
#10778=ORIENTED_EDGE('',*,*,#6539,.F.);
#10779=ORIENTED_EDGE('',*,*,#7250,.T.);
#10780=ORIENTED_EDGE('',*,*,#7246,.T.);
#10781=ORIENTED_EDGE('',*,*,#7243,.T.);
#10782=ORIENTED_EDGE('',*,*,#6535,.F.);
#10783=ORIENTED_EDGE('',*,*,#7242,.T.);
#10784=ORIENTED_EDGE('',*,*,#7238,.T.);
#10785=ORIENTED_EDGE('',*,*,#7235,.T.);
#10786=ORIENTED_EDGE('',*,*,#6531,.F.);
#10787=ORIENTED_EDGE('',*,*,#6930,.T.);
#10788=ORIENTED_EDGE('',*,*,#6926,.T.);
#10789=ORIENTED_EDGE('',*,*,#6923,.T.);
#10790=ORIENTED_EDGE('',*,*,#6527,.F.);
#10791=ORIENTED_EDGE('',*,*,#6920,.F.);
#10792=ORIENTED_EDGE('',*,*,#6921,.F.);
#10793=ORIENTED_EDGE('',*,*,#6915,.F.);
#10794=ORIENTED_EDGE('',*,*,#6523,.F.);
#10795=ORIENTED_EDGE('',*,*,#6912,.F.);
#10796=ORIENTED_EDGE('',*,*,#6913,.F.);
#10797=ORIENTED_EDGE('',*,*,#6907,.F.);
#10798=ORIENTED_EDGE('',*,*,#6519,.F.);
#10799=ORIENTED_EDGE('',*,*,#6904,.F.);
#10800=ORIENTED_EDGE('',*,*,#6905,.F.);
#10801=ORIENTED_EDGE('',*,*,#6899,.F.);
#10802=ORIENTED_EDGE('',*,*,#6515,.F.);
#10803=ORIENTED_EDGE('',*,*,#6896,.F.);
#10804=ORIENTED_EDGE('',*,*,#6897,.F.);
#10805=ORIENTED_EDGE('',*,*,#6891,.F.);
#10806=ORIENTED_EDGE('',*,*,#6511,.F.);
#10807=ORIENTED_EDGE('',*,*,#6888,.F.);
#10808=ORIENTED_EDGE('',*,*,#6889,.F.);
#10809=ORIENTED_EDGE('',*,*,#6883,.F.);
#10810=ORIENTED_EDGE('',*,*,#6507,.F.);
#10811=ORIENTED_EDGE('',*,*,#6880,.F.);
#10812=ORIENTED_EDGE('',*,*,#6881,.F.);
#10813=ORIENTED_EDGE('',*,*,#6875,.F.);
#10814=ORIENTED_EDGE('',*,*,#6503,.F.);
#10815=ORIENTED_EDGE('',*,*,#6872,.F.);
#10816=ORIENTED_EDGE('',*,*,#6873,.F.);
#10817=ORIENTED_EDGE('',*,*,#6867,.F.);
#10818=ORIENTED_EDGE('',*,*,#6499,.F.);
#10819=ORIENTED_EDGE('',*,*,#6864,.F.);
#10820=ORIENTED_EDGE('',*,*,#6865,.F.);
#10821=ORIENTED_EDGE('',*,*,#6859,.F.);
#10822=ORIENTED_EDGE('',*,*,#6495,.F.);
#10823=ORIENTED_EDGE('',*,*,#6856,.F.);
#10824=ORIENTED_EDGE('',*,*,#6857,.F.);
#10825=ORIENTED_EDGE('',*,*,#6851,.F.);
#10826=ORIENTED_EDGE('',*,*,#6491,.F.);
#10827=ORIENTED_EDGE('',*,*,#6848,.F.);
#10828=ORIENTED_EDGE('',*,*,#6849,.F.);
#10829=ORIENTED_EDGE('',*,*,#6843,.F.);
#10830=ORIENTED_EDGE('',*,*,#6487,.F.);
#10831=ORIENTED_EDGE('',*,*,#6840,.F.);
#10832=ORIENTED_EDGE('',*,*,#6841,.F.);
#10833=ORIENTED_EDGE('',*,*,#6835,.F.);
#10834=ORIENTED_EDGE('',*,*,#6483,.F.);
#10835=ORIENTED_EDGE('',*,*,#6832,.F.);
#10836=ORIENTED_EDGE('',*,*,#6833,.F.);
#10837=ORIENTED_EDGE('',*,*,#6827,.F.);
#10838=ORIENTED_EDGE('',*,*,#6479,.F.);
#10839=ORIENTED_EDGE('',*,*,#6824,.F.);
#10840=ORIENTED_EDGE('',*,*,#6825,.F.);
#10841=ORIENTED_EDGE('',*,*,#6819,.F.);
#10842=ORIENTED_EDGE('',*,*,#6475,.F.);
#10843=ORIENTED_EDGE('',*,*,#6816,.F.);
#10844=ORIENTED_EDGE('',*,*,#6817,.F.);
#10845=ORIENTED_EDGE('',*,*,#6811,.F.);
#10846=ORIENTED_EDGE('',*,*,#6471,.F.);
#10847=ORIENTED_EDGE('',*,*,#6808,.F.);
#10848=ORIENTED_EDGE('',*,*,#6809,.F.);
#10849=ORIENTED_EDGE('',*,*,#6803,.F.);
#10850=ORIENTED_EDGE('',*,*,#6467,.F.);
#10851=ORIENTED_EDGE('',*,*,#6800,.F.);
#10852=ORIENTED_EDGE('',*,*,#6801,.F.);
#10853=ORIENTED_EDGE('',*,*,#6795,.F.);
#10854=ORIENTED_EDGE('',*,*,#6463,.F.);
#10855=ORIENTED_EDGE('',*,*,#6792,.F.);
#10856=ORIENTED_EDGE('',*,*,#6793,.F.);
#10857=ORIENTED_EDGE('',*,*,#6787,.F.);
#10858=ORIENTED_EDGE('',*,*,#6459,.F.);
#10859=ORIENTED_EDGE('',*,*,#6784,.F.);
#10860=ORIENTED_EDGE('',*,*,#6785,.F.);
#10861=ORIENTED_EDGE('',*,*,#6779,.F.);
#10862=ORIENTED_EDGE('',*,*,#6455,.F.);
#10863=ORIENTED_EDGE('',*,*,#6773,.T.);
#10864=ORIENTED_EDGE('',*,*,#6777,.T.);
#10865=ORIENTED_EDGE('',*,*,#6774,.T.);
#10866=ORIENTED_EDGE('',*,*,#6605,.F.);
#10867=ORIENTED_EDGE('',*,*,#6937,.T.);
#10868=ORIENTED_EDGE('',*,*,#6934,.T.);
#10869=ORIENTED_EDGE('',*,*,#6931,.T.);
#10870=ORIENTED_EDGE('',*,*,#6609,.F.);
#10871=ORIENTED_EDGE('',*,*,#6945,.T.);
#10872=ORIENTED_EDGE('',*,*,#6942,.T.);
#10873=ORIENTED_EDGE('',*,*,#6939,.T.);
#10874=ORIENTED_EDGE('',*,*,#6613,.F.);
#10875=ORIENTED_EDGE('',*,*,#6953,.T.);
#10876=ORIENTED_EDGE('',*,*,#6950,.T.);
#10877=ORIENTED_EDGE('',*,*,#6947,.T.);
#10878=ORIENTED_EDGE('',*,*,#6617,.F.);
#10879=ORIENTED_EDGE('',*,*,#6961,.T.);
#10880=ORIENTED_EDGE('',*,*,#6958,.T.);
#10881=ORIENTED_EDGE('',*,*,#6955,.T.);
#10882=ORIENTED_EDGE('',*,*,#6621,.F.);
#10883=ORIENTED_EDGE('',*,*,#6969,.T.);
#10884=ORIENTED_EDGE('',*,*,#6966,.T.);
#10885=ORIENTED_EDGE('',*,*,#6963,.T.);
#10886=ORIENTED_EDGE('',*,*,#6625,.F.);
#10887=ORIENTED_EDGE('',*,*,#6977,.T.);
#10888=ORIENTED_EDGE('',*,*,#6974,.T.);
#10889=ORIENTED_EDGE('',*,*,#6971,.T.);
#10890=ORIENTED_EDGE('',*,*,#6629,.F.);
#10891=ORIENTED_EDGE('',*,*,#6985,.T.);
#10892=ORIENTED_EDGE('',*,*,#6982,.T.);
#10893=ORIENTED_EDGE('',*,*,#6979,.T.);
#10894=ORIENTED_EDGE('',*,*,#6633,.F.);
#10895=ORIENTED_EDGE('',*,*,#6993,.T.);
#10896=ORIENTED_EDGE('',*,*,#6990,.T.);
#10897=ORIENTED_EDGE('',*,*,#6987,.T.);
#10898=ORIENTED_EDGE('',*,*,#6637,.F.);
#10899=ORIENTED_EDGE('',*,*,#7001,.T.);
#10900=ORIENTED_EDGE('',*,*,#6998,.T.);
#10901=ORIENTED_EDGE('',*,*,#6995,.T.);
#10902=ORIENTED_EDGE('',*,*,#6641,.F.);
#10903=ORIENTED_EDGE('',*,*,#7009,.T.);
#10904=ORIENTED_EDGE('',*,*,#7006,.T.);
#10905=ORIENTED_EDGE('',*,*,#7003,.T.);
#10906=ORIENTED_EDGE('',*,*,#6645,.F.);
#10907=ORIENTED_EDGE('',*,*,#7017,.T.);
#10908=ORIENTED_EDGE('',*,*,#7014,.T.);
#10909=ORIENTED_EDGE('',*,*,#7011,.T.);
#10910=ORIENTED_EDGE('',*,*,#6649,.F.);
#10911=ORIENTED_EDGE('',*,*,#7025,.T.);
#10912=ORIENTED_EDGE('',*,*,#7022,.T.);
#10913=ORIENTED_EDGE('',*,*,#7019,.T.);
#10914=ORIENTED_EDGE('',*,*,#6653,.F.);
#10915=ORIENTED_EDGE('',*,*,#7033,.T.);
#10916=ORIENTED_EDGE('',*,*,#7030,.T.);
#10917=ORIENTED_EDGE('',*,*,#7027,.T.);
#10918=ORIENTED_EDGE('',*,*,#6657,.F.);
#10919=ORIENTED_EDGE('',*,*,#7041,.T.);
#10920=ORIENTED_EDGE('',*,*,#7038,.T.);
#10921=ORIENTED_EDGE('',*,*,#7035,.T.);
#10922=ORIENTED_EDGE('',*,*,#6661,.F.);
#10923=ORIENTED_EDGE('',*,*,#7049,.T.);
#10924=ORIENTED_EDGE('',*,*,#7046,.T.);
#10925=ORIENTED_EDGE('',*,*,#7043,.T.);
#10926=ORIENTED_EDGE('',*,*,#6665,.F.);
#10927=ORIENTED_EDGE('',*,*,#7057,.T.);
#10928=ORIENTED_EDGE('',*,*,#7054,.T.);
#10929=ORIENTED_EDGE('',*,*,#7051,.T.);
#10930=ORIENTED_EDGE('',*,*,#6669,.F.);
#10931=ORIENTED_EDGE('',*,*,#7065,.T.);
#10932=ORIENTED_EDGE('',*,*,#7062,.T.);
#10933=ORIENTED_EDGE('',*,*,#7059,.T.);
#10934=ORIENTED_EDGE('',*,*,#6673,.F.);
#10935=ORIENTED_EDGE('',*,*,#7073,.T.);
#10936=ORIENTED_EDGE('',*,*,#7070,.T.);
#10937=ORIENTED_EDGE('',*,*,#7067,.T.);
#10938=ORIENTED_EDGE('',*,*,#6677,.F.);
#10939=ORIENTED_EDGE('',*,*,#7081,.T.);
#10940=ORIENTED_EDGE('',*,*,#7078,.T.);
#10941=ORIENTED_EDGE('',*,*,#7075,.T.);
#10942=ORIENTED_EDGE('',*,*,#6681,.F.);
#10943=ORIENTED_EDGE('',*,*,#7089,.T.);
#10944=ORIENTED_EDGE('',*,*,#7086,.T.);
#10945=ORIENTED_EDGE('',*,*,#7083,.T.);
#10946=ORIENTED_EDGE('',*,*,#6685,.F.);
#10947=ORIENTED_EDGE('',*,*,#7097,.T.);
#10948=ORIENTED_EDGE('',*,*,#7094,.T.);
#10949=ORIENTED_EDGE('',*,*,#7091,.T.);
#10950=ORIENTED_EDGE('',*,*,#6689,.F.);
#10951=ORIENTED_EDGE('',*,*,#7105,.T.);
#10952=ORIENTED_EDGE('',*,*,#7102,.T.);
#10953=ORIENTED_EDGE('',*,*,#7099,.T.);
#10954=ORIENTED_EDGE('',*,*,#6693,.F.);
#10955=ORIENTED_EDGE('',*,*,#7113,.T.);
#10956=ORIENTED_EDGE('',*,*,#7110,.T.);
#10957=ORIENTED_EDGE('',*,*,#7107,.T.);
#10958=ORIENTED_EDGE('',*,*,#6697,.F.);
#10959=ORIENTED_EDGE('',*,*,#7121,.T.);
#10960=ORIENTED_EDGE('',*,*,#7118,.T.);
#10961=ORIENTED_EDGE('',*,*,#7115,.T.);
#10962=ORIENTED_EDGE('',*,*,#6701,.F.);
#10963=ORIENTED_EDGE('',*,*,#7129,.T.);
#10964=ORIENTED_EDGE('',*,*,#7126,.T.);
#10965=ORIENTED_EDGE('',*,*,#7123,.T.);
#10966=ORIENTED_EDGE('',*,*,#6705,.F.);
#10967=ORIENTED_EDGE('',*,*,#7137,.T.);
#10968=ORIENTED_EDGE('',*,*,#7134,.T.);
#10969=ORIENTED_EDGE('',*,*,#7131,.T.);
#10970=ORIENTED_EDGE('',*,*,#6709,.F.);
#10971=ORIENTED_EDGE('',*,*,#7145,.T.);
#10972=ORIENTED_EDGE('',*,*,#7142,.T.);
#10973=ORIENTED_EDGE('',*,*,#7139,.T.);
#10974=ORIENTED_EDGE('',*,*,#6713,.F.);
#10975=ORIENTED_EDGE('',*,*,#7153,.T.);
#10976=ORIENTED_EDGE('',*,*,#7150,.T.);
#10977=ORIENTED_EDGE('',*,*,#7147,.T.);
#10978=ORIENTED_EDGE('',*,*,#6717,.F.);
#10979=ORIENTED_EDGE('',*,*,#7161,.T.);
#10980=ORIENTED_EDGE('',*,*,#7158,.T.);
#10981=ORIENTED_EDGE('',*,*,#7155,.T.);
#10982=ORIENTED_EDGE('',*,*,#6721,.F.);
#10983=ORIENTED_EDGE('',*,*,#7169,.T.);
#10984=ORIENTED_EDGE('',*,*,#7166,.T.);
#10985=ORIENTED_EDGE('',*,*,#7163,.T.);
#10986=ORIENTED_EDGE('',*,*,#6725,.F.);
#10987=ORIENTED_EDGE('',*,*,#7177,.T.);
#10988=ORIENTED_EDGE('',*,*,#7174,.T.);
#10989=ORIENTED_EDGE('',*,*,#7171,.T.);
#10990=ORIENTED_EDGE('',*,*,#6729,.F.);
#10991=ORIENTED_EDGE('',*,*,#7185,.T.);
#10992=ORIENTED_EDGE('',*,*,#7182,.T.);
#10993=ORIENTED_EDGE('',*,*,#7179,.T.);
#10994=ORIENTED_EDGE('',*,*,#6733,.F.);
#10995=ORIENTED_EDGE('',*,*,#7193,.T.);
#10996=ORIENTED_EDGE('',*,*,#7190,.T.);
#10997=ORIENTED_EDGE('',*,*,#7187,.T.);
#10998=ORIENTED_EDGE('',*,*,#6737,.F.);
#10999=ORIENTED_EDGE('',*,*,#7201,.T.);
#11000=ORIENTED_EDGE('',*,*,#7198,.T.);
#11001=ORIENTED_EDGE('',*,*,#7195,.T.);
#11002=ORIENTED_EDGE('',*,*,#6741,.F.);
#11003=ORIENTED_EDGE('',*,*,#7209,.T.);
#11004=ORIENTED_EDGE('',*,*,#7206,.T.);
#11005=ORIENTED_EDGE('',*,*,#7203,.T.);
#11006=ORIENTED_EDGE('',*,*,#6745,.F.);
#11007=ORIENTED_EDGE('',*,*,#7217,.T.);
#11008=ORIENTED_EDGE('',*,*,#7214,.T.);
#11009=ORIENTED_EDGE('',*,*,#7211,.T.);
#11010=ORIENTED_EDGE('',*,*,#6749,.F.);
#11011=ORIENTED_EDGE('',*,*,#7225,.T.);
#11012=ORIENTED_EDGE('',*,*,#7222,.T.);
#11013=ORIENTED_EDGE('',*,*,#7219,.T.);
#11014=ORIENTED_EDGE('',*,*,#6753,.F.);
#11015=ORIENTED_EDGE('',*,*,#7233,.T.);
#11016=ORIENTED_EDGE('',*,*,#7230,.T.);
#11017=ORIENTED_EDGE('',*,*,#7227,.T.);
#11018=ORIENTED_EDGE('',*,*,#6764,.F.);
#11019=ORIENTED_EDGE('',*,*,#7849,.T.);
#11020=ORIENTED_EDGE('',*,*,#7846,.T.);
#11021=ORIENTED_EDGE('',*,*,#7843,.T.);
#11022=ORIENTED_EDGE('',*,*,#6377,.F.);
#11023=ORIENTED_EDGE('',*,*,#7858,.T.);
#11024=ORIENTED_EDGE('',*,*,#7854,.T.);
#11025=ORIENTED_EDGE('',*,*,#7851,.T.);
#11026=ORIENTED_EDGE('',*,*,#6381,.F.);
#11027=ORIENTED_EDGE('',*,*,#7866,.T.);
#11028=ORIENTED_EDGE('',*,*,#7862,.T.);
#11029=ORIENTED_EDGE('',*,*,#7859,.T.);
#11030=ORIENTED_EDGE('',*,*,#6385,.F.);
#11031=ORIENTED_EDGE('',*,*,#7874,.T.);
#11032=ORIENTED_EDGE('',*,*,#7870,.T.);
#11033=ORIENTED_EDGE('',*,*,#7867,.T.);
#11034=ORIENTED_EDGE('',*,*,#6389,.F.);
#11035=ORIENTED_EDGE('',*,*,#7882,.T.);
#11036=ORIENTED_EDGE('',*,*,#7878,.T.);
#11037=ORIENTED_EDGE('',*,*,#7875,.T.);
#11038=ORIENTED_EDGE('',*,*,#6393,.F.);
#11039=ORIENTED_EDGE('',*,*,#7890,.T.);
#11040=ORIENTED_EDGE('',*,*,#7886,.T.);
#11041=ORIENTED_EDGE('',*,*,#7883,.T.);
#11042=ORIENTED_EDGE('',*,*,#6397,.F.);
#11043=ORIENTED_EDGE('',*,*,#7898,.T.);
#11044=ORIENTED_EDGE('',*,*,#7894,.T.);
#11045=ORIENTED_EDGE('',*,*,#7891,.T.);
#11046=ORIENTED_EDGE('',*,*,#6401,.F.);
#11047=ORIENTED_EDGE('',*,*,#7906,.T.);
#11048=ORIENTED_EDGE('',*,*,#7902,.T.);
#11049=ORIENTED_EDGE('',*,*,#7899,.T.);
#11050=ORIENTED_EDGE('',*,*,#6405,.F.);
#11051=ORIENTED_EDGE('',*,*,#7914,.T.);
#11052=ORIENTED_EDGE('',*,*,#7910,.T.);
#11053=ORIENTED_EDGE('',*,*,#7907,.T.);
#11054=ORIENTED_EDGE('',*,*,#6409,.F.);
#11055=ORIENTED_EDGE('',*,*,#7922,.T.);
#11056=ORIENTED_EDGE('',*,*,#7918,.T.);
#11057=ORIENTED_EDGE('',*,*,#7915,.T.);
#11058=ORIENTED_EDGE('',*,*,#6413,.F.);
#11059=ORIENTED_EDGE('',*,*,#7930,.T.);
#11060=ORIENTED_EDGE('',*,*,#7926,.T.);
#11061=ORIENTED_EDGE('',*,*,#7923,.T.);
#11062=ORIENTED_EDGE('',*,*,#6417,.F.);
#11063=ORIENTED_EDGE('',*,*,#7938,.T.);
#11064=ORIENTED_EDGE('',*,*,#7934,.T.);
#11065=ORIENTED_EDGE('',*,*,#7931,.T.);
#11066=ORIENTED_EDGE('',*,*,#6421,.F.);
#11067=ORIENTED_EDGE('',*,*,#7946,.T.);
#11068=ORIENTED_EDGE('',*,*,#7942,.T.);
#11069=ORIENTED_EDGE('',*,*,#7939,.T.);
#11070=ORIENTED_EDGE('',*,*,#6425,.F.);
#11071=ORIENTED_EDGE('',*,*,#7954,.T.);
#11072=ORIENTED_EDGE('',*,*,#7950,.T.);
#11073=ORIENTED_EDGE('',*,*,#7947,.T.);
#11074=ORIENTED_EDGE('',*,*,#6429,.F.);
#11075=ORIENTED_EDGE('',*,*,#7962,.T.);
#11076=ORIENTED_EDGE('',*,*,#7958,.T.);
#11077=ORIENTED_EDGE('',*,*,#7955,.T.);
#11078=ORIENTED_EDGE('',*,*,#6433,.F.);
#11079=ORIENTED_EDGE('',*,*,#7970,.T.);
#11080=ORIENTED_EDGE('',*,*,#7966,.T.);
#11081=ORIENTED_EDGE('',*,*,#7963,.T.);
#11082=ORIENTED_EDGE('',*,*,#6437,.F.);
#11083=ORIENTED_EDGE('',*,*,#7978,.T.);
#11084=ORIENTED_EDGE('',*,*,#7974,.T.);
#11085=ORIENTED_EDGE('',*,*,#7971,.T.);
#11086=ORIENTED_EDGE('',*,*,#6441,.F.);
#11087=ORIENTED_EDGE('',*,*,#7986,.T.);
#11088=ORIENTED_EDGE('',*,*,#7982,.T.);
#11089=ORIENTED_EDGE('',*,*,#7979,.T.);
#11090=ORIENTED_EDGE('',*,*,#6445,.F.);
#11091=ORIENTED_EDGE('',*,*,#7994,.T.);
#11092=ORIENTED_EDGE('',*,*,#7990,.T.);
#11093=ORIENTED_EDGE('',*,*,#7987,.T.);
#11094=ORIENTED_EDGE('',*,*,#6449,.F.);
#11095=ORIENTED_EDGE('',*,*,#6448,.T.);
#11096=ORIENTED_EDGE('',*,*,#8000,.F.);
#11097=ORIENTED_EDGE('',*,*,#8001,.F.);
#11098=ORIENTED_EDGE('',*,*,#7998,.T.);
#11099=ORIENTED_EDGE('',*,*,#7999,.T.);
#11100=ORIENTED_EDGE('',*,*,#8001,.T.);
#11101=ORIENTED_EDGE('',*,*,#8002,.F.);
#11102=ORIENTED_EDGE('',*,*,#7996,.F.);
#11103=ORIENTED_EDGE('',*,*,#7997,.T.);
#11104=ORIENTED_EDGE('',*,*,#8002,.T.);
#11105=ORIENTED_EDGE('',*,*,#8000,.T.);
#11106=ORIENTED_EDGE('',*,*,#6451,.T.);
#11107=ORIENTED_EDGE('',*,*,#7989,.F.);
#11108=ORIENTED_EDGE('',*,*,#7992,.F.);
#11109=ORIENTED_EDGE('',*,*,#7993,.F.);
#11110=ORIENTED_EDGE('',*,*,#6447,.T.);
#11111=ORIENTED_EDGE('',*,*,#7981,.F.);
#11112=ORIENTED_EDGE('',*,*,#7984,.F.);
#11113=ORIENTED_EDGE('',*,*,#7985,.F.);
#11114=ORIENTED_EDGE('',*,*,#6443,.T.);
#11115=ORIENTED_EDGE('',*,*,#7973,.F.);
#11116=ORIENTED_EDGE('',*,*,#7976,.F.);
#11117=ORIENTED_EDGE('',*,*,#7977,.F.);
#11118=ORIENTED_EDGE('',*,*,#6439,.T.);
#11119=ORIENTED_EDGE('',*,*,#7965,.F.);
#11120=ORIENTED_EDGE('',*,*,#7968,.F.);
#11121=ORIENTED_EDGE('',*,*,#7969,.F.);
#11122=ORIENTED_EDGE('',*,*,#6435,.T.);
#11123=ORIENTED_EDGE('',*,*,#7957,.F.);
#11124=ORIENTED_EDGE('',*,*,#7960,.F.);
#11125=ORIENTED_EDGE('',*,*,#7961,.F.);
#11126=ORIENTED_EDGE('',*,*,#6431,.T.);
#11127=ORIENTED_EDGE('',*,*,#7949,.F.);
#11128=ORIENTED_EDGE('',*,*,#7952,.F.);
#11129=ORIENTED_EDGE('',*,*,#7953,.F.);
#11130=ORIENTED_EDGE('',*,*,#6427,.T.);
#11131=ORIENTED_EDGE('',*,*,#7941,.F.);
#11132=ORIENTED_EDGE('',*,*,#7944,.F.);
#11133=ORIENTED_EDGE('',*,*,#7945,.F.);
#11134=ORIENTED_EDGE('',*,*,#6423,.T.);
#11135=ORIENTED_EDGE('',*,*,#7933,.F.);
#11136=ORIENTED_EDGE('',*,*,#7936,.F.);
#11137=ORIENTED_EDGE('',*,*,#7937,.F.);
#11138=ORIENTED_EDGE('',*,*,#6419,.T.);
#11139=ORIENTED_EDGE('',*,*,#7925,.F.);
#11140=ORIENTED_EDGE('',*,*,#7928,.F.);
#11141=ORIENTED_EDGE('',*,*,#7929,.F.);
#11142=ORIENTED_EDGE('',*,*,#6415,.T.);
#11143=ORIENTED_EDGE('',*,*,#7917,.F.);
#11144=ORIENTED_EDGE('',*,*,#7920,.F.);
#11145=ORIENTED_EDGE('',*,*,#7921,.F.);
#11146=ORIENTED_EDGE('',*,*,#6411,.T.);
#11147=ORIENTED_EDGE('',*,*,#7909,.F.);
#11148=ORIENTED_EDGE('',*,*,#7912,.F.);
#11149=ORIENTED_EDGE('',*,*,#7913,.F.);
#11150=ORIENTED_EDGE('',*,*,#6407,.T.);
#11151=ORIENTED_EDGE('',*,*,#7901,.F.);
#11152=ORIENTED_EDGE('',*,*,#7904,.F.);
#11153=ORIENTED_EDGE('',*,*,#7905,.F.);
#11154=ORIENTED_EDGE('',*,*,#6403,.T.);
#11155=ORIENTED_EDGE('',*,*,#7893,.F.);
#11156=ORIENTED_EDGE('',*,*,#7896,.F.);
#11157=ORIENTED_EDGE('',*,*,#7897,.F.);
#11158=ORIENTED_EDGE('',*,*,#6399,.T.);
#11159=ORIENTED_EDGE('',*,*,#7885,.F.);
#11160=ORIENTED_EDGE('',*,*,#7888,.F.);
#11161=ORIENTED_EDGE('',*,*,#7889,.F.);
#11162=ORIENTED_EDGE('',*,*,#6395,.T.);
#11163=ORIENTED_EDGE('',*,*,#7877,.F.);
#11164=ORIENTED_EDGE('',*,*,#7880,.F.);
#11165=ORIENTED_EDGE('',*,*,#7881,.F.);
#11166=ORIENTED_EDGE('',*,*,#6391,.T.);
#11167=ORIENTED_EDGE('',*,*,#7869,.F.);
#11168=ORIENTED_EDGE('',*,*,#7872,.F.);
#11169=ORIENTED_EDGE('',*,*,#7873,.F.);
#11170=ORIENTED_EDGE('',*,*,#6387,.T.);
#11171=ORIENTED_EDGE('',*,*,#7861,.F.);
#11172=ORIENTED_EDGE('',*,*,#7864,.F.);
#11173=ORIENTED_EDGE('',*,*,#7865,.F.);
#11174=ORIENTED_EDGE('',*,*,#6383,.T.);
#11175=ORIENTED_EDGE('',*,*,#7853,.F.);
#11176=ORIENTED_EDGE('',*,*,#7856,.F.);
#11177=ORIENTED_EDGE('',*,*,#7857,.F.);
#11178=ORIENTED_EDGE('',*,*,#6379,.T.);
#11179=ORIENTED_EDGE('',*,*,#7845,.F.);
#11180=ORIENTED_EDGE('',*,*,#7848,.F.);
#11181=ORIENTED_EDGE('',*,*,#7850,.F.);
#11182=ORIENTED_EDGE('',*,*,#6766,.T.);
#11183=ORIENTED_EDGE('',*,*,#7229,.F.);
#11184=ORIENTED_EDGE('',*,*,#7232,.F.);
#11185=ORIENTED_EDGE('',*,*,#7234,.F.);
#11186=ORIENTED_EDGE('',*,*,#6755,.T.);
#11187=ORIENTED_EDGE('',*,*,#7221,.F.);
#11188=ORIENTED_EDGE('',*,*,#7224,.F.);
#11189=ORIENTED_EDGE('',*,*,#7226,.F.);
#11190=ORIENTED_EDGE('',*,*,#6751,.T.);
#11191=ORIENTED_EDGE('',*,*,#7213,.F.);
#11192=ORIENTED_EDGE('',*,*,#7216,.F.);
#11193=ORIENTED_EDGE('',*,*,#7218,.F.);
#11194=ORIENTED_EDGE('',*,*,#6747,.T.);
#11195=ORIENTED_EDGE('',*,*,#7205,.F.);
#11196=ORIENTED_EDGE('',*,*,#7208,.F.);
#11197=ORIENTED_EDGE('',*,*,#7210,.F.);
#11198=ORIENTED_EDGE('',*,*,#6743,.T.);
#11199=ORIENTED_EDGE('',*,*,#7197,.F.);
#11200=ORIENTED_EDGE('',*,*,#7200,.F.);
#11201=ORIENTED_EDGE('',*,*,#7202,.F.);
#11202=ORIENTED_EDGE('',*,*,#6739,.T.);
#11203=ORIENTED_EDGE('',*,*,#7189,.F.);
#11204=ORIENTED_EDGE('',*,*,#7192,.F.);
#11205=ORIENTED_EDGE('',*,*,#7194,.F.);
#11206=ORIENTED_EDGE('',*,*,#6735,.T.);
#11207=ORIENTED_EDGE('',*,*,#7181,.F.);
#11208=ORIENTED_EDGE('',*,*,#7184,.F.);
#11209=ORIENTED_EDGE('',*,*,#7186,.F.);
#11210=ORIENTED_EDGE('',*,*,#6731,.T.);
#11211=ORIENTED_EDGE('',*,*,#7173,.F.);
#11212=ORIENTED_EDGE('',*,*,#7176,.F.);
#11213=ORIENTED_EDGE('',*,*,#7178,.F.);
#11214=ORIENTED_EDGE('',*,*,#6727,.T.);
#11215=ORIENTED_EDGE('',*,*,#7165,.F.);
#11216=ORIENTED_EDGE('',*,*,#7168,.F.);
#11217=ORIENTED_EDGE('',*,*,#7170,.F.);
#11218=ORIENTED_EDGE('',*,*,#6723,.T.);
#11219=ORIENTED_EDGE('',*,*,#7157,.F.);
#11220=ORIENTED_EDGE('',*,*,#7160,.F.);
#11221=ORIENTED_EDGE('',*,*,#7162,.F.);
#11222=ORIENTED_EDGE('',*,*,#6719,.T.);
#11223=ORIENTED_EDGE('',*,*,#7149,.F.);
#11224=ORIENTED_EDGE('',*,*,#7152,.F.);
#11225=ORIENTED_EDGE('',*,*,#7154,.F.);
#11226=ORIENTED_EDGE('',*,*,#6715,.T.);
#11227=ORIENTED_EDGE('',*,*,#7141,.F.);
#11228=ORIENTED_EDGE('',*,*,#7144,.F.);
#11229=ORIENTED_EDGE('',*,*,#7146,.F.);
#11230=ORIENTED_EDGE('',*,*,#6711,.T.);
#11231=ORIENTED_EDGE('',*,*,#7133,.F.);
#11232=ORIENTED_EDGE('',*,*,#7136,.F.);
#11233=ORIENTED_EDGE('',*,*,#7138,.F.);
#11234=ORIENTED_EDGE('',*,*,#6707,.T.);
#11235=ORIENTED_EDGE('',*,*,#7125,.F.);
#11236=ORIENTED_EDGE('',*,*,#7128,.F.);
#11237=ORIENTED_EDGE('',*,*,#7130,.F.);
#11238=ORIENTED_EDGE('',*,*,#6703,.T.);
#11239=ORIENTED_EDGE('',*,*,#7117,.F.);
#11240=ORIENTED_EDGE('',*,*,#7120,.F.);
#11241=ORIENTED_EDGE('',*,*,#7122,.F.);
#11242=ORIENTED_EDGE('',*,*,#6699,.T.);
#11243=ORIENTED_EDGE('',*,*,#7109,.F.);
#11244=ORIENTED_EDGE('',*,*,#7112,.F.);
#11245=ORIENTED_EDGE('',*,*,#7114,.F.);
#11246=ORIENTED_EDGE('',*,*,#6695,.T.);
#11247=ORIENTED_EDGE('',*,*,#7101,.F.);
#11248=ORIENTED_EDGE('',*,*,#7104,.F.);
#11249=ORIENTED_EDGE('',*,*,#7106,.F.);
#11250=ORIENTED_EDGE('',*,*,#6691,.T.);
#11251=ORIENTED_EDGE('',*,*,#7093,.F.);
#11252=ORIENTED_EDGE('',*,*,#7096,.F.);
#11253=ORIENTED_EDGE('',*,*,#7098,.F.);
#11254=ORIENTED_EDGE('',*,*,#6687,.T.);
#11255=ORIENTED_EDGE('',*,*,#7085,.F.);
#11256=ORIENTED_EDGE('',*,*,#7088,.F.);
#11257=ORIENTED_EDGE('',*,*,#7090,.F.);
#11258=ORIENTED_EDGE('',*,*,#6683,.T.);
#11259=ORIENTED_EDGE('',*,*,#7077,.F.);
#11260=ORIENTED_EDGE('',*,*,#7080,.F.);
#11261=ORIENTED_EDGE('',*,*,#7082,.F.);
#11262=ORIENTED_EDGE('',*,*,#6679,.T.);
#11263=ORIENTED_EDGE('',*,*,#7069,.F.);
#11264=ORIENTED_EDGE('',*,*,#7072,.F.);
#11265=ORIENTED_EDGE('',*,*,#7074,.F.);
#11266=ORIENTED_EDGE('',*,*,#6675,.T.);
#11267=ORIENTED_EDGE('',*,*,#7061,.F.);
#11268=ORIENTED_EDGE('',*,*,#7064,.F.);
#11269=ORIENTED_EDGE('',*,*,#7066,.F.);
#11270=ORIENTED_EDGE('',*,*,#6671,.T.);
#11271=ORIENTED_EDGE('',*,*,#7053,.F.);
#11272=ORIENTED_EDGE('',*,*,#7056,.F.);
#11273=ORIENTED_EDGE('',*,*,#7058,.F.);
#11274=ORIENTED_EDGE('',*,*,#6667,.T.);
#11275=ORIENTED_EDGE('',*,*,#7045,.F.);
#11276=ORIENTED_EDGE('',*,*,#7048,.F.);
#11277=ORIENTED_EDGE('',*,*,#7050,.F.);
#11278=ORIENTED_EDGE('',*,*,#6663,.T.);
#11279=ORIENTED_EDGE('',*,*,#7037,.F.);
#11280=ORIENTED_EDGE('',*,*,#7040,.F.);
#11281=ORIENTED_EDGE('',*,*,#7042,.F.);
#11282=ORIENTED_EDGE('',*,*,#6659,.T.);
#11283=ORIENTED_EDGE('',*,*,#7029,.F.);
#11284=ORIENTED_EDGE('',*,*,#7032,.F.);
#11285=ORIENTED_EDGE('',*,*,#7034,.F.);
#11286=ORIENTED_EDGE('',*,*,#6655,.T.);
#11287=ORIENTED_EDGE('',*,*,#7021,.F.);
#11288=ORIENTED_EDGE('',*,*,#7024,.F.);
#11289=ORIENTED_EDGE('',*,*,#7026,.F.);
#11290=ORIENTED_EDGE('',*,*,#6651,.T.);
#11291=ORIENTED_EDGE('',*,*,#7013,.F.);
#11292=ORIENTED_EDGE('',*,*,#7016,.F.);
#11293=ORIENTED_EDGE('',*,*,#7018,.F.);
#11294=ORIENTED_EDGE('',*,*,#6647,.T.);
#11295=ORIENTED_EDGE('',*,*,#7005,.F.);
#11296=ORIENTED_EDGE('',*,*,#7008,.F.);
#11297=ORIENTED_EDGE('',*,*,#7010,.F.);
#11298=ORIENTED_EDGE('',*,*,#6643,.T.);
#11299=ORIENTED_EDGE('',*,*,#6997,.F.);
#11300=ORIENTED_EDGE('',*,*,#7000,.F.);
#11301=ORIENTED_EDGE('',*,*,#7002,.F.);
#11302=ORIENTED_EDGE('',*,*,#6639,.T.);
#11303=ORIENTED_EDGE('',*,*,#6989,.F.);
#11304=ORIENTED_EDGE('',*,*,#6992,.F.);
#11305=ORIENTED_EDGE('',*,*,#6994,.F.);
#11306=ORIENTED_EDGE('',*,*,#6635,.T.);
#11307=ORIENTED_EDGE('',*,*,#6981,.F.);
#11308=ORIENTED_EDGE('',*,*,#6984,.F.);
#11309=ORIENTED_EDGE('',*,*,#6986,.F.);
#11310=ORIENTED_EDGE('',*,*,#6631,.T.);
#11311=ORIENTED_EDGE('',*,*,#6973,.F.);
#11312=ORIENTED_EDGE('',*,*,#6976,.F.);
#11313=ORIENTED_EDGE('',*,*,#6978,.F.);
#11314=ORIENTED_EDGE('',*,*,#6627,.T.);
#11315=ORIENTED_EDGE('',*,*,#6965,.F.);
#11316=ORIENTED_EDGE('',*,*,#6968,.F.);
#11317=ORIENTED_EDGE('',*,*,#6970,.F.);
#11318=ORIENTED_EDGE('',*,*,#6623,.T.);
#11319=ORIENTED_EDGE('',*,*,#6957,.F.);
#11320=ORIENTED_EDGE('',*,*,#6960,.F.);
#11321=ORIENTED_EDGE('',*,*,#6962,.F.);
#11322=ORIENTED_EDGE('',*,*,#6619,.T.);
#11323=ORIENTED_EDGE('',*,*,#6949,.F.);
#11324=ORIENTED_EDGE('',*,*,#6952,.F.);
#11325=ORIENTED_EDGE('',*,*,#6954,.F.);
#11326=ORIENTED_EDGE('',*,*,#6615,.T.);
#11327=ORIENTED_EDGE('',*,*,#6941,.F.);
#11328=ORIENTED_EDGE('',*,*,#6944,.F.);
#11329=ORIENTED_EDGE('',*,*,#6946,.F.);
#11330=ORIENTED_EDGE('',*,*,#6611,.T.);
#11331=ORIENTED_EDGE('',*,*,#6933,.F.);
#11332=ORIENTED_EDGE('',*,*,#6936,.F.);
#11333=ORIENTED_EDGE('',*,*,#6938,.F.);
#11334=ORIENTED_EDGE('',*,*,#6607,.T.);
#11335=ORIENTED_EDGE('',*,*,#6776,.F.);
#11336=ORIENTED_EDGE('',*,*,#6778,.F.);
#11337=ORIENTED_EDGE('',*,*,#6771,.F.);
#11338=ORIENTED_EDGE('',*,*,#6453,.T.);
#11339=ORIENTED_EDGE('',*,*,#6781,.T.);
#11340=ORIENTED_EDGE('',*,*,#6786,.T.);
#11341=ORIENTED_EDGE('',*,*,#6782,.T.);
#11342=ORIENTED_EDGE('',*,*,#6457,.T.);
#11343=ORIENTED_EDGE('',*,*,#6789,.T.);
#11344=ORIENTED_EDGE('',*,*,#6794,.T.);
#11345=ORIENTED_EDGE('',*,*,#6790,.T.);
#11346=ORIENTED_EDGE('',*,*,#6461,.T.);
#11347=ORIENTED_EDGE('',*,*,#6797,.T.);
#11348=ORIENTED_EDGE('',*,*,#6802,.T.);
#11349=ORIENTED_EDGE('',*,*,#6798,.T.);
#11350=ORIENTED_EDGE('',*,*,#6465,.T.);
#11351=ORIENTED_EDGE('',*,*,#6805,.T.);
#11352=ORIENTED_EDGE('',*,*,#6810,.T.);
#11353=ORIENTED_EDGE('',*,*,#6806,.T.);
#11354=ORIENTED_EDGE('',*,*,#6469,.T.);
#11355=ORIENTED_EDGE('',*,*,#6813,.T.);
#11356=ORIENTED_EDGE('',*,*,#6818,.T.);
#11357=ORIENTED_EDGE('',*,*,#6814,.T.);
#11358=ORIENTED_EDGE('',*,*,#6473,.T.);
#11359=ORIENTED_EDGE('',*,*,#6821,.T.);
#11360=ORIENTED_EDGE('',*,*,#6826,.T.);
#11361=ORIENTED_EDGE('',*,*,#6822,.T.);
#11362=ORIENTED_EDGE('',*,*,#6477,.T.);
#11363=ORIENTED_EDGE('',*,*,#6829,.T.);
#11364=ORIENTED_EDGE('',*,*,#6834,.T.);
#11365=ORIENTED_EDGE('',*,*,#6830,.T.);
#11366=ORIENTED_EDGE('',*,*,#6481,.T.);
#11367=ORIENTED_EDGE('',*,*,#6837,.T.);
#11368=ORIENTED_EDGE('',*,*,#6842,.T.);
#11369=ORIENTED_EDGE('',*,*,#6838,.T.);
#11370=ORIENTED_EDGE('',*,*,#6485,.T.);
#11371=ORIENTED_EDGE('',*,*,#6845,.T.);
#11372=ORIENTED_EDGE('',*,*,#6850,.T.);
#11373=ORIENTED_EDGE('',*,*,#6846,.T.);
#11374=ORIENTED_EDGE('',*,*,#6489,.T.);
#11375=ORIENTED_EDGE('',*,*,#6853,.T.);
#11376=ORIENTED_EDGE('',*,*,#6858,.T.);
#11377=ORIENTED_EDGE('',*,*,#6854,.T.);
#11378=ORIENTED_EDGE('',*,*,#6493,.T.);
#11379=ORIENTED_EDGE('',*,*,#6861,.T.);
#11380=ORIENTED_EDGE('',*,*,#6866,.T.);
#11381=ORIENTED_EDGE('',*,*,#6862,.T.);
#11382=ORIENTED_EDGE('',*,*,#6497,.T.);
#11383=ORIENTED_EDGE('',*,*,#6869,.T.);
#11384=ORIENTED_EDGE('',*,*,#6874,.T.);
#11385=ORIENTED_EDGE('',*,*,#6870,.T.);
#11386=ORIENTED_EDGE('',*,*,#6501,.T.);
#11387=ORIENTED_EDGE('',*,*,#6877,.T.);
#11388=ORIENTED_EDGE('',*,*,#6882,.T.);
#11389=ORIENTED_EDGE('',*,*,#6878,.T.);
#11390=ORIENTED_EDGE('',*,*,#6505,.T.);
#11391=ORIENTED_EDGE('',*,*,#6885,.T.);
#11392=ORIENTED_EDGE('',*,*,#6890,.T.);
#11393=ORIENTED_EDGE('',*,*,#6886,.T.);
#11394=ORIENTED_EDGE('',*,*,#6509,.T.);
#11395=ORIENTED_EDGE('',*,*,#6893,.T.);
#11396=ORIENTED_EDGE('',*,*,#6898,.T.);
#11397=ORIENTED_EDGE('',*,*,#6894,.T.);
#11398=ORIENTED_EDGE('',*,*,#6513,.T.);
#11399=ORIENTED_EDGE('',*,*,#6901,.T.);
#11400=ORIENTED_EDGE('',*,*,#6906,.T.);
#11401=ORIENTED_EDGE('',*,*,#6902,.T.);
#11402=ORIENTED_EDGE('',*,*,#6517,.T.);
#11403=ORIENTED_EDGE('',*,*,#6909,.T.);
#11404=ORIENTED_EDGE('',*,*,#6914,.T.);
#11405=ORIENTED_EDGE('',*,*,#6910,.T.);
#11406=ORIENTED_EDGE('',*,*,#6521,.T.);
#11407=ORIENTED_EDGE('',*,*,#6917,.T.);
#11408=ORIENTED_EDGE('',*,*,#6922,.T.);
#11409=ORIENTED_EDGE('',*,*,#6918,.T.);
#11410=ORIENTED_EDGE('',*,*,#6525,.T.);
#11411=ORIENTED_EDGE('',*,*,#6925,.F.);
#11412=ORIENTED_EDGE('',*,*,#6928,.F.);
#11413=ORIENTED_EDGE('',*,*,#6929,.F.);
#11414=ORIENTED_EDGE('',*,*,#6529,.T.);
#11415=ORIENTED_EDGE('',*,*,#7237,.F.);
#11416=ORIENTED_EDGE('',*,*,#7240,.F.);
#11417=ORIENTED_EDGE('',*,*,#7241,.F.);
#11418=ORIENTED_EDGE('',*,*,#6533,.T.);
#11419=ORIENTED_EDGE('',*,*,#7245,.F.);
#11420=ORIENTED_EDGE('',*,*,#7248,.F.);
#11421=ORIENTED_EDGE('',*,*,#7249,.F.);
#11422=ORIENTED_EDGE('',*,*,#6537,.T.);
#11423=ORIENTED_EDGE('',*,*,#7253,.F.);
#11424=ORIENTED_EDGE('',*,*,#7256,.F.);
#11425=ORIENTED_EDGE('',*,*,#7257,.F.);
#11426=ORIENTED_EDGE('',*,*,#6541,.T.);
#11427=ORIENTED_EDGE('',*,*,#7261,.F.);
#11428=ORIENTED_EDGE('',*,*,#7264,.F.);
#11429=ORIENTED_EDGE('',*,*,#7265,.F.);
#11430=ORIENTED_EDGE('',*,*,#6545,.T.);
#11431=ORIENTED_EDGE('',*,*,#7269,.F.);
#11432=ORIENTED_EDGE('',*,*,#7272,.F.);
#11433=ORIENTED_EDGE('',*,*,#7273,.F.);
#11434=ORIENTED_EDGE('',*,*,#6549,.T.);
#11435=ORIENTED_EDGE('',*,*,#7277,.F.);
#11436=ORIENTED_EDGE('',*,*,#7280,.F.);
#11437=ORIENTED_EDGE('',*,*,#7281,.F.);
#11438=ORIENTED_EDGE('',*,*,#6553,.T.);
#11439=ORIENTED_EDGE('',*,*,#7285,.F.);
#11440=ORIENTED_EDGE('',*,*,#7288,.F.);
#11441=ORIENTED_EDGE('',*,*,#7289,.F.);
#11442=ORIENTED_EDGE('',*,*,#6557,.T.);
#11443=ORIENTED_EDGE('',*,*,#7293,.F.);
#11444=ORIENTED_EDGE('',*,*,#7296,.F.);
#11445=ORIENTED_EDGE('',*,*,#7297,.F.);
#11446=ORIENTED_EDGE('',*,*,#6561,.T.);
#11447=ORIENTED_EDGE('',*,*,#7301,.F.);
#11448=ORIENTED_EDGE('',*,*,#7304,.F.);
#11449=ORIENTED_EDGE('',*,*,#7305,.F.);
#11450=ORIENTED_EDGE('',*,*,#6565,.T.);
#11451=ORIENTED_EDGE('',*,*,#7309,.F.);
#11452=ORIENTED_EDGE('',*,*,#7312,.F.);
#11453=ORIENTED_EDGE('',*,*,#7313,.F.);
#11454=ORIENTED_EDGE('',*,*,#6569,.T.);
#11455=ORIENTED_EDGE('',*,*,#7317,.F.);
#11456=ORIENTED_EDGE('',*,*,#7320,.F.);
#11457=ORIENTED_EDGE('',*,*,#7321,.F.);
#11458=ORIENTED_EDGE('',*,*,#6573,.T.);
#11459=ORIENTED_EDGE('',*,*,#7325,.F.);
#11460=ORIENTED_EDGE('',*,*,#7328,.F.);
#11461=ORIENTED_EDGE('',*,*,#7329,.F.);
#11462=ORIENTED_EDGE('',*,*,#6577,.T.);
#11463=ORIENTED_EDGE('',*,*,#7333,.F.);
#11464=ORIENTED_EDGE('',*,*,#7336,.F.);
#11465=ORIENTED_EDGE('',*,*,#7337,.F.);
#11466=ORIENTED_EDGE('',*,*,#6581,.T.);
#11467=ORIENTED_EDGE('',*,*,#7341,.F.);
#11468=ORIENTED_EDGE('',*,*,#7344,.F.);
#11469=ORIENTED_EDGE('',*,*,#7345,.F.);
#11470=ORIENTED_EDGE('',*,*,#6585,.T.);
#11471=ORIENTED_EDGE('',*,*,#7349,.F.);
#11472=ORIENTED_EDGE('',*,*,#7352,.F.);
#11473=ORIENTED_EDGE('',*,*,#7353,.F.);
#11474=ORIENTED_EDGE('',*,*,#6589,.T.);
#11475=ORIENTED_EDGE('',*,*,#7357,.F.);
#11476=ORIENTED_EDGE('',*,*,#7360,.F.);
#11477=ORIENTED_EDGE('',*,*,#7361,.F.);
#11478=ORIENTED_EDGE('',*,*,#6593,.T.);
#11479=ORIENTED_EDGE('',*,*,#7365,.F.);
#11480=ORIENTED_EDGE('',*,*,#7368,.F.);
#11481=ORIENTED_EDGE('',*,*,#7369,.F.);
#11482=ORIENTED_EDGE('',*,*,#6597,.T.);
#11483=ORIENTED_EDGE('',*,*,#7373,.F.);
#11484=ORIENTED_EDGE('',*,*,#7376,.F.);
#11485=ORIENTED_EDGE('',*,*,#7377,.F.);
#11486=ORIENTED_EDGE('',*,*,#6601,.T.);
#11487=ORIENTED_EDGE('',*,*,#7842,.T.);
#11488=ORIENTED_EDGE('',*,*,#7839,.T.);
#11489=ORIENTED_EDGE('',*,*,#7836,.T.);
#11490=ORIENTED_EDGE('',*,*,#6762,.T.);
#11491=ORIENTED_EDGE('',*,*,#7834,.T.);
#11492=ORIENTED_EDGE('',*,*,#7831,.T.);
#11493=ORIENTED_EDGE('',*,*,#7828,.T.);
#11494=ORIENTED_EDGE('',*,*,#6303,.T.);
#11495=ORIENTED_EDGE('',*,*,#7826,.T.);
#11496=ORIENTED_EDGE('',*,*,#7823,.T.);
#11497=ORIENTED_EDGE('',*,*,#7820,.T.);
#11498=ORIENTED_EDGE('',*,*,#6299,.T.);
#11499=ORIENTED_EDGE('',*,*,#7818,.T.);
#11500=ORIENTED_EDGE('',*,*,#7815,.T.);
#11501=ORIENTED_EDGE('',*,*,#7812,.T.);
#11502=ORIENTED_EDGE('',*,*,#6295,.T.);
#11503=ORIENTED_EDGE('',*,*,#7810,.T.);
#11504=ORIENTED_EDGE('',*,*,#7807,.T.);
#11505=ORIENTED_EDGE('',*,*,#7804,.T.);
#11506=ORIENTED_EDGE('',*,*,#6291,.T.);
#11507=ORIENTED_EDGE('',*,*,#7802,.T.);
#11508=ORIENTED_EDGE('',*,*,#7799,.T.);
#11509=ORIENTED_EDGE('',*,*,#7796,.T.);
#11510=ORIENTED_EDGE('',*,*,#6287,.T.);
#11511=ORIENTED_EDGE('',*,*,#7794,.T.);
#11512=ORIENTED_EDGE('',*,*,#7791,.T.);
#11513=ORIENTED_EDGE('',*,*,#7788,.T.);
#11514=ORIENTED_EDGE('',*,*,#6283,.T.);
#11515=ORIENTED_EDGE('',*,*,#7786,.T.);
#11516=ORIENTED_EDGE('',*,*,#7783,.T.);
#11517=ORIENTED_EDGE('',*,*,#7780,.T.);
#11518=ORIENTED_EDGE('',*,*,#6279,.T.);
#11519=ORIENTED_EDGE('',*,*,#7778,.T.);
#11520=ORIENTED_EDGE('',*,*,#7775,.T.);
#11521=ORIENTED_EDGE('',*,*,#7772,.T.);
#11522=ORIENTED_EDGE('',*,*,#6275,.T.);
#11523=ORIENTED_EDGE('',*,*,#7770,.T.);
#11524=ORIENTED_EDGE('',*,*,#7767,.T.);
#11525=ORIENTED_EDGE('',*,*,#7764,.T.);
#11526=ORIENTED_EDGE('',*,*,#6271,.T.);
#11527=ORIENTED_EDGE('',*,*,#7762,.T.);
#11528=ORIENTED_EDGE('',*,*,#7759,.T.);
#11529=ORIENTED_EDGE('',*,*,#7756,.T.);
#11530=ORIENTED_EDGE('',*,*,#6267,.T.);
#11531=ORIENTED_EDGE('',*,*,#7754,.T.);
#11532=ORIENTED_EDGE('',*,*,#7751,.T.);
#11533=ORIENTED_EDGE('',*,*,#7748,.T.);
#11534=ORIENTED_EDGE('',*,*,#6263,.T.);
#11535=ORIENTED_EDGE('',*,*,#7746,.T.);
#11536=ORIENTED_EDGE('',*,*,#7743,.T.);
#11537=ORIENTED_EDGE('',*,*,#7740,.T.);
#11538=ORIENTED_EDGE('',*,*,#6259,.T.);
#11539=ORIENTED_EDGE('',*,*,#7738,.T.);
#11540=ORIENTED_EDGE('',*,*,#7735,.T.);
#11541=ORIENTED_EDGE('',*,*,#7732,.T.);
#11542=ORIENTED_EDGE('',*,*,#6255,.T.);
#11543=ORIENTED_EDGE('',*,*,#7730,.T.);
#11544=ORIENTED_EDGE('',*,*,#7727,.T.);
#11545=ORIENTED_EDGE('',*,*,#7724,.T.);
#11546=ORIENTED_EDGE('',*,*,#6251,.T.);
#11547=ORIENTED_EDGE('',*,*,#7722,.T.);
#11548=ORIENTED_EDGE('',*,*,#7719,.T.);
#11549=ORIENTED_EDGE('',*,*,#7716,.T.);
#11550=ORIENTED_EDGE('',*,*,#6247,.T.);
#11551=ORIENTED_EDGE('',*,*,#7714,.T.);
#11552=ORIENTED_EDGE('',*,*,#7711,.T.);
#11553=ORIENTED_EDGE('',*,*,#7708,.T.);
#11554=ORIENTED_EDGE('',*,*,#6243,.T.);
#11555=ORIENTED_EDGE('',*,*,#7706,.T.);
#11556=ORIENTED_EDGE('',*,*,#7703,.T.);
#11557=ORIENTED_EDGE('',*,*,#7700,.T.);
#11558=ORIENTED_EDGE('',*,*,#6239,.T.);
#11559=ORIENTED_EDGE('',*,*,#7698,.T.);
#11560=ORIENTED_EDGE('',*,*,#7695,.T.);
#11561=ORIENTED_EDGE('',*,*,#7692,.T.);
#11562=ORIENTED_EDGE('',*,*,#6235,.T.);
#11563=ORIENTED_EDGE('',*,*,#7690,.T.);
#11564=ORIENTED_EDGE('',*,*,#7687,.T.);
#11565=ORIENTED_EDGE('',*,*,#7684,.T.);
#11566=ORIENTED_EDGE('',*,*,#6231,.T.);
#11567=ORIENTED_EDGE('',*,*,#7682,.T.);
#11568=ORIENTED_EDGE('',*,*,#7679,.T.);
#11569=ORIENTED_EDGE('',*,*,#7676,.T.);
#11570=ORIENTED_EDGE('',*,*,#6227,.T.);
#11571=ORIENTED_EDGE('',*,*,#7674,.T.);
#11572=ORIENTED_EDGE('',*,*,#7671,.T.);
#11573=ORIENTED_EDGE('',*,*,#7668,.T.);
#11574=ORIENTED_EDGE('',*,*,#6223,.T.);
#11575=ORIENTED_EDGE('',*,*,#7666,.T.);
#11576=ORIENTED_EDGE('',*,*,#7663,.T.);
#11577=ORIENTED_EDGE('',*,*,#7660,.T.);
#11578=ORIENTED_EDGE('',*,*,#6219,.T.);
#11579=ORIENTED_EDGE('',*,*,#7658,.T.);
#11580=ORIENTED_EDGE('',*,*,#7655,.T.);
#11581=ORIENTED_EDGE('',*,*,#7652,.T.);
#11582=ORIENTED_EDGE('',*,*,#6215,.T.);
#11583=ORIENTED_EDGE('',*,*,#7650,.T.);
#11584=ORIENTED_EDGE('',*,*,#7647,.T.);
#11585=ORIENTED_EDGE('',*,*,#7644,.T.);
#11586=ORIENTED_EDGE('',*,*,#6211,.T.);
#11587=ORIENTED_EDGE('',*,*,#7642,.T.);
#11588=ORIENTED_EDGE('',*,*,#7639,.T.);
#11589=ORIENTED_EDGE('',*,*,#7636,.T.);
#11590=ORIENTED_EDGE('',*,*,#6207,.T.);
#11591=ORIENTED_EDGE('',*,*,#7634,.T.);
#11592=ORIENTED_EDGE('',*,*,#7631,.T.);
#11593=ORIENTED_EDGE('',*,*,#7628,.T.);
#11594=ORIENTED_EDGE('',*,*,#6203,.T.);
#11595=ORIENTED_EDGE('',*,*,#7626,.T.);
#11596=ORIENTED_EDGE('',*,*,#7623,.T.);
#11597=ORIENTED_EDGE('',*,*,#7620,.T.);
#11598=ORIENTED_EDGE('',*,*,#6199,.T.);
#11599=ORIENTED_EDGE('',*,*,#7618,.T.);
#11600=ORIENTED_EDGE('',*,*,#7615,.T.);
#11601=ORIENTED_EDGE('',*,*,#7612,.T.);
#11602=ORIENTED_EDGE('',*,*,#6195,.T.);
#11603=ORIENTED_EDGE('',*,*,#7610,.T.);
#11604=ORIENTED_EDGE('',*,*,#7607,.T.);
#11605=ORIENTED_EDGE('',*,*,#7604,.T.);
#11606=ORIENTED_EDGE('',*,*,#6191,.T.);
#11607=ORIENTED_EDGE('',*,*,#7602,.T.);
#11608=ORIENTED_EDGE('',*,*,#7599,.T.);
#11609=ORIENTED_EDGE('',*,*,#7596,.T.);
#11610=ORIENTED_EDGE('',*,*,#6187,.T.);
#11611=ORIENTED_EDGE('',*,*,#7594,.T.);
#11612=ORIENTED_EDGE('',*,*,#7591,.T.);
#11613=ORIENTED_EDGE('',*,*,#7588,.T.);
#11614=ORIENTED_EDGE('',*,*,#6183,.T.);
#11615=ORIENTED_EDGE('',*,*,#7586,.T.);
#11616=ORIENTED_EDGE('',*,*,#7583,.T.);
#11617=ORIENTED_EDGE('',*,*,#7580,.T.);
#11618=ORIENTED_EDGE('',*,*,#6179,.T.);
#11619=ORIENTED_EDGE('',*,*,#7578,.T.);
#11620=ORIENTED_EDGE('',*,*,#7575,.T.);
#11621=ORIENTED_EDGE('',*,*,#7572,.T.);
#11622=ORIENTED_EDGE('',*,*,#6175,.T.);
#11623=ORIENTED_EDGE('',*,*,#7570,.T.);
#11624=ORIENTED_EDGE('',*,*,#7567,.T.);
#11625=ORIENTED_EDGE('',*,*,#7564,.T.);
#11626=ORIENTED_EDGE('',*,*,#6171,.T.);
#11627=ORIENTED_EDGE('',*,*,#7562,.T.);
#11628=ORIENTED_EDGE('',*,*,#7559,.T.);
#11629=ORIENTED_EDGE('',*,*,#7556,.T.);
#11630=ORIENTED_EDGE('',*,*,#6167,.T.);
#11631=ORIENTED_EDGE('',*,*,#7554,.T.);
#11632=ORIENTED_EDGE('',*,*,#7551,.T.);
#11633=ORIENTED_EDGE('',*,*,#7548,.T.);
#11634=ORIENTED_EDGE('',*,*,#6163,.T.);
#11635=ORIENTED_EDGE('',*,*,#7546,.T.);
#11636=ORIENTED_EDGE('',*,*,#7543,.T.);
#11637=ORIENTED_EDGE('',*,*,#7540,.T.);
#11638=ORIENTED_EDGE('',*,*,#6159,.T.);
#11639=ORIENTED_EDGE('',*,*,#7538,.T.);
#11640=ORIENTED_EDGE('',*,*,#7535,.T.);
#11641=ORIENTED_EDGE('',*,*,#7532,.T.);
#11642=ORIENTED_EDGE('',*,*,#6155,.T.);
#11643=ORIENTED_EDGE('',*,*,#7530,.T.);
#11644=ORIENTED_EDGE('',*,*,#7527,.T.);
#11645=ORIENTED_EDGE('',*,*,#7523,.T.);
#11646=ORIENTED_EDGE('',*,*,#6375,.T.);
#11647=ORIENTED_EDGE('',*,*,#7517,.T.);
#11648=ORIENTED_EDGE('',*,*,#7522,.T.);
#11649=ORIENTED_EDGE('',*,*,#7518,.T.);
#11650=ORIENTED_EDGE('',*,*,#6371,.T.);
#11651=ORIENTED_EDGE('',*,*,#7509,.T.);
#11652=ORIENTED_EDGE('',*,*,#7514,.T.);
#11653=ORIENTED_EDGE('',*,*,#7510,.T.);
#11654=ORIENTED_EDGE('',*,*,#6367,.T.);
#11655=ORIENTED_EDGE('',*,*,#7501,.T.);
#11656=ORIENTED_EDGE('',*,*,#7506,.T.);
#11657=ORIENTED_EDGE('',*,*,#7502,.T.);
#11658=ORIENTED_EDGE('',*,*,#6363,.T.);
#11659=ORIENTED_EDGE('',*,*,#7493,.T.);
#11660=ORIENTED_EDGE('',*,*,#7498,.T.);
#11661=ORIENTED_EDGE('',*,*,#7494,.T.);
#11662=ORIENTED_EDGE('',*,*,#6359,.T.);
#11663=ORIENTED_EDGE('',*,*,#7485,.T.);
#11664=ORIENTED_EDGE('',*,*,#7490,.T.);
#11665=ORIENTED_EDGE('',*,*,#7486,.T.);
#11666=ORIENTED_EDGE('',*,*,#6355,.T.);
#11667=ORIENTED_EDGE('',*,*,#7477,.T.);
#11668=ORIENTED_EDGE('',*,*,#7482,.T.);
#11669=ORIENTED_EDGE('',*,*,#7478,.T.);
#11670=ORIENTED_EDGE('',*,*,#6351,.T.);
#11671=ORIENTED_EDGE('',*,*,#7469,.T.);
#11672=ORIENTED_EDGE('',*,*,#7474,.T.);
#11673=ORIENTED_EDGE('',*,*,#7470,.T.);
#11674=ORIENTED_EDGE('',*,*,#6347,.T.);
#11675=ORIENTED_EDGE('',*,*,#7461,.T.);
#11676=ORIENTED_EDGE('',*,*,#7466,.T.);
#11677=ORIENTED_EDGE('',*,*,#7462,.T.);
#11678=ORIENTED_EDGE('',*,*,#6343,.T.);
#11679=ORIENTED_EDGE('',*,*,#7453,.T.);
#11680=ORIENTED_EDGE('',*,*,#7458,.T.);
#11681=ORIENTED_EDGE('',*,*,#7454,.T.);
#11682=ORIENTED_EDGE('',*,*,#6339,.T.);
#11683=ORIENTED_EDGE('',*,*,#7445,.T.);
#11684=ORIENTED_EDGE('',*,*,#7450,.T.);
#11685=ORIENTED_EDGE('',*,*,#7446,.T.);
#11686=ORIENTED_EDGE('',*,*,#6335,.T.);
#11687=ORIENTED_EDGE('',*,*,#7437,.T.);
#11688=ORIENTED_EDGE('',*,*,#7442,.T.);
#11689=ORIENTED_EDGE('',*,*,#7438,.T.);
#11690=ORIENTED_EDGE('',*,*,#6331,.T.);
#11691=ORIENTED_EDGE('',*,*,#7429,.T.);
#11692=ORIENTED_EDGE('',*,*,#7434,.T.);
#11693=ORIENTED_EDGE('',*,*,#7430,.T.);
#11694=ORIENTED_EDGE('',*,*,#6327,.T.);
#11695=ORIENTED_EDGE('',*,*,#7421,.T.);
#11696=ORIENTED_EDGE('',*,*,#7426,.T.);
#11697=ORIENTED_EDGE('',*,*,#7422,.T.);
#11698=ORIENTED_EDGE('',*,*,#6323,.T.);
#11699=ORIENTED_EDGE('',*,*,#7413,.T.);
#11700=ORIENTED_EDGE('',*,*,#7418,.T.);
#11701=ORIENTED_EDGE('',*,*,#7414,.T.);
#11702=ORIENTED_EDGE('',*,*,#6319,.T.);
#11703=ORIENTED_EDGE('',*,*,#7405,.T.);
#11704=ORIENTED_EDGE('',*,*,#7410,.T.);
#11705=ORIENTED_EDGE('',*,*,#7406,.T.);
#11706=ORIENTED_EDGE('',*,*,#6315,.T.);
#11707=ORIENTED_EDGE('',*,*,#7397,.T.);
#11708=ORIENTED_EDGE('',*,*,#7402,.T.);
#11709=ORIENTED_EDGE('',*,*,#7398,.T.);
#11710=ORIENTED_EDGE('',*,*,#6311,.T.);
#11711=ORIENTED_EDGE('',*,*,#7389,.T.);
#11712=ORIENTED_EDGE('',*,*,#7394,.T.);
#11713=ORIENTED_EDGE('',*,*,#7390,.T.);
#11714=ORIENTED_EDGE('',*,*,#6307,.T.);
#11715=ORIENTED_EDGE('',*,*,#7381,.T.);
#11716=ORIENTED_EDGE('',*,*,#7386,.T.);
#11717=ORIENTED_EDGE('',*,*,#7382,.T.);
#11718=ORIENTED_EDGE('',*,*,#6768,.T.);
#11719=ORIENTED_EDGE('',*,*,#6758,.T.);
#11720=ORIENTED_EDGE('',*,*,#6148,.T.);
#11721=ORIENTED_EDGE('',*,*,#6151,.T.);
#11722=ORIENTED_EDGE('',*,*,#6757,.T.);
#11723=PLANE('',#12912);
#11724=PLANE('',#12915);
#11725=PLANE('',#13032);
#11726=PLANE('',#13033);
#11727=PLANE('',#13034);
#11728=PLANE('',#13035);
#11729=PLANE('',#13036);
#11730=PLANE('',#13037);
#11731=PLANE('',#13038);
#11732=PLANE('',#13039);
#11733=PLANE('',#13040);
#11734=PLANE('',#13041);
#11735=PLANE('',#13042);
#11736=PLANE('',#13043);
#11737=PLANE('',#13044);
#11738=PLANE('',#13045);
#11739=PLANE('',#13046);
#11740=PLANE('',#13047);
#11741=PLANE('',#13048);
#11742=PLANE('',#13049);
#11743=PLANE('',#13050);
#11744=PLANE('',#13051);
#11745=PLANE('',#13052);
#11746=PLANE('',#13053);
#11747=PLANE('',#13054);
#11748=PLANE('',#13055);
#11749=PLANE('',#13056);
#11750=PLANE('',#13057);
#11751=PLANE('',#13058);
#11752=PLANE('',#13059);
#11753=PLANE('',#13060);
#11754=PLANE('',#13061);
#11755=PLANE('',#13062);
#11756=PLANE('',#13063);
#11757=PLANE('',#13064);
#11758=PLANE('',#13065);
#11759=PLANE('',#13066);
#11760=PLANE('',#13067);
#11761=PLANE('',#13068);
#11762=PLANE('',#13069);
#11763=PLANE('',#13070);
#11764=PLANE('',#13071);
#11765=PLANE('',#13072);
#11766=PLANE('',#13073);
#11767=PLANE('',#13074);
#11768=PLANE('',#13075);
#11769=PLANE('',#13076);
#11770=PLANE('',#13077);
#11771=PLANE('',#13078);
#11772=PLANE('',#13079);
#11773=PLANE('',#13080);
#11774=PLANE('',#13081);
#11775=PLANE('',#13082);
#11776=PLANE('',#13083);
#11777=PLANE('',#13084);
#11778=PLANE('',#13085);
#11779=PLANE('',#13086);
#11780=PLANE('',#13087);
#11781=PLANE('',#13088);
#11782=PLANE('',#13089);
#11783=PLANE('',#13090);
#11784=PLANE('',#13091);
#11785=PLANE('',#13092);
#11786=PLANE('',#13093);
#11787=PLANE('',#13094);
#11788=PLANE('',#13095);
#11789=PLANE('',#13096);
#11790=PLANE('',#13097);
#11791=PLANE('',#13098);
#11792=PLANE('',#13099);
#11793=PLANE('',#13100);
#11794=PLANE('',#13101);
#11795=PLANE('',#13102);
#11796=PLANE('',#13103);
#11797=PLANE('',#13104);
#11798=PLANE('',#13105);
#11799=PLANE('',#13106);
#11800=PLANE('',#13221);
#11801=PLANE('',#13230);
#11802=PLANE('',#13231);
#11803=PLANE('',#13232);
#11804=PLANE('',#13233);
#11805=PLANE('',#13234);
#11806=PLANE('',#13235);
#11807=PLANE('',#13236);
#11808=PLANE('',#13237);
#11809=PLANE('',#13238);
#11810=PLANE('',#13239);
#11811=PLANE('',#13240);
#11812=PLANE('',#13241);
#11813=PLANE('',#13242);
#11814=PLANE('',#13243);
#11815=PLANE('',#13244);
#11816=PLANE('',#13245);
#11817=PLANE('',#13246);
#11818=PLANE('',#13247);
#11819=PLANE('',#13248);
#11820=PLANE('',#13249);
#11821=PLANE('',#13250);
#11822=PLANE('',#13251);
#11823=PLANE('',#13252);
#11824=PLANE('',#13253);
#11825=PLANE('',#13254);
#11826=PLANE('',#13255);
#11827=PLANE('',#13256);
#11828=PLANE('',#13257);
#11829=PLANE('',#13258);
#11830=PLANE('',#13259);
#11831=PLANE('',#13260);
#11832=PLANE('',#13261);
#11833=PLANE('',#13262);
#11834=PLANE('',#13263);
#11835=PLANE('',#13264);
#11836=PLANE('',#13265);
#11837=PLANE('',#13266);
#11838=PLANE('',#13267);
#11839=PLANE('',#13268);
#11840=PLANE('',#13269);
#11841=PLANE('',#13270);
#11842=PLANE('',#13271);
#11843=PLANE('',#13272);
#11844=PLANE('',#13273);
#11845=PLANE('',#13274);
#11846=PLANE('',#13275);
#11847=PLANE('',#13276);
#11848=PLANE('',#13277);
#11849=PLANE('',#13278);
#11850=PLANE('',#13279);
#11851=PLANE('',#13280);
#11852=PLANE('',#13281);
#11853=PLANE('',#13282);
#11854=PLANE('',#13283);
#11855=PLANE('',#13284);
#11856=PLANE('',#13285);
#11857=PLANE('',#13286);
#11858=PLANE('',#13287);
#11859=PLANE('',#13288);
#11860=PLANE('',#13289);
#11861=PLANE('',#13290);
#11862=PLANE('',#13291);
#11863=PLANE('',#13292);
#11864=PLANE('',#13293);
#11865=PLANE('',#13294);
#11866=PLANE('',#13295);
#11867=PLANE('',#13296);
#11868=PLANE('',#13297);
#11869=PLANE('',#13298);
#11870=PLANE('',#13299);
#11871=PLANE('',#13300);
#11872=PLANE('',#13301);
#11873=PLANE('',#13302);
#11874=PLANE('',#13303);
#11875=PLANE('',#13304);
#11876=PLANE('',#13305);
#11877=PLANE('',#13306);
#11878=PLANE('',#13307);
#11879=PLANE('',#13308);
#11880=PLANE('',#13309);
#11881=PLANE('',#13310);
#11882=PLANE('',#13311);
#11883=PLANE('',#13312);
#11884=PLANE('',#13313);
#11885=PLANE('',#13314);
#11886=PLANE('',#13315);
#11887=PLANE('',#13316);
#11888=PLANE('',#13317);
#11889=PLANE('',#13318);
#11890=PLANE('',#13319);
#11891=PLANE('',#13320);
#11892=PLANE('',#13321);
#11893=PLANE('',#13322);
#11894=PLANE('',#13323);
#11895=PLANE('',#13324);
#11896=PLANE('',#13325);
#11897=PLANE('',#13326);
#11898=PLANE('',#13327);
#11899=PLANE('',#13328);
#11900=PLANE('',#13329);
#11901=PLANE('',#13330);
#11902=PLANE('',#13331);
#11903=PLANE('',#13332);
#11904=PLANE('',#13333);
#11905=PLANE('',#13334);
#11906=PLANE('',#13335);
#11907=PLANE('',#13336);
#11908=PLANE('',#13337);
#11909=PLANE('',#13338);
#11910=PLANE('',#13339);
#11911=PLANE('',#13340);
#11912=PLANE('',#13341);
#11913=PLANE('',#13342);
#11914=PLANE('',#13343);
#11915=PLANE('',#13344);
#11916=PLANE('',#13345);
#11917=PLANE('',#13346);
#11918=PLANE('',#13347);
#11919=PLANE('',#13348);
#11920=PLANE('',#13349);
#11921=PLANE('',#13350);
#11922=PLANE('',#13351);
#11923=PLANE('',#13352);
#11924=PLANE('',#13353);
#11925=PLANE('',#13354);
#11926=PLANE('',#13355);
#11927=PLANE('',#13356);
#11928=PLANE('',#13357);
#11929=PLANE('',#13358);
#11930=PLANE('',#13359);
#11931=PLANE('',#13360);
#11932=PLANE('',#13361);
#11933=PLANE('',#13362);
#11934=PLANE('',#13363);
#11935=PLANE('',#13364);
#11936=PLANE('',#13365);
#11937=PLANE('',#13366);
#11938=PLANE('',#13367);
#11939=PLANE('',#13368);
#11940=PLANE('',#13369);
#11941=PLANE('',#13370);
#11942=PLANE('',#13371);
#11943=PLANE('',#13372);
#11944=PLANE('',#13373);
#11945=PLANE('',#13374);
#11946=PLANE('',#13375);
#11947=PLANE('',#13376);
#11948=PLANE('',#13377);
#11949=PLANE('',#13378);
#11950=PLANE('',#13379);
#11951=PLANE('',#13380);
#11952=PLANE('',#13381);
#11953=PLANE('',#13382);
#11954=PLANE('',#13383);
#11955=PLANE('',#13384);
#11956=PLANE('',#13385);
#11957=PLANE('',#13386);
#11958=PLANE('',#13387);
#11959=PLANE('',#13388);
#11960=PLANE('',#13389);
#11961=PLANE('',#13390);
#11962=PLANE('',#13391);
#11963=PLANE('',#13392);
#11964=PLANE('',#13393);
#11965=PLANE('',#13394);
#11966=PLANE('',#13395);
#11967=PLANE('',#13396);
#11968=PLANE('',#13397);
#11969=PLANE('',#13398);
#11970=PLANE('',#13399);
#11971=PLANE('',#13400);
#11972=PLANE('',#13401);
#11973=PLANE('',#13402);
#11974=PLANE('',#13403);
#11975=PLANE('',#13404);
#11976=PLANE('',#13405);
#11977=PLANE('',#13406);
#11978=PLANE('',#13407);
#11979=PLANE('',#13408);
#11980=PLANE('',#13409);
#11981=PLANE('',#13410);
#11982=PLANE('',#13411);
#11983=PLANE('',#13412);
#11984=PLANE('',#13413);
#11985=PLANE('',#13414);
#11986=PLANE('',#13415);
#11987=PLANE('',#13416);
#11988=PLANE('',#13417);
#11989=PLANE('',#13418);
#11990=PLANE('',#13419);
#11991=PLANE('',#13420);
#11992=PLANE('',#13421);
#11993=PLANE('',#13422);
#11994=PLANE('',#13423);
#11995=PLANE('',#13424);
#11996=PLANE('',#13425);
#11997=PLANE('',#13426);
#11998=PLANE('',#13427);
#11999=PLANE('',#13428);
#12000=PLANE('',#13429);
#12001=PLANE('',#13430);
#12002=PLANE('',#13431);
#12003=PLANE('',#13432);
#12004=PLANE('',#13433);
#12005=PLANE('',#13434);
#12006=PLANE('',#13435);
#12007=PLANE('',#13436);
#12008=PLANE('',#13437);
#12009=PLANE('',#13438);
#12010=PLANE('',#13439);
#12011=PLANE('',#13440);
#12012=PLANE('',#13441);
#12013=PLANE('',#13442);
#12014=PLANE('',#13443);
#12015=PLANE('',#13444);
#12016=PLANE('',#13445);
#12017=PLANE('',#13446);
#12018=PLANE('',#13447);
#12019=PLANE('',#13448);
#12020=PLANE('',#13449);
#12021=PLANE('',#13450);
#12022=PLANE('',#13451);
#12023=PLANE('',#13452);
#12024=PLANE('',#13453);
#12025=PLANE('',#13454);
#12026=PLANE('',#13455);
#12027=PLANE('',#13456);
#12028=PLANE('',#13457);
#12029=PLANE('',#13458);
#12030=PLANE('',#13459);
#12031=PLANE('',#13460);
#12032=PLANE('',#13461);
#12033=PLANE('',#13462);
#12034=PLANE('',#13463);
#12035=PLANE('',#13464);
#12036=PLANE('',#13465);
#12037=PLANE('',#13466);
#12038=PLANE('',#13467);
#12039=PLANE('',#13468);
#12040=PLANE('',#13469);
#12041=PLANE('',#13470);
#12042=PLANE('',#13471);
#12043=PLANE('',#13472);
#12044=PLANE('',#13473);
#12045=PLANE('',#13474);
#12046=PLANE('',#13475);
#12047=PLANE('',#13476);
#12048=PLANE('',#13477);
#12049=PLANE('',#13478);
#12050=PLANE('',#13479);
#12051=PLANE('',#13480);
#12052=PLANE('',#13481);
#12053=PLANE('',#13482);
#12054=PLANE('',#13483);
#12055=PLANE('',#13484);
#12056=PLANE('',#13485);
#12057=PLANE('',#13486);
#12058=PLANE('',#13487);
#12059=PLANE('',#13488);
#12060=PLANE('',#13489);
#12061=PLANE('',#13490);
#12062=PLANE('',#13491);
#12063=PLANE('',#13492);
#12064=PLANE('',#13493);
#12065=PLANE('',#13494);
#12066=PLANE('',#13495);
#12067=PLANE('',#13496);
#12068=PLANE('',#13497);
#12069=PLANE('',#13498);
#12070=PLANE('',#13499);
#12071=PLANE('',#13500);
#12072=PLANE('',#13501);
#12073=PLANE('',#13502);
#12074=PLANE('',#13503);
#12075=PLANE('',#13504);
#12076=PLANE('',#13505);
#12077=PLANE('',#13506);
#12078=PLANE('',#13507);
#12079=PLANE('',#13508);
#12080=PLANE('',#13509);
#12081=PLANE('',#13510);
#12082=PLANE('',#13511);
#12083=PLANE('',#13512);
#12084=PLANE('',#13513);
#12085=PLANE('',#13514);
#12086=PLANE('',#13515);
#12087=PLANE('',#13516);
#12088=PLANE('',#13517);
#12089=PLANE('',#13518);
#12090=PLANE('',#13519);
#12091=PLANE('',#13520);
#12092=PLANE('',#13521);
#12093=PLANE('',#13522);
#12094=PLANE('',#13523);
#12095=PLANE('',#13524);
#12096=PLANE('',#13525);
#12097=PLANE('',#13526);
#12098=PLANE('',#13527);
#12099=PLANE('',#13528);
#12100=PLANE('',#13529);
#12101=PLANE('',#13530);
#12102=PLANE('',#13531);
#12103=PLANE('',#13532);
#12104=PLANE('',#13533);
#12105=PLANE('',#13534);
#12106=PLANE('',#13535);
#12107=PLANE('',#13536);
#12108=PLANE('',#13537);
#12109=PLANE('',#13538);
#12110=PLANE('',#13539);
#12111=PLANE('',#13540);
#12112=PLANE('',#13541);
#12113=PLANE('',#13542);
#12114=PLANE('',#13543);
#12115=PLANE('',#13544);
#12116=PLANE('',#13545);
#12117=PLANE('',#13546);
#12118=PLANE('',#13547);
#12119=PLANE('',#13548);
#12120=PLANE('',#13549);
#12121=PLANE('',#13550);
#12122=PLANE('',#13551);
#12123=PLANE('',#13552);
#12124=PLANE('',#13553);
#12125=PLANE('',#13554);
#12126=PLANE('',#13555);
#12127=PLANE('',#13556);
#12128=PLANE('',#13557);
#12129=PLANE('',#13558);
#12130=PLANE('',#13559);
#12131=PLANE('',#13560);
#12132=PLANE('',#13561);
#12133=PLANE('',#13562);
#12134=PLANE('',#13563);
#12135=PLANE('',#13564);
#12136=PLANE('',#13565);
#12137=PLANE('',#13566);
#12138=PLANE('',#13567);
#12139=PLANE('',#13568);
#12140=PLANE('',#13569);
#12141=PLANE('',#13570);
#12142=PLANE('',#13571);
#12143=PLANE('',#13572);
#12144=PLANE('',#13573);
#12145=PLANE('',#13574);
#12146=PLANE('',#13575);
#12147=PLANE('',#13576);
#12148=PLANE('',#13577);
#12149=PLANE('',#13578);
#12150=PLANE('',#13579);
#12151=PLANE('',#13580);
#12152=PLANE('',#13581);
#12153=PLANE('',#13582);
#12154=PLANE('',#13583);
#12155=PLANE('',#13584);
#12156=PLANE('',#13585);
#12157=PLANE('',#13586);
#12158=PLANE('',#13587);
#12159=PLANE('',#13588);
#12160=PLANE('',#13589);
#12161=PLANE('',#13590);
#12162=PLANE('',#13591);
#12163=PLANE('',#13592);
#12164=PLANE('',#13593);
#12165=PLANE('',#13594);
#12166=PLANE('',#13595);
#12167=PLANE('',#13596);
#12168=PLANE('',#13597);
#12169=PLANE('',#13598);
#12170=PLANE('',#13599);
#12171=PLANE('',#13600);
#12172=PLANE('',#13601);
#12173=PLANE('',#13602);
#12174=PLANE('',#13603);
#12175=PLANE('',#13604);
#12176=PLANE('',#13605);
#12177=PLANE('',#13606);
#12178=PLANE('',#13607);
#12179=PLANE('',#13608);
#12180=PLANE('',#13609);
#12181=PLANE('',#13610);
#12182=PLANE('',#13611);
#12183=PLANE('',#13612);
#12184=PLANE('',#13613);
#12185=PLANE('',#13614);
#12186=PLANE('',#13615);
#12187=PLANE('',#13616);
#12188=PLANE('',#13617);
#12189=PLANE('',#13618);
#12190=PLANE('',#13619);
#12191=PLANE('',#13620);
#12192=PLANE('',#13621);
#12193=PLANE('',#13622);
#12194=PLANE('',#13623);
#12195=PLANE('',#13624);
#12196=PLANE('',#13625);
#12197=PLANE('',#13626);
#12198=PLANE('',#13627);
#12199=PLANE('',#13628);
#12200=PLANE('',#13629);
#12201=PLANE('',#13630);
#12202=PLANE('',#13631);
#12203=PLANE('',#13632);
#12204=PLANE('',#13633);
#12205=PLANE('',#13634);
#12206=PLANE('',#13635);
#12207=PLANE('',#13636);
#12208=PLANE('',#13637);
#12209=PLANE('',#13638);
#12210=PLANE('',#13639);
#12211=PLANE('',#13640);
#12212=PLANE('',#13641);
#12213=PLANE('',#13642);
#12214=PLANE('',#13643);
#12215=PLANE('',#13644);
#12216=PLANE('',#13645);
#12217=PLANE('',#13646);
#12218=PLANE('',#13647);
#12219=PLANE('',#13648);
#12220=PLANE('',#13649);
#12221=PLANE('',#13650);
#12222=PLANE('',#13651);
#12223=PLANE('',#13652);
#12224=PLANE('',#13653);
#12225=PLANE('',#13654);
#12226=PLANE('',#13655);
#12227=PLANE('',#13656);
#12228=PLANE('',#13657);
#12229=PLANE('',#13658);
#12230=PLANE('',#13659);
#12231=PLANE('',#13660);
#12232=PLANE('',#13661);
#12233=PLANE('',#13662);
#12234=PLANE('',#13663);
#12235=PLANE('',#13664);
#12236=PLANE('',#13665);
#12237=PLANE('',#13666);
#12238=PLANE('',#13667);
#12239=PLANE('',#13668);
#12240=PLANE('',#13669);
#12241=PLANE('',#13670);
#12242=PLANE('',#13671);
#12243=PLANE('',#13672);
#12244=PLANE('',#13673);
#12245=PLANE('',#13674);
#12246=PLANE('',#13675);
#12247=PLANE('',#13676);
#12248=PLANE('',#13677);
#12249=PLANE('',#13678);
#12250=PLANE('',#13679);
#12251=PLANE('',#13680);
#12252=PLANE('',#13681);
#12253=PLANE('',#13682);
#12254=PLANE('',#13683);
#12255=PLANE('',#13684);
#12256=PLANE('',#13685);
#12257=PLANE('',#13686);
#12258=PLANE('',#13687);
#12259=PLANE('',#13688);
#12260=PLANE('',#13689);
#12261=PLANE('',#13690);
#12262=PLANE('',#13691);
#12263=PLANE('',#13692);
#12264=PLANE('',#13693);
#12265=PLANE('',#13694);
#12266=ADVANCED_FACE('',(#96),#11723,.T.);
#12267=ADVANCED_FACE('',(#97),#11724,.T.);
#12268=ADVANCED_FACE('',(#98),#16,.F.);
#12269=ADVANCED_FACE('',(#99),#17,.T.);
#12270=ADVANCED_FACE('',(#100),#18,.T.);
#12271=ADVANCED_FACE('',(#101),#19,.T.);
#12272=ADVANCED_FACE('',(#102),#20,.T.);
#12273=ADVANCED_FACE('',(#103),#21,.T.);
#12274=ADVANCED_FACE('',(#104),#22,.T.);
#12275=ADVANCED_FACE('',(#105),#23,.T.);
#12276=ADVANCED_FACE('',(#106),#24,.T.);
#12277=ADVANCED_FACE('',(#107),#25,.T.);
#12278=ADVANCED_FACE('',(#108),#26,.T.);
#12279=ADVANCED_FACE('',(#109),#27,.T.);
#12280=ADVANCED_FACE('',(#110),#28,.T.);
#12281=ADVANCED_FACE('',(#111),#29,.T.);
#12282=ADVANCED_FACE('',(#112),#30,.T.);
#12283=ADVANCED_FACE('',(#113),#31,.T.);
#12284=ADVANCED_FACE('',(#114),#32,.T.);
#12285=ADVANCED_FACE('',(#115),#33,.T.);
#12286=ADVANCED_FACE('',(#116),#34,.T.);
#12287=ADVANCED_FACE('',(#117),#35,.T.);
#12288=ADVANCED_FACE('',(#118),#36,.T.);
#12289=ADVANCED_FACE('',(#119),#37,.T.);
#12290=ADVANCED_FACE('',(#120),#38,.T.);
#12291=ADVANCED_FACE('',(#121),#39,.T.);
#12292=ADVANCED_FACE('',(#122),#40,.T.);
#12293=ADVANCED_FACE('',(#123),#41,.T.);
#12294=ADVANCED_FACE('',(#124),#42,.T.);
#12295=ADVANCED_FACE('',(#125),#43,.T.);
#12296=ADVANCED_FACE('',(#126),#44,.T.);
#12297=ADVANCED_FACE('',(#127),#45,.T.);
#12298=ADVANCED_FACE('',(#128),#46,.T.);
#12299=ADVANCED_FACE('',(#129),#47,.T.);
#12300=ADVANCED_FACE('',(#130),#48,.T.);
#12301=ADVANCED_FACE('',(#131),#49,.T.);
#12302=ADVANCED_FACE('',(#132),#50,.T.);
#12303=ADVANCED_FACE('',(#133),#51,.T.);
#12304=ADVANCED_FACE('',(#134),#52,.T.);
#12305=ADVANCED_FACE('',(#135),#53,.T.);
#12306=ADVANCED_FACE('',(#136),#54,.T.);
#12307=ADVANCED_FACE('',(#137),#11725,.T.);
#12308=ADVANCED_FACE('',(#138),#11726,.T.);
#12309=ADVANCED_FACE('',(#139),#11727,.T.);
#12310=ADVANCED_FACE('',(#140),#11728,.T.);
#12311=ADVANCED_FACE('',(#141),#11729,.T.);
#12312=ADVANCED_FACE('',(#142),#11730,.T.);
#12313=ADVANCED_FACE('',(#143),#11731,.T.);
#12314=ADVANCED_FACE('',(#144),#11732,.T.);
#12315=ADVANCED_FACE('',(#145),#11733,.T.);
#12316=ADVANCED_FACE('',(#146),#11734,.T.);
#12317=ADVANCED_FACE('',(#147),#11735,.T.);
#12318=ADVANCED_FACE('',(#148),#11736,.T.);
#12319=ADVANCED_FACE('',(#149),#11737,.T.);
#12320=ADVANCED_FACE('',(#150),#11738,.T.);
#12321=ADVANCED_FACE('',(#151),#11739,.T.);
#12322=ADVANCED_FACE('',(#152),#11740,.T.);
#12323=ADVANCED_FACE('',(#153),#11741,.T.);
#12324=ADVANCED_FACE('',(#154),#11742,.T.);
#12325=ADVANCED_FACE('',(#155),#11743,.T.);
#12326=ADVANCED_FACE('',(#156),#11744,.T.);
#12327=ADVANCED_FACE('',(#157),#11745,.T.);
#12328=ADVANCED_FACE('',(#158),#11746,.T.);
#12329=ADVANCED_FACE('',(#159),#11747,.T.);
#12330=ADVANCED_FACE('',(#160),#11748,.T.);
#12331=ADVANCED_FACE('',(#161),#11749,.T.);
#12332=ADVANCED_FACE('',(#162),#11750,.T.);
#12333=ADVANCED_FACE('',(#163),#11751,.T.);
#12334=ADVANCED_FACE('',(#164),#11752,.T.);
#12335=ADVANCED_FACE('',(#165),#11753,.T.);
#12336=ADVANCED_FACE('',(#166),#11754,.T.);
#12337=ADVANCED_FACE('',(#167),#11755,.T.);
#12338=ADVANCED_FACE('',(#168),#11756,.T.);
#12339=ADVANCED_FACE('',(#169),#11757,.T.);
#12340=ADVANCED_FACE('',(#170),#11758,.T.);
#12341=ADVANCED_FACE('',(#171),#11759,.T.);
#12342=ADVANCED_FACE('',(#172),#11760,.T.);
#12343=ADVANCED_FACE('',(#173),#11761,.T.);
#12344=ADVANCED_FACE('',(#174),#11762,.T.);
#12345=ADVANCED_FACE('',(#175),#11763,.T.);
#12346=ADVANCED_FACE('',(#176),#11764,.T.);
#12347=ADVANCED_FACE('',(#177),#11765,.T.);
#12348=ADVANCED_FACE('',(#178),#11766,.T.);
#12349=ADVANCED_FACE('',(#179),#11767,.T.);
#12350=ADVANCED_FACE('',(#180),#11768,.T.);
#12351=ADVANCED_FACE('',(#181),#11769,.T.);
#12352=ADVANCED_FACE('',(#182),#11770,.T.);
#12353=ADVANCED_FACE('',(#183),#11771,.T.);
#12354=ADVANCED_FACE('',(#184),#11772,.T.);
#12355=ADVANCED_FACE('',(#185),#11773,.T.);
#12356=ADVANCED_FACE('',(#186),#11774,.T.);
#12357=ADVANCED_FACE('',(#187),#11775,.T.);
#12358=ADVANCED_FACE('',(#188),#11776,.T.);
#12359=ADVANCED_FACE('',(#189),#11777,.T.);
#12360=ADVANCED_FACE('',(#190),#11778,.T.);
#12361=ADVANCED_FACE('',(#191),#11779,.T.);
#12362=ADVANCED_FACE('',(#192),#11780,.T.);
#12363=ADVANCED_FACE('',(#193),#11781,.T.);
#12364=ADVANCED_FACE('',(#194),#11782,.T.);
#12365=ADVANCED_FACE('',(#195),#11783,.T.);
#12366=ADVANCED_FACE('',(#196),#11784,.T.);
#12367=ADVANCED_FACE('',(#197),#11785,.T.);
#12368=ADVANCED_FACE('',(#198),#11786,.T.);
#12369=ADVANCED_FACE('',(#199),#11787,.T.);
#12370=ADVANCED_FACE('',(#200),#11788,.T.);
#12371=ADVANCED_FACE('',(#201),#11789,.T.);
#12372=ADVANCED_FACE('',(#202),#11790,.T.);
#12373=ADVANCED_FACE('',(#203),#11791,.T.);
#12374=ADVANCED_FACE('',(#204),#11792,.T.);
#12375=ADVANCED_FACE('',(#205),#11793,.T.);
#12376=ADVANCED_FACE('',(#206),#11794,.T.);
#12377=ADVANCED_FACE('',(#207),#11795,.T.);
#12378=ADVANCED_FACE('',(#208),#11796,.T.);
#12379=ADVANCED_FACE('',(#209),#11797,.T.);
#12380=ADVANCED_FACE('',(#210),#11798,.T.);
#12381=ADVANCED_FACE('',(#211),#11799,.T.);
#12382=ADVANCED_FACE('',(#212),#55,.T.);
#12383=ADVANCED_FACE('',(#213),#56,.T.);
#12384=ADVANCED_FACE('',(#214),#57,.T.);
#12385=ADVANCED_FACE('',(#215),#58,.T.);
#12386=ADVANCED_FACE('',(#216),#59,.T.);
#12387=ADVANCED_FACE('',(#217),#60,.T.);
#12388=ADVANCED_FACE('',(#218),#61,.T.);
#12389=ADVANCED_FACE('',(#219),#62,.T.);
#12390=ADVANCED_FACE('',(#220),#63,.T.);
#12391=ADVANCED_FACE('',(#221),#64,.T.);
#12392=ADVANCED_FACE('',(#222),#65,.T.);
#12393=ADVANCED_FACE('',(#223),#66,.T.);
#12394=ADVANCED_FACE('',(#224),#67,.T.);
#12395=ADVANCED_FACE('',(#225),#68,.T.);
#12396=ADVANCED_FACE('',(#226),#69,.T.);
#12397=ADVANCED_FACE('',(#227),#70,.T.);
#12398=ADVANCED_FACE('',(#228),#71,.T.);
#12399=ADVANCED_FACE('',(#229),#72,.T.);
#12400=ADVANCED_FACE('',(#230),#73,.T.);
#12401=ADVANCED_FACE('',(#231),#74,.T.);
#12402=ADVANCED_FACE('',(#232),#75,.T.);
#12403=ADVANCED_FACE('',(#233),#76,.T.);
#12404=ADVANCED_FACE('',(#234),#77,.T.);
#12405=ADVANCED_FACE('',(#235),#78,.T.);
#12406=ADVANCED_FACE('',(#236),#79,.T.);
#12407=ADVANCED_FACE('',(#237),#80,.T.);
#12408=ADVANCED_FACE('',(#238),#81,.T.);
#12409=ADVANCED_FACE('',(#239),#82,.T.);
#12410=ADVANCED_FACE('',(#240),#83,.T.);
#12411=ADVANCED_FACE('',(#241),#84,.T.);
#12412=ADVANCED_FACE('',(#242),#85,.T.);
#12413=ADVANCED_FACE('',(#243),#86,.T.);
#12414=ADVANCED_FACE('',(#244),#87,.T.);
#12415=ADVANCED_FACE('',(#245),#88,.T.);
#12416=ADVANCED_FACE('',(#246),#89,.T.);
#12417=ADVANCED_FACE('',(#247),#90,.T.);
#12418=ADVANCED_FACE('',(#248),#91,.T.);
#12419=ADVANCED_FACE('',(#249),#92,.T.);
#12420=ADVANCED_FACE('',(#250),#11800,.T.);
#12421=ADVANCED_FACE('',(#251),#93,.F.);
#12422=ADVANCED_FACE('',(#252),#94,.T.);
#12423=ADVANCED_FACE('',(#253),#95,.T.);
#12424=ADVANCED_FACE('',(#254),#11801,.T.);
#12425=ADVANCED_FACE('',(#255),#11802,.F.);
#12426=ADVANCED_FACE('',(#256),#11803,.F.);
#12427=ADVANCED_FACE('',(#257),#11804,.F.);
#12428=ADVANCED_FACE('',(#258),#11805,.T.);
#12429=ADVANCED_FACE('',(#259),#11806,.T.);
#12430=ADVANCED_FACE('',(#260),#11807,.T.);
#12431=ADVANCED_FACE('',(#261),#11808,.T.);
#12432=ADVANCED_FACE('',(#262),#11809,.T.);
#12433=ADVANCED_FACE('',(#263),#11810,.T.);
#12434=ADVANCED_FACE('',(#264),#11811,.T.);
#12435=ADVANCED_FACE('',(#265),#11812,.T.);
#12436=ADVANCED_FACE('',(#266),#11813,.T.);
#12437=ADVANCED_FACE('',(#267),#11814,.T.);
#12438=ADVANCED_FACE('',(#268),#11815,.T.);
#12439=ADVANCED_FACE('',(#269),#11816,.T.);
#12440=ADVANCED_FACE('',(#270),#11817,.T.);
#12441=ADVANCED_FACE('',(#271),#11818,.T.);
#12442=ADVANCED_FACE('',(#272),#11819,.T.);
#12443=ADVANCED_FACE('',(#273),#11820,.T.);
#12444=ADVANCED_FACE('',(#274),#11821,.T.);
#12445=ADVANCED_FACE('',(#275),#11822,.T.);
#12446=ADVANCED_FACE('',(#276),#11823,.T.);
#12447=ADVANCED_FACE('',(#277),#11824,.T.);
#12448=ADVANCED_FACE('',(#278),#11825,.T.);
#12449=ADVANCED_FACE('',(#279),#11826,.T.);
#12450=ADVANCED_FACE('',(#280),#11827,.T.);
#12451=ADVANCED_FACE('',(#281),#11828,.T.);
#12452=ADVANCED_FACE('',(#282),#11829,.T.);
#12453=ADVANCED_FACE('',(#283),#11830,.T.);
#12454=ADVANCED_FACE('',(#284),#11831,.T.);
#12455=ADVANCED_FACE('',(#285),#11832,.T.);
#12456=ADVANCED_FACE('',(#286),#11833,.T.);
#12457=ADVANCED_FACE('',(#287),#11834,.T.);
#12458=ADVANCED_FACE('',(#288),#11835,.T.);
#12459=ADVANCED_FACE('',(#289),#11836,.T.);
#12460=ADVANCED_FACE('',(#290),#11837,.T.);
#12461=ADVANCED_FACE('',(#291),#11838,.T.);
#12462=ADVANCED_FACE('',(#292),#11839,.T.);
#12463=ADVANCED_FACE('',(#293),#11840,.T.);
#12464=ADVANCED_FACE('',(#294),#11841,.T.);
#12465=ADVANCED_FACE('',(#295),#11842,.T.);
#12466=ADVANCED_FACE('',(#296),#11843,.T.);
#12467=ADVANCED_FACE('',(#297),#11844,.T.);
#12468=ADVANCED_FACE('',(#298),#11845,.T.);
#12469=ADVANCED_FACE('',(#299),#11846,.T.);
#12470=ADVANCED_FACE('',(#300),#11847,.T.);
#12471=ADVANCED_FACE('',(#301),#11848,.T.);
#12472=ADVANCED_FACE('',(#302),#11849,.T.);
#12473=ADVANCED_FACE('',(#303),#11850,.T.);
#12474=ADVANCED_FACE('',(#304),#11851,.T.);
#12475=ADVANCED_FACE('',(#305),#11852,.T.);
#12476=ADVANCED_FACE('',(#306),#11853,.T.);
#12477=ADVANCED_FACE('',(#307),#11854,.T.);
#12478=ADVANCED_FACE('',(#308),#11855,.T.);
#12479=ADVANCED_FACE('',(#309),#11856,.T.);
#12480=ADVANCED_FACE('',(#310),#11857,.T.);
#12481=ADVANCED_FACE('',(#311),#11858,.T.);
#12482=ADVANCED_FACE('',(#312),#11859,.F.);
#12483=ADVANCED_FACE('',(#313),#11860,.F.);
#12484=ADVANCED_FACE('',(#314),#11861,.F.);
#12485=ADVANCED_FACE('',(#315),#11862,.F.);
#12486=ADVANCED_FACE('',(#316),#11863,.F.);
#12487=ADVANCED_FACE('',(#317),#11864,.F.);
#12488=ADVANCED_FACE('',(#318),#11865,.F.);
#12489=ADVANCED_FACE('',(#319),#11866,.F.);
#12490=ADVANCED_FACE('',(#320),#11867,.F.);
#12491=ADVANCED_FACE('',(#321),#11868,.F.);
#12492=ADVANCED_FACE('',(#322),#11869,.F.);
#12493=ADVANCED_FACE('',(#323),#11870,.F.);
#12494=ADVANCED_FACE('',(#324),#11871,.F.);
#12495=ADVANCED_FACE('',(#325),#11872,.F.);
#12496=ADVANCED_FACE('',(#326),#11873,.F.);
#12497=ADVANCED_FACE('',(#327),#11874,.F.);
#12498=ADVANCED_FACE('',(#328),#11875,.F.);
#12499=ADVANCED_FACE('',(#329),#11876,.F.);
#12500=ADVANCED_FACE('',(#330),#11877,.F.);
#12501=ADVANCED_FACE('',(#331),#11878,.F.);
#12502=ADVANCED_FACE('',(#332),#11879,.F.);
#12503=ADVANCED_FACE('',(#333),#11880,.F.);
#12504=ADVANCED_FACE('',(#334),#11881,.F.);
#12505=ADVANCED_FACE('',(#335),#11882,.F.);
#12506=ADVANCED_FACE('',(#336),#11883,.F.);
#12507=ADVANCED_FACE('',(#337),#11884,.F.);
#12508=ADVANCED_FACE('',(#338),#11885,.F.);
#12509=ADVANCED_FACE('',(#339),#11886,.F.);
#12510=ADVANCED_FACE('',(#340),#11887,.F.);
#12511=ADVANCED_FACE('',(#341),#11888,.F.);
#12512=ADVANCED_FACE('',(#342),#11889,.F.);
#12513=ADVANCED_FACE('',(#343),#11890,.F.);
#12514=ADVANCED_FACE('',(#344),#11891,.F.);
#12515=ADVANCED_FACE('',(#345),#11892,.F.);
#12516=ADVANCED_FACE('',(#346),#11893,.F.);
#12517=ADVANCED_FACE('',(#347),#11894,.F.);
#12518=ADVANCED_FACE('',(#348),#11895,.F.);
#12519=ADVANCED_FACE('',(#349),#11896,.F.);
#12520=ADVANCED_FACE('',(#350),#11897,.F.);
#12521=ADVANCED_FACE('',(#351),#11898,.F.);
#12522=ADVANCED_FACE('',(#352),#11899,.F.);
#12523=ADVANCED_FACE('',(#353),#11900,.F.);
#12524=ADVANCED_FACE('',(#354),#11901,.F.);
#12525=ADVANCED_FACE('',(#355),#11902,.F.);
#12526=ADVANCED_FACE('',(#356),#11903,.F.);
#12527=ADVANCED_FACE('',(#357),#11904,.F.);
#12528=ADVANCED_FACE('',(#358),#11905,.F.);
#12529=ADVANCED_FACE('',(#359),#11906,.F.);
#12530=ADVANCED_FACE('',(#360),#11907,.F.);
#12531=ADVANCED_FACE('',(#361),#11908,.F.);
#12532=ADVANCED_FACE('',(#362),#11909,.F.);
#12533=ADVANCED_FACE('',(#363),#11910,.F.);
#12534=ADVANCED_FACE('',(#364),#11911,.F.);
#12535=ADVANCED_FACE('',(#365),#11912,.F.);
#12536=ADVANCED_FACE('',(#366),#11913,.F.);
#12537=ADVANCED_FACE('',(#367),#11914,.F.);
#12538=ADVANCED_FACE('',(#368),#11915,.F.);
#12539=ADVANCED_FACE('',(#369),#11916,.F.);
#12540=ADVANCED_FACE('',(#370),#11917,.F.);
#12541=ADVANCED_FACE('',(#371),#11918,.F.);
#12542=ADVANCED_FACE('',(#372),#11919,.F.);
#12543=ADVANCED_FACE('',(#373),#11920,.F.);
#12544=ADVANCED_FACE('',(#374),#11921,.F.);
#12545=ADVANCED_FACE('',(#375),#11922,.F.);
#12546=ADVANCED_FACE('',(#376),#11923,.F.);
#12547=ADVANCED_FACE('',(#377),#11924,.F.);
#12548=ADVANCED_FACE('',(#378),#11925,.F.);
#12549=ADVANCED_FACE('',(#379),#11926,.F.);
#12550=ADVANCED_FACE('',(#380),#11927,.F.);
#12551=ADVANCED_FACE('',(#381),#11928,.F.);
#12552=ADVANCED_FACE('',(#382),#11929,.F.);
#12553=ADVANCED_FACE('',(#383),#11930,.F.);
#12554=ADVANCED_FACE('',(#384),#11931,.F.);
#12555=ADVANCED_FACE('',(#385),#11932,.F.);
#12556=ADVANCED_FACE('',(#386),#11933,.F.);
#12557=ADVANCED_FACE('',(#387),#11934,.F.);
#12558=ADVANCED_FACE('',(#388),#11935,.F.);
#12559=ADVANCED_FACE('',(#389),#11936,.F.);
#12560=ADVANCED_FACE('',(#390),#11937,.F.);
#12561=ADVANCED_FACE('',(#391),#11938,.F.);
#12562=ADVANCED_FACE('',(#392),#11939,.F.);
#12563=ADVANCED_FACE('',(#393),#11940,.F.);
#12564=ADVANCED_FACE('',(#394),#11941,.F.);
#12565=ADVANCED_FACE('',(#395),#11942,.F.);
#12566=ADVANCED_FACE('',(#396),#11943,.F.);
#12567=ADVANCED_FACE('',(#397),#11944,.F.);
#12568=ADVANCED_FACE('',(#398),#11945,.F.);
#12569=ADVANCED_FACE('',(#399),#11946,.F.);
#12570=ADVANCED_FACE('',(#400),#11947,.F.);
#12571=ADVANCED_FACE('',(#401),#11948,.F.);
#12572=ADVANCED_FACE('',(#402),#11949,.F.);
#12573=ADVANCED_FACE('',(#403),#11950,.F.);
#12574=ADVANCED_FACE('',(#404),#11951,.F.);
#12575=ADVANCED_FACE('',(#405),#11952,.F.);
#12576=ADVANCED_FACE('',(#406),#11953,.F.);
#12577=ADVANCED_FACE('',(#407),#11954,.F.);
#12578=ADVANCED_FACE('',(#408),#11955,.F.);
#12579=ADVANCED_FACE('',(#409),#11956,.F.);
#12580=ADVANCED_FACE('',(#410),#11957,.F.);
#12581=ADVANCED_FACE('',(#411),#11958,.F.);
#12582=ADVANCED_FACE('',(#412),#11959,.F.);
#12583=ADVANCED_FACE('',(#413),#11960,.F.);
#12584=ADVANCED_FACE('',(#414),#11961,.F.);
#12585=ADVANCED_FACE('',(#415),#11962,.F.);
#12586=ADVANCED_FACE('',(#416),#11963,.F.);
#12587=ADVANCED_FACE('',(#417),#11964,.F.);
#12588=ADVANCED_FACE('',(#418),#11965,.F.);
#12589=ADVANCED_FACE('',(#419),#11966,.F.);
#12590=ADVANCED_FACE('',(#420),#11967,.F.);
#12591=ADVANCED_FACE('',(#421),#11968,.F.);
#12592=ADVANCED_FACE('',(#422),#11969,.F.);
#12593=ADVANCED_FACE('',(#423),#11970,.F.);
#12594=ADVANCED_FACE('',(#424),#11971,.F.);
#12595=ADVANCED_FACE('',(#425),#11972,.F.);
#12596=ADVANCED_FACE('',(#426),#11973,.F.);
#12597=ADVANCED_FACE('',(#427),#11974,.F.);
#12598=ADVANCED_FACE('',(#428),#11975,.F.);
#12599=ADVANCED_FACE('',(#429),#11976,.F.);
#12600=ADVANCED_FACE('',(#430),#11977,.F.);
#12601=ADVANCED_FACE('',(#431),#11978,.F.);
#12602=ADVANCED_FACE('',(#432),#11979,.F.);
#12603=ADVANCED_FACE('',(#433),#11980,.F.);
#12604=ADVANCED_FACE('',(#434),#11981,.F.);
#12605=ADVANCED_FACE('',(#435),#11982,.F.);
#12606=ADVANCED_FACE('',(#436),#11983,.F.);
#12607=ADVANCED_FACE('',(#437),#11984,.F.);
#12608=ADVANCED_FACE('',(#438),#11985,.F.);
#12609=ADVANCED_FACE('',(#439),#11986,.F.);
#12610=ADVANCED_FACE('',(#440),#11987,.F.);
#12611=ADVANCED_FACE('',(#441),#11988,.F.);
#12612=ADVANCED_FACE('',(#442),#11989,.F.);
#12613=ADVANCED_FACE('',(#443),#11990,.F.);
#12614=ADVANCED_FACE('',(#444),#11991,.F.);
#12615=ADVANCED_FACE('',(#445),#11992,.F.);
#12616=ADVANCED_FACE('',(#446),#11993,.F.);
#12617=ADVANCED_FACE('',(#447),#11994,.F.);
#12618=ADVANCED_FACE('',(#448),#11995,.F.);
#12619=ADVANCED_FACE('',(#449),#11996,.F.);
#12620=ADVANCED_FACE('',(#450),#11997,.F.);
#12621=ADVANCED_FACE('',(#451),#11998,.F.);
#12622=ADVANCED_FACE('',(#452),#11999,.F.);
#12623=ADVANCED_FACE('',(#453),#12000,.F.);
#12624=ADVANCED_FACE('',(#454),#12001,.F.);
#12625=ADVANCED_FACE('',(#455),#12002,.F.);
#12626=ADVANCED_FACE('',(#456),#12003,.F.);
#12627=ADVANCED_FACE('',(#457),#12004,.F.);
#12628=ADVANCED_FACE('',(#458),#12005,.F.);
#12629=ADVANCED_FACE('',(#459),#12006,.F.);
#12630=ADVANCED_FACE('',(#460),#12007,.F.);
#12631=ADVANCED_FACE('',(#461),#12008,.F.);
#12632=ADVANCED_FACE('',(#462),#12009,.F.);
#12633=ADVANCED_FACE('',(#463),#12010,.F.);
#12634=ADVANCED_FACE('',(#464),#12011,.F.);
#12635=ADVANCED_FACE('',(#465),#12012,.F.);
#12636=ADVANCED_FACE('',(#466),#12013,.F.);
#12637=ADVANCED_FACE('',(#467),#12014,.F.);
#12638=ADVANCED_FACE('',(#468),#12015,.F.);
#12639=ADVANCED_FACE('',(#469),#12016,.F.);
#12640=ADVANCED_FACE('',(#470),#12017,.F.);
#12641=ADVANCED_FACE('',(#471),#12018,.F.);
#12642=ADVANCED_FACE('',(#472),#12019,.F.);
#12643=ADVANCED_FACE('',(#473),#12020,.F.);
#12644=ADVANCED_FACE('',(#474),#12021,.F.);
#12645=ADVANCED_FACE('',(#475),#12022,.F.);
#12646=ADVANCED_FACE('',(#476),#12023,.F.);
#12647=ADVANCED_FACE('',(#477),#12024,.F.);
#12648=ADVANCED_FACE('',(#478),#12025,.F.);
#12649=ADVANCED_FACE('',(#479),#12026,.F.);
#12650=ADVANCED_FACE('',(#480),#12027,.F.);
#12651=ADVANCED_FACE('',(#481),#12028,.F.);
#12652=ADVANCED_FACE('',(#482),#12029,.F.);
#12653=ADVANCED_FACE('',(#483),#12030,.T.);
#12654=ADVANCED_FACE('',(#484),#12031,.T.);
#12655=ADVANCED_FACE('',(#485),#12032,.T.);
#12656=ADVANCED_FACE('',(#486),#12033,.T.);
#12657=ADVANCED_FACE('',(#487),#12034,.T.);
#12658=ADVANCED_FACE('',(#488),#12035,.T.);
#12659=ADVANCED_FACE('',(#489),#12036,.T.);
#12660=ADVANCED_FACE('',(#490),#12037,.T.);
#12661=ADVANCED_FACE('',(#491),#12038,.T.);
#12662=ADVANCED_FACE('',(#492),#12039,.T.);
#12663=ADVANCED_FACE('',(#493),#12040,.T.);
#12664=ADVANCED_FACE('',(#494),#12041,.T.);
#12665=ADVANCED_FACE('',(#495),#12042,.T.);
#12666=ADVANCED_FACE('',(#496),#12043,.T.);
#12667=ADVANCED_FACE('',(#497),#12044,.T.);
#12668=ADVANCED_FACE('',(#498),#12045,.T.);
#12669=ADVANCED_FACE('',(#499),#12046,.T.);
#12670=ADVANCED_FACE('',(#500),#12047,.T.);
#12671=ADVANCED_FACE('',(#501),#12048,.T.);
#12672=ADVANCED_FACE('',(#502),#12049,.T.);
#12673=ADVANCED_FACE('',(#503),#12050,.T.);
#12674=ADVANCED_FACE('',(#504),#12051,.T.);
#12675=ADVANCED_FACE('',(#505),#12052,.T.);
#12676=ADVANCED_FACE('',(#506),#12053,.T.);
#12677=ADVANCED_FACE('',(#507),#12054,.T.);
#12678=ADVANCED_FACE('',(#508),#12055,.T.);
#12679=ADVANCED_FACE('',(#509),#12056,.T.);
#12680=ADVANCED_FACE('',(#510),#12057,.T.);
#12681=ADVANCED_FACE('',(#511),#12058,.T.);
#12682=ADVANCED_FACE('',(#512),#12059,.T.);
#12683=ADVANCED_FACE('',(#513),#12060,.T.);
#12684=ADVANCED_FACE('',(#514),#12061,.T.);
#12685=ADVANCED_FACE('',(#515),#12062,.T.);
#12686=ADVANCED_FACE('',(#516),#12063,.T.);
#12687=ADVANCED_FACE('',(#517),#12064,.T.);
#12688=ADVANCED_FACE('',(#518),#12065,.T.);
#12689=ADVANCED_FACE('',(#519),#12066,.T.);
#12690=ADVANCED_FACE('',(#520),#12067,.T.);
#12691=ADVANCED_FACE('',(#521),#12068,.T.);
#12692=ADVANCED_FACE('',(#522),#12069,.T.);
#12693=ADVANCED_FACE('',(#523),#12070,.T.);
#12694=ADVANCED_FACE('',(#524),#12071,.T.);
#12695=ADVANCED_FACE('',(#525),#12072,.T.);
#12696=ADVANCED_FACE('',(#526),#12073,.T.);
#12697=ADVANCED_FACE('',(#527),#12074,.T.);
#12698=ADVANCED_FACE('',(#528),#12075,.T.);
#12699=ADVANCED_FACE('',(#529),#12076,.T.);
#12700=ADVANCED_FACE('',(#530),#12077,.T.);
#12701=ADVANCED_FACE('',(#531),#12078,.T.);
#12702=ADVANCED_FACE('',(#532),#12079,.T.);
#12703=ADVANCED_FACE('',(#533),#12080,.T.);
#12704=ADVANCED_FACE('',(#534),#12081,.T.);
#12705=ADVANCED_FACE('',(#535),#12082,.T.);
#12706=ADVANCED_FACE('',(#536),#12083,.T.);
#12707=ADVANCED_FACE('',(#537),#12084,.T.);
#12708=ADVANCED_FACE('',(#538),#12085,.T.);
#12709=ADVANCED_FACE('',(#539),#12086,.T.);
#12710=ADVANCED_FACE('',(#540),#12087,.T.);
#12711=ADVANCED_FACE('',(#541),#12088,.T.);
#12712=ADVANCED_FACE('',(#542),#12089,.T.);
#12713=ADVANCED_FACE('',(#543),#12090,.T.);
#12714=ADVANCED_FACE('',(#544),#12091,.T.);
#12715=ADVANCED_FACE('',(#545),#12092,.T.);
#12716=ADVANCED_FACE('',(#546),#12093,.T.);
#12717=ADVANCED_FACE('',(#547),#12094,.T.);
#12718=ADVANCED_FACE('',(#548),#12095,.T.);
#12719=ADVANCED_FACE('',(#549),#12096,.T.);
#12720=ADVANCED_FACE('',(#550),#12097,.T.);
#12721=ADVANCED_FACE('',(#551),#12098,.T.);
#12722=ADVANCED_FACE('',(#552),#12099,.T.);
#12723=ADVANCED_FACE('',(#553),#12100,.T.);
#12724=ADVANCED_FACE('',(#554),#12101,.T.);
#12725=ADVANCED_FACE('',(#555),#12102,.T.);
#12726=ADVANCED_FACE('',(#556),#12103,.T.);
#12727=ADVANCED_FACE('',(#557),#12104,.T.);
#12728=ADVANCED_FACE('',(#558),#12105,.T.);
#12729=ADVANCED_FACE('',(#559),#12106,.T.);
#12730=ADVANCED_FACE('',(#560),#12107,.T.);
#12731=ADVANCED_FACE('',(#561),#12108,.T.);
#12732=ADVANCED_FACE('',(#562),#12109,.T.);
#12733=ADVANCED_FACE('',(#563),#12110,.T.);
#12734=ADVANCED_FACE('',(#564),#12111,.T.);
#12735=ADVANCED_FACE('',(#565),#12112,.T.);
#12736=ADVANCED_FACE('',(#566),#12113,.T.);
#12737=ADVANCED_FACE('',(#567),#12114,.T.);
#12738=ADVANCED_FACE('',(#568),#12115,.T.);
#12739=ADVANCED_FACE('',(#569),#12116,.T.);
#12740=ADVANCED_FACE('',(#570),#12117,.T.);
#12741=ADVANCED_FACE('',(#571),#12118,.T.);
#12742=ADVANCED_FACE('',(#572),#12119,.T.);
#12743=ADVANCED_FACE('',(#573),#12120,.T.);
#12744=ADVANCED_FACE('',(#574),#12121,.T.);
#12745=ADVANCED_FACE('',(#575),#12122,.T.);
#12746=ADVANCED_FACE('',(#576),#12123,.T.);
#12747=ADVANCED_FACE('',(#577),#12124,.T.);
#12748=ADVANCED_FACE('',(#578),#12125,.T.);
#12749=ADVANCED_FACE('',(#579),#12126,.T.);
#12750=ADVANCED_FACE('',(#580),#12127,.T.);
#12751=ADVANCED_FACE('',(#581),#12128,.T.);
#12752=ADVANCED_FACE('',(#582),#12129,.T.);
#12753=ADVANCED_FACE('',(#583),#12130,.T.);
#12754=ADVANCED_FACE('',(#584),#12131,.T.);
#12755=ADVANCED_FACE('',(#585),#12132,.T.);
#12756=ADVANCED_FACE('',(#586),#12133,.T.);
#12757=ADVANCED_FACE('',(#587),#12134,.T.);
#12758=ADVANCED_FACE('',(#588),#12135,.T.);
#12759=ADVANCED_FACE('',(#589),#12136,.T.);
#12760=ADVANCED_FACE('',(#590),#12137,.T.);
#12761=ADVANCED_FACE('',(#591),#12138,.T.);
#12762=ADVANCED_FACE('',(#592),#12139,.T.);
#12763=ADVANCED_FACE('',(#593),#12140,.T.);
#12764=ADVANCED_FACE('',(#594),#12141,.T.);
#12765=ADVANCED_FACE('',(#595),#12142,.T.);
#12766=ADVANCED_FACE('',(#596),#12143,.T.);
#12767=ADVANCED_FACE('',(#597),#12144,.T.);
#12768=ADVANCED_FACE('',(#598),#12145,.T.);
#12769=ADVANCED_FACE('',(#599),#12146,.T.);
#12770=ADVANCED_FACE('',(#600),#12147,.T.);
#12771=ADVANCED_FACE('',(#601),#12148,.T.);
#12772=ADVANCED_FACE('',(#602),#12149,.T.);
#12773=ADVANCED_FACE('',(#603),#12150,.T.);
#12774=ADVANCED_FACE('',(#604),#12151,.T.);
#12775=ADVANCED_FACE('',(#605),#12152,.T.);
#12776=ADVANCED_FACE('',(#606),#12153,.T.);
#12777=ADVANCED_FACE('',(#607),#12154,.T.);
#12778=ADVANCED_FACE('',(#608),#12155,.T.);
#12779=ADVANCED_FACE('',(#609),#12156,.T.);
#12780=ADVANCED_FACE('',(#610),#12157,.T.);
#12781=ADVANCED_FACE('',(#611),#12158,.T.);
#12782=ADVANCED_FACE('',(#612),#12159,.T.);
#12783=ADVANCED_FACE('',(#613),#12160,.T.);
#12784=ADVANCED_FACE('',(#614),#12161,.T.);
#12785=ADVANCED_FACE('',(#615),#12162,.T.);
#12786=ADVANCED_FACE('',(#616),#12163,.T.);
#12787=ADVANCED_FACE('',(#617),#12164,.T.);
#12788=ADVANCED_FACE('',(#618),#12165,.T.);
#12789=ADVANCED_FACE('',(#619),#12166,.T.);
#12790=ADVANCED_FACE('',(#620),#12167,.T.);
#12791=ADVANCED_FACE('',(#621),#12168,.T.);
#12792=ADVANCED_FACE('',(#622),#12169,.T.);
#12793=ADVANCED_FACE('',(#623),#12170,.T.);
#12794=ADVANCED_FACE('',(#624),#12171,.T.);
#12795=ADVANCED_FACE('',(#625),#12172,.T.);
#12796=ADVANCED_FACE('',(#626),#12173,.T.);
#12797=ADVANCED_FACE('',(#627),#12174,.T.);
#12798=ADVANCED_FACE('',(#628),#12175,.T.);
#12799=ADVANCED_FACE('',(#629),#12176,.T.);
#12800=ADVANCED_FACE('',(#630),#12177,.T.);
#12801=ADVANCED_FACE('',(#631),#12178,.T.);
#12802=ADVANCED_FACE('',(#632),#12179,.T.);
#12803=ADVANCED_FACE('',(#633),#12180,.T.);
#12804=ADVANCED_FACE('',(#634),#12181,.T.);
#12805=ADVANCED_FACE('',(#635),#12182,.T.);
#12806=ADVANCED_FACE('',(#636),#12183,.T.);
#12807=ADVANCED_FACE('',(#637),#12184,.T.);
#12808=ADVANCED_FACE('',(#638),#12185,.T.);
#12809=ADVANCED_FACE('',(#639),#12186,.T.);
#12810=ADVANCED_FACE('',(#640),#12187,.T.);
#12811=ADVANCED_FACE('',(#641),#12188,.T.);
#12812=ADVANCED_FACE('',(#642),#12189,.T.);
#12813=ADVANCED_FACE('',(#643),#12190,.T.);
#12814=ADVANCED_FACE('',(#644),#12191,.T.);
#12815=ADVANCED_FACE('',(#645),#12192,.T.);
#12816=ADVANCED_FACE('',(#646),#12193,.T.);
#12817=ADVANCED_FACE('',(#647),#12194,.T.);
#12818=ADVANCED_FACE('',(#648),#12195,.T.);
#12819=ADVANCED_FACE('',(#649),#12196,.T.);
#12820=ADVANCED_FACE('',(#650),#12197,.T.);
#12821=ADVANCED_FACE('',(#651),#12198,.T.);
#12822=ADVANCED_FACE('',(#652),#12199,.T.);
#12823=ADVANCED_FACE('',(#653),#12200,.T.);
#12824=ADVANCED_FACE('',(#654),#12201,.T.);
#12825=ADVANCED_FACE('',(#655),#12202,.T.);
#12826=ADVANCED_FACE('',(#656),#12203,.T.);
#12827=ADVANCED_FACE('',(#657),#12204,.F.);
#12828=ADVANCED_FACE('',(#658),#12205,.F.);
#12829=ADVANCED_FACE('',(#659),#12206,.F.);
#12830=ADVANCED_FACE('',(#660),#12207,.F.);
#12831=ADVANCED_FACE('',(#661),#12208,.F.);
#12832=ADVANCED_FACE('',(#662),#12209,.F.);
#12833=ADVANCED_FACE('',(#663),#12210,.F.);
#12834=ADVANCED_FACE('',(#664),#12211,.F.);
#12835=ADVANCED_FACE('',(#665),#12212,.F.);
#12836=ADVANCED_FACE('',(#666),#12213,.F.);
#12837=ADVANCED_FACE('',(#667),#12214,.F.);
#12838=ADVANCED_FACE('',(#668),#12215,.F.);
#12839=ADVANCED_FACE('',(#669),#12216,.F.);
#12840=ADVANCED_FACE('',(#670),#12217,.F.);
#12841=ADVANCED_FACE('',(#671),#12218,.F.);
#12842=ADVANCED_FACE('',(#672),#12219,.F.);
#12843=ADVANCED_FACE('',(#673),#12220,.F.);
#12844=ADVANCED_FACE('',(#674),#12221,.F.);
#12845=ADVANCED_FACE('',(#675),#12222,.F.);
#12846=ADVANCED_FACE('',(#676),#12223,.F.);
#12847=ADVANCED_FACE('',(#677),#12224,.F.);
#12848=ADVANCED_FACE('',(#678),#12225,.F.);
#12849=ADVANCED_FACE('',(#679),#12226,.F.);
#12850=ADVANCED_FACE('',(#680),#12227,.F.);
#12851=ADVANCED_FACE('',(#681),#12228,.F.);
#12852=ADVANCED_FACE('',(#682),#12229,.F.);
#12853=ADVANCED_FACE('',(#683),#12230,.F.);
#12854=ADVANCED_FACE('',(#684),#12231,.F.);
#12855=ADVANCED_FACE('',(#685),#12232,.F.);
#12856=ADVANCED_FACE('',(#686),#12233,.F.);
#12857=ADVANCED_FACE('',(#687),#12234,.F.);
#12858=ADVANCED_FACE('',(#688),#12235,.F.);
#12859=ADVANCED_FACE('',(#689),#12236,.F.);
#12860=ADVANCED_FACE('',(#690),#12237,.F.);
#12861=ADVANCED_FACE('',(#691),#12238,.F.);
#12862=ADVANCED_FACE('',(#692),#12239,.F.);
#12863=ADVANCED_FACE('',(#693),#12240,.F.);
#12864=ADVANCED_FACE('',(#694),#12241,.F.);
#12865=ADVANCED_FACE('',(#695),#12242,.F.);
#12866=ADVANCED_FACE('',(#696),#12243,.F.);
#12867=ADVANCED_FACE('',(#697),#12244,.F.);
#12868=ADVANCED_FACE('',(#698),#12245,.F.);
#12869=ADVANCED_FACE('',(#699),#12246,.F.);
#12870=ADVANCED_FACE('',(#700),#12247,.F.);
#12871=ADVANCED_FACE('',(#701),#12248,.F.);
#12872=ADVANCED_FACE('',(#702),#12249,.F.);
#12873=ADVANCED_FACE('',(#703),#12250,.F.);
#12874=ADVANCED_FACE('',(#704),#12251,.F.);
#12875=ADVANCED_FACE('',(#705),#12252,.F.);
#12876=ADVANCED_FACE('',(#706),#12253,.F.);
#12877=ADVANCED_FACE('',(#707),#12254,.F.);
#12878=ADVANCED_FACE('',(#708),#12255,.F.);
#12879=ADVANCED_FACE('',(#709),#12256,.F.);
#12880=ADVANCED_FACE('',(#710),#12257,.F.);
#12881=ADVANCED_FACE('',(#711),#12258,.F.);
#12882=ADVANCED_FACE('',(#712),#12259,.F.);
#12883=ADVANCED_FACE('',(#713),#12260,.F.);
#12884=ADVANCED_FACE('',(#714),#12261,.T.);
#12885=ADVANCED_FACE('',(#715),#12262,.F.);
#12886=ADVANCED_FACE('',(#716),#12263,.T.);
#12887=ADVANCED_FACE('',(#717),#12264,.T.);
#12888=ADVANCED_FACE('',(#718,#15),#12265,.T.);
#12889=CLOSED_SHELL('',(#12266,#12267,#12268,#12269,#12270,#12271,#12272,
#12273,#12274,#12275,#12276,#12277,#12278,#12279,#12280,#12281,#12282,#12283,
#12284,#12285,#12286,#12287,#12288,#12289,#12290,#12291,#12292,#12293,#12294,
#12295,#12296,#12297,#12298,#12299,#12300,#12301,#12302,#12303,#12304,#12305,
#12306,#12307,#12308,#12309,#12310,#12311,#12312,#12313,#12314,#12315,#12316,
#12317,#12318,#12319,#12320,#12321,#12322,#12323,#12324,#12325,#12326,#12327,
#12328,#12329,#12330,#12331,#12332,#12333,#12334,#12335,#12336,#12337,#12338,
#12339,#12340,#12341,#12342,#12343,#12344,#12345,#12346,#12347,#12348,#12349,
#12350,#12351,#12352,#12353,#12354,#12355,#12356,#12357,#12358,#12359,#12360,
#12361,#12362,#12363,#12364,#12365,#12366,#12367,#12368,#12369,#12370,#12371,
#12372,#12373,#12374,#12375,#12376,#12377,#12378,#12379,#12380,#12381,#12382,
#12383,#12384,#12385,#12386,#12387,#12388,#12389,#12390,#12391,#12392,#12393,
#12394,#12395,#12396,#12397,#12398,#12399,#12400,#12401,#12402,#12403,#12404,
#12405,#12406,#12407,#12408,#12409,#12410,#12411,#12412,#12413,#12414,#12415,
#12416,#12417,#12418,#12419,#12420,#12421,#12422,#12423,#12424,#12425,#12426,
#12427,#12428,#12429,#12430,#12431,#12432,#12433,#12434,#12435,#12436,#12437,
#12438,#12439,#12440,#12441,#12442,#12443,#12444,#12445,#12446,#12447,#12448,
#12449,#12450,#12451,#12452,#12453,#12454,#12455,#12456,#12457,#12458,#12459,
#12460,#12461,#12462,#12463,#12464,#12465,#12466,#12467,#12468,#12469,#12470,
#12471,#12472,#12473,#12474,#12475,#12476,#12477,#12478,#12479,#12480,#12481,
#12482,#12483,#12484,#12485,#12486,#12487,#12488,#12489,#12490,#12491,#12492,
#12493,#12494,#12495,#12496,#12497,#12498,#12499,#12500,#12501,#12502,#12503,
#12504,#12505,#12506,#12507,#12508,#12509,#12510,#12511,#12512,#12513,#12514,
#12515,#12516,#12517,#12518,#12519,#12520,#12521,#12522,#12523,#12524,#12525,
#12526,#12527,#12528,#12529,#12530,#12531,#12532,#12533,#12534,#12535,#12536,
#12537,#12538,#12539,#12540,#12541,#12542,#12543,#12544,#12545,#12546,#12547,
#12548,#12549,#12550,#12551,#12552,#12553,#12554,#12555,#12556,#12557,#12558,
#12559,#12560,#12561,#12562,#12563,#12564,#12565,#12566,#12567,#12568,#12569,
#12570,#12571,#12572,#12573,#12574,#12575,#12576,#12577,#12578,#12579,#12580,
#12581,#12582,#12583,#12584,#12585,#12586,#12587,#12588,#12589,#12590,#12591,
#12592,#12593,#12594,#12595,#12596,#12597,#12598,#12599,#12600,#12601,#12602,
#12603,#12604,#12605,#12606,#12607,#12608,#12609,#12610,#12611,#12612,#12613,
#12614,#12615,#12616,#12617,#12618,#12619,#12620,#12621,#12622,#12623,#12624,
#12625,#12626,#12627,#12628,#12629,#12630,#12631,#12632,#12633,#12634,#12635,
#12636,#12637,#12638,#12639,#12640,#12641,#12642,#12643,#12644,#12645,#12646,
#12647,#12648,#12649,#12650,#12651,#12652,#12653,#12654,#12655,#12656,#12657,
#12658,#12659,#12660,#12661,#12662,#12663,#12664,#12665,#12666,#12667,#12668,
#12669,#12670,#12671,#12672,#12673,#12674,#12675,#12676,#12677,#12678,#12679,
#12680,#12681,#12682,#12683,#12684,#12685,#12686,#12687,#12688,#12689,#12690,
#12691,#12692,#12693,#12694,#12695,#12696,#12697,#12698,#12699,#12700,#12701,
#12702,#12703,#12704,#12705,#12706,#12707,#12708,#12709,#12710,#12711,#12712,
#12713,#12714,#12715,#12716,#12717,#12718,#12719,#12720,#12721,#12722,#12723,
#12724,#12725,#12726,#12727,#12728,#12729,#12730,#12731,#12732,#12733,#12734,
#12735,#12736,#12737,#12738,#12739,#12740,#12741,#12742,#12743,#12744,#12745,
#12746,#12747,#12748,#12749,#12750,#12751,#12752,#12753,#12754,#12755,#12756,
#12757,#12758,#12759,#12760,#12761,#12762,#12763,#12764,#12765,#12766,#12767,
#12768,#12769,#12770,#12771,#12772,#12773,#12774,#12775,#12776,#12777,#12778,
#12779,#12780,#12781,#12782,#12783,#12784,#12785,#12786,#12787,#12788,#12789,
#12790,#12791,#12792,#12793,#12794,#12795,#12796,#12797,#12798,#12799,#12800,
#12801,#12802,#12803,#12804,#12805,#12806,#12807,#12808,#12809,#12810,#12811,
#12812,#12813,#12814,#12815,#12816,#12817,#12818,#12819,#12820,#12821,#12822,
#12823,#12824,#12825,#12826,#12827,#12828,#12829,#12830,#12831,#12832,#12833,
#12834,#12835,#12836,#12837,#12838,#12839,#12840,#12841,#12842,#12843,#12844,
#12845,#12846,#12847,#12848,#12849,#12850,#12851,#12852,#12853,#12854,#12855,
#12856,#12857,#12858,#12859,#12860,#12861,#12862,#12863,#12864,#12865,#12866,
#12867,#12868,#12869,#12870,#12871,#12872,#12873,#12874,#12875,#12876,#12877,
#12878,#12879,#12880,#12881,#12882,#12883,#12884,#12885,#12886,#12887,#12888));
#12890=DERIVED_UNIT_ELEMENT(#12893,1.);
#12891=DERIVED_UNIT_ELEMENT(#20692,-3.);
#12892=DIMENSIONAL_EXPONENTS(0.,1.,0.,0.,0.,0.,0.);
#12893=(
CONVERSION_BASED_UNIT('gram',#12895)
MASS_UNIT()
NAMED_UNIT(#12892)
);
#12894=(
MASS_UNIT()
NAMED_UNIT(*)
SI_UNIT(.KILO.,.GRAM.)
);
#12895=MASS_MEASURE_WITH_UNIT(MASS_MEASURE(0.001),#12894);
#12896=DERIVED_UNIT((#12890,#12891));
#12897=MEASURE_REPRESENTATION_ITEM('density measure',
POSITIVE_RATIO_MEASURE(1.6),#12896);
#12898=PROPERTY_DEFINITION_REPRESENTATION(#12903,#12900);
#12899=PROPERTY_DEFINITION_REPRESENTATION(#12904,#12901);
#12900=REPRESENTATION('material name',(#12902),#20689);
#12901=REPRESENTATION('density',(#12897),#20689);
#12902=DESCRIPTIVE_REPRESENTATION_ITEM('Generisch','Generisch');
#12903=PROPERTY_DEFINITION('material property','material name',#20699);
#12904=PROPERTY_DEFINITION('material property','density of part',#20699);
#12905=DATE_TIME_ROLE('creation_date');
#12906=APPLIED_DATE_AND_TIME_ASSIGNMENT(#12907,#12905,(#20699));
#12907=DATE_AND_TIME(#12908,#12909);
#12908=CALENDAR_DATE(2025,25,10);
#12909=LOCAL_TIME(0,0,0.,#12910);
#12910=COORDINATED_UNIVERSAL_TIME_OFFSET(0,0,.BEHIND.);
#12911=AXIS2_PLACEMENT_3D('',#16963,#13695,#13696);
#12912=AXIS2_PLACEMENT_3D('',#16964,#13697,#13698);
#12913=AXIS2_PLACEMENT_3D('',#16969,#13700,#13701);
#12914=AXIS2_PLACEMENT_3D('',#16972,#13703,#13704);
#12915=AXIS2_PLACEMENT_3D('',#16973,#13705,#13706);
#12916=AXIS2_PLACEMENT_3D('',#16979,#13710,#13711);
#12917=AXIS2_PLACEMENT_3D('',#16982,#13713,#13714);
#12918=AXIS2_PLACEMENT_3D('',#16983,#13715,#13716);
#12919=AXIS2_PLACEMENT_3D('',#16988,#13718,#13719);
#12920=AXIS2_PLACEMENT_3D('',#16991,#13721,#13722);
#12921=AXIS2_PLACEMENT_3D('',#16992,#13723,#13724);
#12922=AXIS2_PLACEMENT_3D('',#16997,#13726,#13727);
#12923=AXIS2_PLACEMENT_3D('',#17000,#13729,#13730);
#12924=AXIS2_PLACEMENT_3D('',#17001,#13731,#13732);
#12925=AXIS2_PLACEMENT_3D('',#17006,#13734,#13735);
#12926=AXIS2_PLACEMENT_3D('',#17009,#13737,#13738);
#12927=AXIS2_PLACEMENT_3D('',#17010,#13739,#13740);
#12928=AXIS2_PLACEMENT_3D('',#17015,#13742,#13743);
#12929=AXIS2_PLACEMENT_3D('',#17018,#13745,#13746);
#12930=AXIS2_PLACEMENT_3D('',#17019,#13747,#13748);
#12931=AXIS2_PLACEMENT_3D('',#17024,#13750,#13751);
#12932=AXIS2_PLACEMENT_3D('',#17027,#13753,#13754);
#12933=AXIS2_PLACEMENT_3D('',#17028,#13755,#13756);
#12934=AXIS2_PLACEMENT_3D('',#17033,#13758,#13759);
#12935=AXIS2_PLACEMENT_3D('',#17036,#13761,#13762);
#12936=AXIS2_PLACEMENT_3D('',#17037,#13763,#13764);
#12937=AXIS2_PLACEMENT_3D('',#17042,#13766,#13767);
#12938=AXIS2_PLACEMENT_3D('',#17045,#13769,#13770);
#12939=AXIS2_PLACEMENT_3D('',#17046,#13771,#13772);
#12940=AXIS2_PLACEMENT_3D('',#17051,#13774,#13775);
#12941=AXIS2_PLACEMENT_3D('',#17054,#13777,#13778);
#12942=AXIS2_PLACEMENT_3D('',#17055,#13779,#13780);
#12943=AXIS2_PLACEMENT_3D('',#17060,#13782,#13783);
#12944=AXIS2_PLACEMENT_3D('',#17063,#13785,#13786);
#12945=AXIS2_PLACEMENT_3D('',#17064,#13787,#13788);
#12946=AXIS2_PLACEMENT_3D('',#17069,#13790,#13791);
#12947=AXIS2_PLACEMENT_3D('',#17072,#13793,#13794);
#12948=AXIS2_PLACEMENT_3D('',#17073,#13795,#13796);
#12949=AXIS2_PLACEMENT_3D('',#17078,#13798,#13799);
#12950=AXIS2_PLACEMENT_3D('',#17081,#13801,#13802);
#12951=AXIS2_PLACEMENT_3D('',#17082,#13803,#13804);
#12952=AXIS2_PLACEMENT_3D('',#17087,#13806,#13807);
#12953=AXIS2_PLACEMENT_3D('',#17090,#13809,#13810);
#12954=AXIS2_PLACEMENT_3D('',#17091,#13811,#13812);
#12955=AXIS2_PLACEMENT_3D('',#17096,#13814,#13815);
#12956=AXIS2_PLACEMENT_3D('',#17099,#13817,#13818);
#12957=AXIS2_PLACEMENT_3D('',#17100,#13819,#13820);
#12958=AXIS2_PLACEMENT_3D('',#17105,#13822,#13823);
#12959=AXIS2_PLACEMENT_3D('',#17108,#13825,#13826);
#12960=AXIS2_PLACEMENT_3D('',#17109,#13827,#13828);
#12961=AXIS2_PLACEMENT_3D('',#17114,#13830,#13831);
#12962=AXIS2_PLACEMENT_3D('',#17117,#13833,#13834);
#12963=AXIS2_PLACEMENT_3D('',#17118,#13835,#13836);
#12964=AXIS2_PLACEMENT_3D('',#17123,#13838,#13839);
#12965=AXIS2_PLACEMENT_3D('',#17126,#13841,#13842);
#12966=AXIS2_PLACEMENT_3D('',#17127,#13843,#13844);
#12967=AXIS2_PLACEMENT_3D('',#17132,#13846,#13847);
#12968=AXIS2_PLACEMENT_3D('',#17135,#13849,#13850);
#12969=AXIS2_PLACEMENT_3D('',#17136,#13851,#13852);
#12970=AXIS2_PLACEMENT_3D('',#17141,#13854,#13855);
#12971=AXIS2_PLACEMENT_3D('',#17144,#13857,#13858);
#12972=AXIS2_PLACEMENT_3D('',#17145,#13859,#13860);
#12973=AXIS2_PLACEMENT_3D('',#17150,#13862,#13863);
#12974=AXIS2_PLACEMENT_3D('',#17153,#13865,#13866);
#12975=AXIS2_PLACEMENT_3D('',#17154,#13867,#13868);
#12976=AXIS2_PLACEMENT_3D('',#17159,#13870,#13871);
#12977=AXIS2_PLACEMENT_3D('',#17162,#13873,#13874);
#12978=AXIS2_PLACEMENT_3D('',#17163,#13875,#13876);
#12979=AXIS2_PLACEMENT_3D('',#17168,#13878,#13879);
#12980=AXIS2_PLACEMENT_3D('',#17171,#13881,#13882);
#12981=AXIS2_PLACEMENT_3D('',#17172,#13883,#13884);
#12982=AXIS2_PLACEMENT_3D('',#17177,#13886,#13887);
#12983=AXIS2_PLACEMENT_3D('',#17180,#13889,#13890);
#12984=AXIS2_PLACEMENT_3D('',#17181,#13891,#13892);
#12985=AXIS2_PLACEMENT_3D('',#17186,#13894,#13895);
#12986=AXIS2_PLACEMENT_3D('',#17189,#13897,#13898);
#12987=AXIS2_PLACEMENT_3D('',#17190,#13899,#13900);
#12988=AXIS2_PLACEMENT_3D('',#17195,#13902,#13903);
#12989=AXIS2_PLACEMENT_3D('',#17198,#13905,#13906);
#12990=AXIS2_PLACEMENT_3D('',#17199,#13907,#13908);
#12991=AXIS2_PLACEMENT_3D('',#17204,#13910,#13911);
#12992=AXIS2_PLACEMENT_3D('',#17207,#13913,#13914);
#12993=AXIS2_PLACEMENT_3D('',#17208,#13915,#13916);
#12994=AXIS2_PLACEMENT_3D('',#17213,#13918,#13919);
#12995=AXIS2_PLACEMENT_3D('',#17216,#13921,#13922);
#12996=AXIS2_PLACEMENT_3D('',#17217,#13923,#13924);
#12997=AXIS2_PLACEMENT_3D('',#17222,#13926,#13927);
#12998=AXIS2_PLACEMENT_3D('',#17225,#13929,#13930);
#12999=AXIS2_PLACEMENT_3D('',#17226,#13931,#13932);
#13000=AXIS2_PLACEMENT_3D('',#17231,#13934,#13935);
#13001=AXIS2_PLACEMENT_3D('',#17234,#13937,#13938);
#13002=AXIS2_PLACEMENT_3D('',#17235,#13939,#13940);
#13003=AXIS2_PLACEMENT_3D('',#17240,#13942,#13943);
#13004=AXIS2_PLACEMENT_3D('',#17243,#13945,#13946);
#13005=AXIS2_PLACEMENT_3D('',#17244,#13947,#13948);
#13006=AXIS2_PLACEMENT_3D('',#17249,#13950,#13951);
#13007=AXIS2_PLACEMENT_3D('',#17252,#13953,#13954);
#13008=AXIS2_PLACEMENT_3D('',#17253,#13955,#13956);
#13009=AXIS2_PLACEMENT_3D('',#17258,#13958,#13959);
#13010=AXIS2_PLACEMENT_3D('',#17261,#13961,#13962);
#13011=AXIS2_PLACEMENT_3D('',#17262,#13963,#13964);
#13012=AXIS2_PLACEMENT_3D('',#17267,#13966,#13967);
#13013=AXIS2_PLACEMENT_3D('',#17270,#13969,#13970);
#13014=AXIS2_PLACEMENT_3D('',#17271,#13971,#13972);
#13015=AXIS2_PLACEMENT_3D('',#17276,#13974,#13975);
#13016=AXIS2_PLACEMENT_3D('',#17279,#13977,#13978);
#13017=AXIS2_PLACEMENT_3D('',#17280,#13979,#13980);
#13018=AXIS2_PLACEMENT_3D('',#17285,#13982,#13983);
#13019=AXIS2_PLACEMENT_3D('',#17288,#13985,#13986);
#13020=AXIS2_PLACEMENT_3D('',#17289,#13987,#13988);
#13021=AXIS2_PLACEMENT_3D('',#17294,#13990,#13991);
#13022=AXIS2_PLACEMENT_3D('',#17297,#13993,#13994);
#13023=AXIS2_PLACEMENT_3D('',#17298,#13995,#13996);
#13024=AXIS2_PLACEMENT_3D('',#17303,#13998,#13999);
#13025=AXIS2_PLACEMENT_3D('',#17306,#14001,#14002);
#13026=AXIS2_PLACEMENT_3D('',#17307,#14003,#14004);
#13027=AXIS2_PLACEMENT_3D('',#17312,#14006,#14007);
#13028=AXIS2_PLACEMENT_3D('',#17315,#14009,#14010);
#13029=AXIS2_PLACEMENT_3D('',#17316,#14011,#14012);
#13030=AXIS2_PLACEMENT_3D('',#17321,#14014,#14015);
#13031=AXIS2_PLACEMENT_3D('',#17324,#14017,#14018);
#13032=AXIS2_PLACEMENT_3D('',#17325,#14019,#14020);
#13033=AXIS2_PLACEMENT_3D('',#17334,#14025,#14026);
#13034=AXIS2_PLACEMENT_3D('',#17343,#14031,#14032);
#13035=AXIS2_PLACEMENT_3D('',#17352,#14037,#14038);
#13036=AXIS2_PLACEMENT_3D('',#17361,#14043,#14044);
#13037=AXIS2_PLACEMENT_3D('',#17370,#14049,#14050);
#13038=AXIS2_PLACEMENT_3D('',#17379,#14055,#14056);
#13039=AXIS2_PLACEMENT_3D('',#17388,#14061,#14062);
#13040=AXIS2_PLACEMENT_3D('',#17397,#14067,#14068);
#13041=AXIS2_PLACEMENT_3D('',#17406,#14073,#14074);
#13042=AXIS2_PLACEMENT_3D('',#17415,#14079,#14080);
#13043=AXIS2_PLACEMENT_3D('',#17424,#14085,#14086);
#13044=AXIS2_PLACEMENT_3D('',#17433,#14091,#14092);
#13045=AXIS2_PLACEMENT_3D('',#17442,#14097,#14098);
#13046=AXIS2_PLACEMENT_3D('',#17451,#14103,#14104);
#13047=AXIS2_PLACEMENT_3D('',#17460,#14109,#14110);
#13048=AXIS2_PLACEMENT_3D('',#17469,#14115,#14116);
#13049=AXIS2_PLACEMENT_3D('',#17478,#14121,#14122);
#13050=AXIS2_PLACEMENT_3D('',#17487,#14127,#14128);
#13051=AXIS2_PLACEMENT_3D('',#17496,#14133,#14134);
#13052=AXIS2_PLACEMENT_3D('',#17505,#14139,#14140);
#13053=AXIS2_PLACEMENT_3D('',#17514,#14145,#14146);
#13054=AXIS2_PLACEMENT_3D('',#17523,#14151,#14152);
#13055=AXIS2_PLACEMENT_3D('',#17532,#14157,#14158);
#13056=AXIS2_PLACEMENT_3D('',#17541,#14163,#14164);
#13057=AXIS2_PLACEMENT_3D('',#17550,#14169,#14170);
#13058=AXIS2_PLACEMENT_3D('',#17559,#14175,#14176);
#13059=AXIS2_PLACEMENT_3D('',#17568,#14181,#14182);
#13060=AXIS2_PLACEMENT_3D('',#17577,#14187,#14188);
#13061=AXIS2_PLACEMENT_3D('',#17586,#14193,#14194);
#13062=AXIS2_PLACEMENT_3D('',#17595,#14199,#14200);
#13063=AXIS2_PLACEMENT_3D('',#17604,#14205,#14206);
#13064=AXIS2_PLACEMENT_3D('',#17613,#14211,#14212);
#13065=AXIS2_PLACEMENT_3D('',#17622,#14217,#14218);
#13066=AXIS2_PLACEMENT_3D('',#17631,#14223,#14224);
#13067=AXIS2_PLACEMENT_3D('',#17640,#14229,#14230);
#13068=AXIS2_PLACEMENT_3D('',#17649,#14235,#14236);
#13069=AXIS2_PLACEMENT_3D('',#17658,#14241,#14242);
#13070=AXIS2_PLACEMENT_3D('',#17667,#14247,#14248);
#13071=AXIS2_PLACEMENT_3D('',#17676,#14253,#14254);
#13072=AXIS2_PLACEMENT_3D('',#17685,#14259,#14260);
#13073=AXIS2_PLACEMENT_3D('',#17694,#14265,#14266);
#13074=AXIS2_PLACEMENT_3D('',#17703,#14271,#14272);
#13075=AXIS2_PLACEMENT_3D('',#17712,#14277,#14278);
#13076=AXIS2_PLACEMENT_3D('',#17721,#14283,#14284);
#13077=AXIS2_PLACEMENT_3D('',#17730,#14289,#14290);
#13078=AXIS2_PLACEMENT_3D('',#17739,#14295,#14296);
#13079=AXIS2_PLACEMENT_3D('',#17748,#14301,#14302);
#13080=AXIS2_PLACEMENT_3D('',#17757,#14307,#14308);
#13081=AXIS2_PLACEMENT_3D('',#17766,#14313,#14314);
#13082=AXIS2_PLACEMENT_3D('',#17775,#14319,#14320);
#13083=AXIS2_PLACEMENT_3D('',#17784,#14325,#14326);
#13084=AXIS2_PLACEMENT_3D('',#17793,#14331,#14332);
#13085=AXIS2_PLACEMENT_3D('',#17802,#14337,#14338);
#13086=AXIS2_PLACEMENT_3D('',#17811,#14343,#14344);
#13087=AXIS2_PLACEMENT_3D('',#17820,#14349,#14350);
#13088=AXIS2_PLACEMENT_3D('',#17829,#14355,#14356);
#13089=AXIS2_PLACEMENT_3D('',#17838,#14361,#14362);
#13090=AXIS2_PLACEMENT_3D('',#17847,#14367,#14368);
#13091=AXIS2_PLACEMENT_3D('',#17856,#14373,#14374);
#13092=AXIS2_PLACEMENT_3D('',#17865,#14379,#14380);
#13093=AXIS2_PLACEMENT_3D('',#17874,#14385,#14386);
#13094=AXIS2_PLACEMENT_3D('',#17883,#14391,#14392);
#13095=AXIS2_PLACEMENT_3D('',#17892,#14397,#14398);
#13096=AXIS2_PLACEMENT_3D('',#17901,#14403,#14404);
#13097=AXIS2_PLACEMENT_3D('',#17910,#14409,#14410);
#13098=AXIS2_PLACEMENT_3D('',#17919,#14415,#14416);
#13099=AXIS2_PLACEMENT_3D('',#17928,#14421,#14422);
#13100=AXIS2_PLACEMENT_3D('',#17937,#14427,#14428);
#13101=AXIS2_PLACEMENT_3D('',#17946,#14433,#14434);
#13102=AXIS2_PLACEMENT_3D('',#17955,#14439,#14440);
#13103=AXIS2_PLACEMENT_3D('',#17964,#14445,#14446);
#13104=AXIS2_PLACEMENT_3D('',#17973,#14451,#14452);
#13105=AXIS2_PLACEMENT_3D('',#17982,#14457,#14458);
#13106=AXIS2_PLACEMENT_3D('',#17991,#14463,#14464);
#13107=AXIS2_PLACEMENT_3D('',#18000,#14469,#14470);
#13108=AXIS2_PLACEMENT_3D('',#18005,#14472,#14473);
#13109=AXIS2_PLACEMENT_3D('',#18008,#14475,#14476);
#13110=AXIS2_PLACEMENT_3D('',#18009,#14477,#14478);
#13111=AXIS2_PLACEMENT_3D('',#18014,#14480,#14481);
#13112=AXIS2_PLACEMENT_3D('',#18017,#14483,#14484);
#13113=AXIS2_PLACEMENT_3D('',#18018,#14485,#14486);
#13114=AXIS2_PLACEMENT_3D('',#18023,#14488,#14489);
#13115=AXIS2_PLACEMENT_3D('',#18026,#14491,#14492);
#13116=AXIS2_PLACEMENT_3D('',#18027,#14493,#14494);
#13117=AXIS2_PLACEMENT_3D('',#18032,#14496,#14497);
#13118=AXIS2_PLACEMENT_3D('',#18035,#14499,#14500);
#13119=AXIS2_PLACEMENT_3D('',#18036,#14501,#14502);
#13120=AXIS2_PLACEMENT_3D('',#18041,#14504,#14505);
#13121=AXIS2_PLACEMENT_3D('',#18044,#14507,#14508);
#13122=AXIS2_PLACEMENT_3D('',#18045,#14509,#14510);
#13123=AXIS2_PLACEMENT_3D('',#18050,#14512,#14513);
#13124=AXIS2_PLACEMENT_3D('',#18053,#14515,#14516);
#13125=AXIS2_PLACEMENT_3D('',#18054,#14517,#14518);
#13126=AXIS2_PLACEMENT_3D('',#18059,#14520,#14521);
#13127=AXIS2_PLACEMENT_3D('',#18062,#14523,#14524);
#13128=AXIS2_PLACEMENT_3D('',#18063,#14525,#14526);
#13129=AXIS2_PLACEMENT_3D('',#18068,#14528,#14529);
#13130=AXIS2_PLACEMENT_3D('',#18071,#14531,#14532);
#13131=AXIS2_PLACEMENT_3D('',#18072,#14533,#14534);
#13132=AXIS2_PLACEMENT_3D('',#18077,#14536,#14537);
#13133=AXIS2_PLACEMENT_3D('',#18080,#14539,#14540);
#13134=AXIS2_PLACEMENT_3D('',#18081,#14541,#14542);
#13135=AXIS2_PLACEMENT_3D('',#18086,#14544,#14545);
#13136=AXIS2_PLACEMENT_3D('',#18089,#14547,#14548);
#13137=AXIS2_PLACEMENT_3D('',#18090,#14549,#14550);
#13138=AXIS2_PLACEMENT_3D('',#18095,#14552,#14553);
#13139=AXIS2_PLACEMENT_3D('',#18098,#14555,#14556);
#13140=AXIS2_PLACEMENT_3D('',#18099,#14557,#14558);
#13141=AXIS2_PLACEMENT_3D('',#18104,#14560,#14561);
#13142=AXIS2_PLACEMENT_3D('',#18107,#14563,#14564);
#13143=AXIS2_PLACEMENT_3D('',#18108,#14565,#14566);
#13144=AXIS2_PLACEMENT_3D('',#18113,#14568,#14569);
#13145=AXIS2_PLACEMENT_3D('',#18116,#14571,#14572);
#13146=AXIS2_PLACEMENT_3D('',#18117,#14573,#14574);
#13147=AXIS2_PLACEMENT_3D('',#18122,#14576,#14577);
#13148=AXIS2_PLACEMENT_3D('',#18125,#14579,#14580);
#13149=AXIS2_PLACEMENT_3D('',#18126,#14581,#14582);
#13150=AXIS2_PLACEMENT_3D('',#18131,#14584,#14585);
#13151=AXIS2_PLACEMENT_3D('',#18134,#14587,#14588);
#13152=AXIS2_PLACEMENT_3D('',#18135,#14589,#14590);
#13153=AXIS2_PLACEMENT_3D('',#18140,#14592,#14593);
#13154=AXIS2_PLACEMENT_3D('',#18143,#14595,#14596);
#13155=AXIS2_PLACEMENT_3D('',#18144,#14597,#14598);
#13156=AXIS2_PLACEMENT_3D('',#18149,#14600,#14601);
#13157=AXIS2_PLACEMENT_3D('',#18152,#14603,#14604);
#13158=AXIS2_PLACEMENT_3D('',#18153,#14605,#14606);
#13159=AXIS2_PLACEMENT_3D('',#18158,#14608,#14609);
#13160=AXIS2_PLACEMENT_3D('',#18161,#14611,#14612);
#13161=AXIS2_PLACEMENT_3D('',#18162,#14613,#14614);
#13162=AXIS2_PLACEMENT_3D('',#18167,#14616,#14617);
#13163=AXIS2_PLACEMENT_3D('',#18170,#14619,#14620);
#13164=AXIS2_PLACEMENT_3D('',#18171,#14621,#14622);
#13165=AXIS2_PLACEMENT_3D('',#18176,#14624,#14625);
#13166=AXIS2_PLACEMENT_3D('',#18179,#14627,#14628);
#13167=AXIS2_PLACEMENT_3D('',#18180,#14629,#14630);
#13168=AXIS2_PLACEMENT_3D('',#18185,#14632,#14633);
#13169=AXIS2_PLACEMENT_3D('',#18188,#14635,#14636);
#13170=AXIS2_PLACEMENT_3D('',#18189,#14637,#14638);
#13171=AXIS2_PLACEMENT_3D('',#18194,#14640,#14641);
#13172=AXIS2_PLACEMENT_3D('',#18197,#14643,#14644);
#13173=AXIS2_PLACEMENT_3D('',#18198,#14645,#14646);
#13174=AXIS2_PLACEMENT_3D('',#18203,#14648,#14649);
#13175=AXIS2_PLACEMENT_3D('',#18206,#14651,#14652);
#13176=AXIS2_PLACEMENT_3D('',#18207,#14653,#14654);
#13177=AXIS2_PLACEMENT_3D('',#18212,#14656,#14657);
#13178=AXIS2_PLACEMENT_3D('',#18215,#14659,#14660);
#13179=AXIS2_PLACEMENT_3D('',#18216,#14661,#14662);
#13180=AXIS2_PLACEMENT_3D('',#18221,#14664,#14665);
#13181=AXIS2_PLACEMENT_3D('',#18224,#14667,#14668);
#13182=AXIS2_PLACEMENT_3D('',#18225,#14669,#14670);
#13183=AXIS2_PLACEMENT_3D('',#18230,#14672,#14673);
#13184=AXIS2_PLACEMENT_3D('',#18233,#14675,#14676);
#13185=AXIS2_PLACEMENT_3D('',#18234,#14677,#14678);
#13186=AXIS2_PLACEMENT_3D('',#18239,#14680,#14681);
#13187=AXIS2_PLACEMENT_3D('',#18242,#14683,#14684);
#13188=AXIS2_PLACEMENT_3D('',#18243,#14685,#14686);
#13189=AXIS2_PLACEMENT_3D('',#18248,#14688,#14689);
#13190=AXIS2_PLACEMENT_3D('',#18251,#14691,#14692);
#13191=AXIS2_PLACEMENT_3D('',#18252,#14693,#14694);
#13192=AXIS2_PLACEMENT_3D('',#18257,#14696,#14697);
#13193=AXIS2_PLACEMENT_3D('',#18260,#14699,#14700);
#13194=AXIS2_PLACEMENT_3D('',#18261,#14701,#14702);
#13195=AXIS2_PLACEMENT_3D('',#18266,#14704,#14705);
#13196=AXIS2_PLACEMENT_3D('',#18269,#14707,#14708);
#13197=AXIS2_PLACEMENT_3D('',#18270,#14709,#14710);
#13198=AXIS2_PLACEMENT_3D('',#18275,#14712,#14713);
#13199=AXIS2_PLACEMENT_3D('',#18278,#14715,#14716);
#13200=AXIS2_PLACEMENT_3D('',#18279,#14717,#14718);
#13201=AXIS2_PLACEMENT_3D('',#18284,#14720,#14721);
#13202=AXIS2_PLACEMENT_3D('',#18287,#14723,#14724);
#13203=AXIS2_PLACEMENT_3D('',#18288,#14725,#14726);
#13204=AXIS2_PLACEMENT_3D('',#18293,#14728,#14729);
#13205=AXIS2_PLACEMENT_3D('',#18296,#14731,#14732);
#13206=AXIS2_PLACEMENT_3D('',#18297,#14733,#14734);
#13207=AXIS2_PLACEMENT_3D('',#18302,#14736,#14737);
#13208=AXIS2_PLACEMENT_3D('',#18305,#14739,#14740);
#13209=AXIS2_PLACEMENT_3D('',#18306,#14741,#14742);
#13210=AXIS2_PLACEMENT_3D('',#18311,#14744,#14745);
#13211=AXIS2_PLACEMENT_3D('',#18314,#14747,#14748);
#13212=AXIS2_PLACEMENT_3D('',#18315,#14749,#14750);
#13213=AXIS2_PLACEMENT_3D('',#18320,#14752,#14753);
#13214=AXIS2_PLACEMENT_3D('',#18323,#14755,#14756);
#13215=AXIS2_PLACEMENT_3D('',#18324,#14757,#14758);
#13216=AXIS2_PLACEMENT_3D('',#18329,#14760,#14761);
#13217=AXIS2_PLACEMENT_3D('',#18332,#14763,#14764);
#13218=AXIS2_PLACEMENT_3D('',#18333,#14765,#14766);
#13219=AXIS2_PLACEMENT_3D('',#18338,#14768,#14769);
#13220=AXIS2_PLACEMENT_3D('',#18341,#14771,#14772);
#13221=AXIS2_PLACEMENT_3D('',#18342,#14773,#14774);
#13222=AXIS2_PLACEMENT_3D('',#18346,#14777,#14778);
#13223=AXIS2_PLACEMENT_3D('',#18347,#14779,#14780);
#13224=AXIS2_PLACEMENT_3D('',#18348,#14781,#14782);
#13225=AXIS2_PLACEMENT_3D('',#18353,#14784,#14785);
#13226=AXIS2_PLACEMENT_3D('',#18356,#14787,#14788);
#13227=AXIS2_PLACEMENT_3D('',#18357,#14789,#14790);
#13228=AXIS2_PLACEMENT_3D('',#18362,#14792,#14793);
#13229=AXIS2_PLACEMENT_3D('',#18365,#14795,#14796);
#13230=AXIS2_PLACEMENT_3D('',#18366,#14797,#14798);
#13231=AXIS2_PLACEMENT_3D('',#18375,#14803,#14804);
#13232=AXIS2_PLACEMENT_3D('',#18381,#14808,#14809);
#13233=AXIS2_PLACEMENT_3D('',#18387,#14813,#14814);
#13234=AXIS2_PLACEMENT_3D('',#18390,#14817,#14818);
#13235=AXIS2_PLACEMENT_3D('',#18396,#14822,#14823);
#13236=AXIS2_PLACEMENT_3D('',#18402,#14827,#14828);
#13237=AXIS2_PLACEMENT_3D('',#18405,#14831,#14832);
#13238=AXIS2_PLACEMENT_3D('',#18411,#14836,#14837);
#13239=AXIS2_PLACEMENT_3D('',#18417,#14841,#14842);
#13240=AXIS2_PLACEMENT_3D('',#18420,#14845,#14846);
#13241=AXIS2_PLACEMENT_3D('',#18426,#14850,#14851);
#13242=AXIS2_PLACEMENT_3D('',#18432,#14855,#14856);
#13243=AXIS2_PLACEMENT_3D('',#18435,#14859,#14860);
#13244=AXIS2_PLACEMENT_3D('',#18441,#14864,#14865);
#13245=AXIS2_PLACEMENT_3D('',#18447,#14869,#14870);
#13246=AXIS2_PLACEMENT_3D('',#18450,#14873,#14874);
#13247=AXIS2_PLACEMENT_3D('',#18456,#14878,#14879);
#13248=AXIS2_PLACEMENT_3D('',#18462,#14883,#14884);
#13249=AXIS2_PLACEMENT_3D('',#18465,#14887,#14888);
#13250=AXIS2_PLACEMENT_3D('',#18471,#14892,#14893);
#13251=AXIS2_PLACEMENT_3D('',#18477,#14897,#14898);
#13252=AXIS2_PLACEMENT_3D('',#18480,#14901,#14902);
#13253=AXIS2_PLACEMENT_3D('',#18486,#14906,#14907);
#13254=AXIS2_PLACEMENT_3D('',#18492,#14911,#14912);
#13255=AXIS2_PLACEMENT_3D('',#18495,#14915,#14916);
#13256=AXIS2_PLACEMENT_3D('',#18501,#14920,#14921);
#13257=AXIS2_PLACEMENT_3D('',#18507,#14925,#14926);
#13258=AXIS2_PLACEMENT_3D('',#18510,#14929,#14930);
#13259=AXIS2_PLACEMENT_3D('',#18516,#14934,#14935);
#13260=AXIS2_PLACEMENT_3D('',#18522,#14939,#14940);
#13261=AXIS2_PLACEMENT_3D('',#18525,#14943,#14944);
#13262=AXIS2_PLACEMENT_3D('',#18531,#14948,#14949);
#13263=AXIS2_PLACEMENT_3D('',#18537,#14953,#14954);
#13264=AXIS2_PLACEMENT_3D('',#18540,#14957,#14958);
#13265=AXIS2_PLACEMENT_3D('',#18546,#14962,#14963);
#13266=AXIS2_PLACEMENT_3D('',#18552,#14967,#14968);
#13267=AXIS2_PLACEMENT_3D('',#18555,#14971,#14972);
#13268=AXIS2_PLACEMENT_3D('',#18561,#14976,#14977);
#13269=AXIS2_PLACEMENT_3D('',#18567,#14981,#14982);
#13270=AXIS2_PLACEMENT_3D('',#18570,#14985,#14986);
#13271=AXIS2_PLACEMENT_3D('',#18576,#14990,#14991);
#13272=AXIS2_PLACEMENT_3D('',#18582,#14995,#14996);
#13273=AXIS2_PLACEMENT_3D('',#18585,#14999,#15000);
#13274=AXIS2_PLACEMENT_3D('',#18591,#15004,#15005);
#13275=AXIS2_PLACEMENT_3D('',#18597,#15009,#15010);
#13276=AXIS2_PLACEMENT_3D('',#18600,#15013,#15014);
#13277=AXIS2_PLACEMENT_3D('',#18606,#15018,#15019);
#13278=AXIS2_PLACEMENT_3D('',#18612,#15023,#15024);
#13279=AXIS2_PLACEMENT_3D('',#18615,#15027,#15028);
#13280=AXIS2_PLACEMENT_3D('',#18621,#15032,#15033);
#13281=AXIS2_PLACEMENT_3D('',#18627,#15037,#15038);
#13282=AXIS2_PLACEMENT_3D('',#18630,#15041,#15042);
#13283=AXIS2_PLACEMENT_3D('',#18636,#15046,#15047);
#13284=AXIS2_PLACEMENT_3D('',#18642,#15051,#15052);
#13285=AXIS2_PLACEMENT_3D('',#18645,#15055,#15056);
#13286=AXIS2_PLACEMENT_3D('',#18651,#15060,#15061);
#13287=AXIS2_PLACEMENT_3D('',#18657,#15065,#15066);
#13288=AXIS2_PLACEMENT_3D('',#18660,#15069,#15070);
#13289=AXIS2_PLACEMENT_3D('',#18666,#15074,#15075);
#13290=AXIS2_PLACEMENT_3D('',#18672,#15079,#15080);
#13291=AXIS2_PLACEMENT_3D('',#18675,#15083,#15084);
#13292=AXIS2_PLACEMENT_3D('',#18681,#15088,#15089);
#13293=AXIS2_PLACEMENT_3D('',#18687,#15093,#15094);
#13294=AXIS2_PLACEMENT_3D('',#18690,#15097,#15098);
#13295=AXIS2_PLACEMENT_3D('',#18696,#15102,#15103);
#13296=AXIS2_PLACEMENT_3D('',#18702,#15107,#15108);
#13297=AXIS2_PLACEMENT_3D('',#18705,#15111,#15112);
#13298=AXIS2_PLACEMENT_3D('',#18711,#15116,#15117);
#13299=AXIS2_PLACEMENT_3D('',#18717,#15121,#15122);
#13300=AXIS2_PLACEMENT_3D('',#18720,#15125,#15126);
#13301=AXIS2_PLACEMENT_3D('',#18726,#15130,#15131);
#13302=AXIS2_PLACEMENT_3D('',#18732,#15135,#15136);
#13303=AXIS2_PLACEMENT_3D('',#18735,#15139,#15140);
#13304=AXIS2_PLACEMENT_3D('',#18741,#15144,#15145);
#13305=AXIS2_PLACEMENT_3D('',#18747,#15149,#15150);
#13306=AXIS2_PLACEMENT_3D('',#18750,#15153,#15154);
#13307=AXIS2_PLACEMENT_3D('',#18756,#15158,#15159);
#13308=AXIS2_PLACEMENT_3D('',#18762,#15163,#15164);
#13309=AXIS2_PLACEMENT_3D('',#18765,#15167,#15168);
#13310=AXIS2_PLACEMENT_3D('',#18771,#15172,#15173);
#13311=AXIS2_PLACEMENT_3D('',#18777,#15177,#15178);
#13312=AXIS2_PLACEMENT_3D('',#18780,#15181,#15182);
#13313=AXIS2_PLACEMENT_3D('',#18786,#15186,#15187);
#13314=AXIS2_PLACEMENT_3D('',#18792,#15191,#15192);
#13315=AXIS2_PLACEMENT_3D('',#18795,#15195,#15196);
#13316=AXIS2_PLACEMENT_3D('',#18801,#15200,#15201);
#13317=AXIS2_PLACEMENT_3D('',#18807,#15205,#15206);
#13318=AXIS2_PLACEMENT_3D('',#18810,#15209,#15210);
#13319=AXIS2_PLACEMENT_3D('',#18816,#15214,#15215);
#13320=AXIS2_PLACEMENT_3D('',#18822,#15219,#15220);
#13321=AXIS2_PLACEMENT_3D('',#18825,#15223,#15224);
#13322=AXIS2_PLACEMENT_3D('',#18831,#15228,#15229);
#13323=AXIS2_PLACEMENT_3D('',#18837,#15233,#15234);
#13324=AXIS2_PLACEMENT_3D('',#18840,#15237,#15238);
#13325=AXIS2_PLACEMENT_3D('',#18846,#15242,#15243);
#13326=AXIS2_PLACEMENT_3D('',#18852,#15247,#15248);
#13327=AXIS2_PLACEMENT_3D('',#18855,#15251,#15252);
#13328=AXIS2_PLACEMENT_3D('',#18861,#15256,#15257);
#13329=AXIS2_PLACEMENT_3D('',#18867,#15261,#15262);
#13330=AXIS2_PLACEMENT_3D('',#18870,#15265,#15266);
#13331=AXIS2_PLACEMENT_3D('',#18876,#15270,#15271);
#13332=AXIS2_PLACEMENT_3D('',#18882,#15275,#15276);
#13333=AXIS2_PLACEMENT_3D('',#18885,#15279,#15280);
#13334=AXIS2_PLACEMENT_3D('',#18891,#15284,#15285);
#13335=AXIS2_PLACEMENT_3D('',#18897,#15289,#15290);
#13336=AXIS2_PLACEMENT_3D('',#18900,#15293,#15294);
#13337=AXIS2_PLACEMENT_3D('',#18906,#15298,#15299);
#13338=AXIS2_PLACEMENT_3D('',#18912,#15303,#15304);
#13339=AXIS2_PLACEMENT_3D('',#18915,#15307,#15308);
#13340=AXIS2_PLACEMENT_3D('',#18921,#15312,#15313);
#13341=AXIS2_PLACEMENT_3D('',#18927,#15317,#15318);
#13342=AXIS2_PLACEMENT_3D('',#18930,#15321,#15322);
#13343=AXIS2_PLACEMENT_3D('',#18936,#15326,#15327);
#13344=AXIS2_PLACEMENT_3D('',#18942,#15331,#15332);
#13345=AXIS2_PLACEMENT_3D('',#18945,#15335,#15336);
#13346=AXIS2_PLACEMENT_3D('',#18951,#15340,#15341);
#13347=AXIS2_PLACEMENT_3D('',#18957,#15345,#15346);
#13348=AXIS2_PLACEMENT_3D('',#18960,#15349,#15350);
#13349=AXIS2_PLACEMENT_3D('',#18966,#15354,#15355);
#13350=AXIS2_PLACEMENT_3D('',#18972,#15359,#15360);
#13351=AXIS2_PLACEMENT_3D('',#18975,#15363,#15364);
#13352=AXIS2_PLACEMENT_3D('',#18981,#15368,#15369);
#13353=AXIS2_PLACEMENT_3D('',#18987,#15373,#15374);
#13354=AXIS2_PLACEMENT_3D('',#18990,#15377,#15378);
#13355=AXIS2_PLACEMENT_3D('',#18996,#15382,#15383);
#13356=AXIS2_PLACEMENT_3D('',#19002,#15387,#15388);
#13357=AXIS2_PLACEMENT_3D('',#19005,#15391,#15392);
#13358=AXIS2_PLACEMENT_3D('',#19011,#15396,#15397);
#13359=AXIS2_PLACEMENT_3D('',#19017,#15401,#15402);
#13360=AXIS2_PLACEMENT_3D('',#19020,#15405,#15406);
#13361=AXIS2_PLACEMENT_3D('',#19026,#15410,#15411);
#13362=AXIS2_PLACEMENT_3D('',#19032,#15415,#15416);
#13363=AXIS2_PLACEMENT_3D('',#19035,#15419,#15420);
#13364=AXIS2_PLACEMENT_3D('',#19041,#15424,#15425);
#13365=AXIS2_PLACEMENT_3D('',#19047,#15429,#15430);
#13366=AXIS2_PLACEMENT_3D('',#19050,#15433,#15434);
#13367=AXIS2_PLACEMENT_3D('',#19056,#15438,#15439);
#13368=AXIS2_PLACEMENT_3D('',#19062,#15443,#15444);
#13369=AXIS2_PLACEMENT_3D('',#19065,#15447,#15448);
#13370=AXIS2_PLACEMENT_3D('',#19071,#15452,#15453);
#13371=AXIS2_PLACEMENT_3D('',#19077,#15457,#15458);
#13372=AXIS2_PLACEMENT_3D('',#19080,#15461,#15462);
#13373=AXIS2_PLACEMENT_3D('',#19086,#15466,#15467);
#13374=AXIS2_PLACEMENT_3D('',#19092,#15471,#15472);
#13375=AXIS2_PLACEMENT_3D('',#19095,#15475,#15476);
#13376=AXIS2_PLACEMENT_3D('',#19101,#15480,#15481);
#13377=AXIS2_PLACEMENT_3D('',#19107,#15485,#15486);
#13378=AXIS2_PLACEMENT_3D('',#19110,#15489,#15490);
#13379=AXIS2_PLACEMENT_3D('',#19116,#15494,#15495);
#13380=AXIS2_PLACEMENT_3D('',#19122,#15499,#15500);
#13381=AXIS2_PLACEMENT_3D('',#19125,#15503,#15504);
#13382=AXIS2_PLACEMENT_3D('',#19131,#15508,#15509);
#13383=AXIS2_PLACEMENT_3D('',#19137,#15513,#15514);
#13384=AXIS2_PLACEMENT_3D('',#19140,#15517,#15518);
#13385=AXIS2_PLACEMENT_3D('',#19146,#15522,#15523);
#13386=AXIS2_PLACEMENT_3D('',#19152,#15527,#15528);
#13387=AXIS2_PLACEMENT_3D('',#19155,#15531,#15532);
#13388=AXIS2_PLACEMENT_3D('',#19161,#15536,#15537);
#13389=AXIS2_PLACEMENT_3D('',#19167,#15541,#15542);
#13390=AXIS2_PLACEMENT_3D('',#19170,#15545,#15546);
#13391=AXIS2_PLACEMENT_3D('',#19176,#15550,#15551);
#13392=AXIS2_PLACEMENT_3D('',#19182,#15555,#15556);
#13393=AXIS2_PLACEMENT_3D('',#19185,#15559,#15560);
#13394=AXIS2_PLACEMENT_3D('',#19191,#15564,#15565);
#13395=AXIS2_PLACEMENT_3D('',#19197,#15569,#15570);
#13396=AXIS2_PLACEMENT_3D('',#19200,#15573,#15574);
#13397=AXIS2_PLACEMENT_3D('',#19206,#15578,#15579);
#13398=AXIS2_PLACEMENT_3D('',#19212,#15583,#15584);
#13399=AXIS2_PLACEMENT_3D('',#19215,#15587,#15588);
#13400=AXIS2_PLACEMENT_3D('',#19221,#15592,#15593);
#13401=AXIS2_PLACEMENT_3D('',#19227,#15597,#15598);
#13402=AXIS2_PLACEMENT_3D('',#19230,#15601,#15602);
#13403=AXIS2_PLACEMENT_3D('',#19236,#15606,#15607);
#13404=AXIS2_PLACEMENT_3D('',#19242,#15611,#15612);
#13405=AXIS2_PLACEMENT_3D('',#19245,#15615,#15616);
#13406=AXIS2_PLACEMENT_3D('',#19251,#15620,#15621);
#13407=AXIS2_PLACEMENT_3D('',#19257,#15625,#15626);
#13408=AXIS2_PLACEMENT_3D('',#19260,#15629,#15630);
#13409=AXIS2_PLACEMENT_3D('',#19266,#15634,#15635);
#13410=AXIS2_PLACEMENT_3D('',#19272,#15639,#15640);
#13411=AXIS2_PLACEMENT_3D('',#19275,#15643,#15644);
#13412=AXIS2_PLACEMENT_3D('',#19281,#15648,#15649);
#13413=AXIS2_PLACEMENT_3D('',#19287,#15653,#15654);
#13414=AXIS2_PLACEMENT_3D('',#19290,#15657,#15658);
#13415=AXIS2_PLACEMENT_3D('',#19296,#15662,#15663);
#13416=AXIS2_PLACEMENT_3D('',#19302,#15667,#15668);
#13417=AXIS2_PLACEMENT_3D('',#19305,#15671,#15672);
#13418=AXIS2_PLACEMENT_3D('',#19311,#15676,#15677);
#13419=AXIS2_PLACEMENT_3D('',#19317,#15681,#15682);
#13420=AXIS2_PLACEMENT_3D('',#19320,#15685,#15686);
#13421=AXIS2_PLACEMENT_3D('',#19326,#15690,#15691);
#13422=AXIS2_PLACEMENT_3D('',#19332,#15695,#15696);
#13423=AXIS2_PLACEMENT_3D('',#19335,#15699,#15700);
#13424=AXIS2_PLACEMENT_3D('',#19341,#15704,#15705);
#13425=AXIS2_PLACEMENT_3D('',#19347,#15709,#15710);
#13426=AXIS2_PLACEMENT_3D('',#19350,#15713,#15714);
#13427=AXIS2_PLACEMENT_3D('',#19356,#15718,#15719);
#13428=AXIS2_PLACEMENT_3D('',#19362,#15723,#15724);
#13429=AXIS2_PLACEMENT_3D('',#19365,#15727,#15728);
#13430=AXIS2_PLACEMENT_3D('',#19371,#15732,#15733);
#13431=AXIS2_PLACEMENT_3D('',#19377,#15737,#15738);
#13432=AXIS2_PLACEMENT_3D('',#19380,#15741,#15742);
#13433=AXIS2_PLACEMENT_3D('',#19386,#15746,#15747);
#13434=AXIS2_PLACEMENT_3D('',#19392,#15751,#15752);
#13435=AXIS2_PLACEMENT_3D('',#19395,#15755,#15756);
#13436=AXIS2_PLACEMENT_3D('',#19401,#15760,#15761);
#13437=AXIS2_PLACEMENT_3D('',#19407,#15765,#15766);
#13438=AXIS2_PLACEMENT_3D('',#19410,#15769,#15770);
#13439=AXIS2_PLACEMENT_3D('',#19416,#15774,#15775);
#13440=AXIS2_PLACEMENT_3D('',#19422,#15779,#15780);
#13441=AXIS2_PLACEMENT_3D('',#19425,#15783,#15784);
#13442=AXIS2_PLACEMENT_3D('',#19431,#15788,#15789);
#13443=AXIS2_PLACEMENT_3D('',#19437,#15793,#15794);
#13444=AXIS2_PLACEMENT_3D('',#19440,#15797,#15798);
#13445=AXIS2_PLACEMENT_3D('',#19446,#15802,#15803);
#13446=AXIS2_PLACEMENT_3D('',#19452,#15807,#15808);
#13447=AXIS2_PLACEMENT_3D('',#19455,#15811,#15812);
#13448=AXIS2_PLACEMENT_3D('',#19461,#15816,#15817);
#13449=AXIS2_PLACEMENT_3D('',#19467,#15821,#15822);
#13450=AXIS2_PLACEMENT_3D('',#19470,#15825,#15826);
#13451=AXIS2_PLACEMENT_3D('',#19476,#15830,#15831);
#13452=AXIS2_PLACEMENT_3D('',#19482,#15835,#15836);
#13453=AXIS2_PLACEMENT_3D('',#19485,#15839,#15840);
#13454=AXIS2_PLACEMENT_3D('',#19491,#15844,#15845);
#13455=AXIS2_PLACEMENT_3D('',#19497,#15849,#15850);
#13456=AXIS2_PLACEMENT_3D('',#19500,#15853,#15854);
#13457=AXIS2_PLACEMENT_3D('',#19506,#15858,#15859);
#13458=AXIS2_PLACEMENT_3D('',#19512,#15863,#15864);
#13459=AXIS2_PLACEMENT_3D('',#19515,#15867,#15868);
#13460=AXIS2_PLACEMENT_3D('',#19521,#15872,#15873);
#13461=AXIS2_PLACEMENT_3D('',#19527,#15877,#15878);
#13462=AXIS2_PLACEMENT_3D('',#19530,#15881,#15882);
#13463=AXIS2_PLACEMENT_3D('',#19536,#15886,#15887);
#13464=AXIS2_PLACEMENT_3D('',#19542,#15891,#15892);
#13465=AXIS2_PLACEMENT_3D('',#19545,#15895,#15896);
#13466=AXIS2_PLACEMENT_3D('',#19551,#15900,#15901);
#13467=AXIS2_PLACEMENT_3D('',#19557,#15905,#15906);
#13468=AXIS2_PLACEMENT_3D('',#19560,#15909,#15910);
#13469=AXIS2_PLACEMENT_3D('',#19566,#15914,#15915);
#13470=AXIS2_PLACEMENT_3D('',#19572,#15919,#15920);
#13471=AXIS2_PLACEMENT_3D('',#19575,#15923,#15924);
#13472=AXIS2_PLACEMENT_3D('',#19581,#15928,#15929);
#13473=AXIS2_PLACEMENT_3D('',#19587,#15933,#15934);
#13474=AXIS2_PLACEMENT_3D('',#19590,#15937,#15938);
#13475=AXIS2_PLACEMENT_3D('',#19596,#15942,#15943);
#13476=AXIS2_PLACEMENT_3D('',#19602,#15947,#15948);
#13477=AXIS2_PLACEMENT_3D('',#19605,#15951,#15952);
#13478=AXIS2_PLACEMENT_3D('',#19611,#15956,#15957);
#13479=AXIS2_PLACEMENT_3D('',#19617,#15961,#15962);
#13480=AXIS2_PLACEMENT_3D('',#19620,#15965,#15966);
#13481=AXIS2_PLACEMENT_3D('',#19626,#15970,#15971);
#13482=AXIS2_PLACEMENT_3D('',#19632,#15975,#15976);
#13483=AXIS2_PLACEMENT_3D('',#19635,#15979,#15980);
#13484=AXIS2_PLACEMENT_3D('',#19641,#15984,#15985);
#13485=AXIS2_PLACEMENT_3D('',#19647,#15989,#15990);
#13486=AXIS2_PLACEMENT_3D('',#19650,#15993,#15994);
#13487=AXIS2_PLACEMENT_3D('',#19656,#15998,#15999);
#13488=AXIS2_PLACEMENT_3D('',#19662,#16003,#16004);
#13489=AXIS2_PLACEMENT_3D('',#19665,#16007,#16008);
#13490=AXIS2_PLACEMENT_3D('',#19671,#16012,#16013);
#13491=AXIS2_PLACEMENT_3D('',#19677,#16017,#16018);
#13492=AXIS2_PLACEMENT_3D('',#19680,#16021,#16022);
#13493=AXIS2_PLACEMENT_3D('',#19686,#16026,#16027);
#13494=AXIS2_PLACEMENT_3D('',#19692,#16031,#16032);
#13495=AXIS2_PLACEMENT_3D('',#19695,#16035,#16036);
#13496=AXIS2_PLACEMENT_3D('',#19701,#16040,#16041);
#13497=AXIS2_PLACEMENT_3D('',#19707,#16045,#16046);
#13498=AXIS2_PLACEMENT_3D('',#19710,#16049,#16050);
#13499=AXIS2_PLACEMENT_3D('',#19716,#16054,#16055);
#13500=AXIS2_PLACEMENT_3D('',#19722,#16059,#16060);
#13501=AXIS2_PLACEMENT_3D('',#19725,#16063,#16064);
#13502=AXIS2_PLACEMENT_3D('',#19731,#16068,#16069);
#13503=AXIS2_PLACEMENT_3D('',#19737,#16073,#16074);
#13504=AXIS2_PLACEMENT_3D('',#19740,#16077,#16078);
#13505=AXIS2_PLACEMENT_3D('',#19746,#16082,#16083);
#13506=AXIS2_PLACEMENT_3D('',#19752,#16087,#16088);
#13507=AXIS2_PLACEMENT_3D('',#19755,#16091,#16092);
#13508=AXIS2_PLACEMENT_3D('',#19761,#16096,#16097);
#13509=AXIS2_PLACEMENT_3D('',#19767,#16101,#16102);
#13510=AXIS2_PLACEMENT_3D('',#19770,#16105,#16106);
#13511=AXIS2_PLACEMENT_3D('',#19776,#16110,#16111);
#13512=AXIS2_PLACEMENT_3D('',#19782,#16115,#16116);
#13513=AXIS2_PLACEMENT_3D('',#19785,#16119,#16120);
#13514=AXIS2_PLACEMENT_3D('',#19791,#16124,#16125);
#13515=AXIS2_PLACEMENT_3D('',#19797,#16129,#16130);
#13516=AXIS2_PLACEMENT_3D('',#19800,#16133,#16134);
#13517=AXIS2_PLACEMENT_3D('',#19806,#16138,#16139);
#13518=AXIS2_PLACEMENT_3D('',#19812,#16143,#16144);
#13519=AXIS2_PLACEMENT_3D('',#19815,#16147,#16148);
#13520=AXIS2_PLACEMENT_3D('',#19821,#16152,#16153);
#13521=AXIS2_PLACEMENT_3D('',#19827,#16157,#16158);
#13522=AXIS2_PLACEMENT_3D('',#19830,#16161,#16162);
#13523=AXIS2_PLACEMENT_3D('',#19836,#16166,#16167);
#13524=AXIS2_PLACEMENT_3D('',#19842,#16171,#16172);
#13525=AXIS2_PLACEMENT_3D('',#19845,#16175,#16176);
#13526=AXIS2_PLACEMENT_3D('',#19851,#16180,#16181);
#13527=AXIS2_PLACEMENT_3D('',#19857,#16185,#16186);
#13528=AXIS2_PLACEMENT_3D('',#19860,#16189,#16190);
#13529=AXIS2_PLACEMENT_3D('',#19866,#16194,#16195);
#13530=AXIS2_PLACEMENT_3D('',#19872,#16199,#16200);
#13531=AXIS2_PLACEMENT_3D('',#19875,#16203,#16204);
#13532=AXIS2_PLACEMENT_3D('',#19881,#16208,#16209);
#13533=AXIS2_PLACEMENT_3D('',#19887,#16213,#16214);
#13534=AXIS2_PLACEMENT_3D('',#19890,#16217,#16218);
#13535=AXIS2_PLACEMENT_3D('',#19896,#16222,#16223);
#13536=AXIS2_PLACEMENT_3D('',#19902,#16227,#16228);
#13537=AXIS2_PLACEMENT_3D('',#19905,#16231,#16232);
#13538=AXIS2_PLACEMENT_3D('',#19911,#16236,#16237);
#13539=AXIS2_PLACEMENT_3D('',#19917,#16241,#16242);
#13540=AXIS2_PLACEMENT_3D('',#19920,#16245,#16246);
#13541=AXIS2_PLACEMENT_3D('',#19926,#16250,#16251);
#13542=AXIS2_PLACEMENT_3D('',#19932,#16255,#16256);
#13543=AXIS2_PLACEMENT_3D('',#19935,#16259,#16260);
#13544=AXIS2_PLACEMENT_3D('',#19941,#16264,#16265);
#13545=AXIS2_PLACEMENT_3D('',#19947,#16269,#16270);
#13546=AXIS2_PLACEMENT_3D('',#19950,#16273,#16274);
#13547=AXIS2_PLACEMENT_3D('',#19956,#16278,#16279);
#13548=AXIS2_PLACEMENT_3D('',#19962,#16283,#16284);
#13549=AXIS2_PLACEMENT_3D('',#19965,#16287,#16288);
#13550=AXIS2_PLACEMENT_3D('',#19971,#16292,#16293);
#13551=AXIS2_PLACEMENT_3D('',#19977,#16297,#16298);
#13552=AXIS2_PLACEMENT_3D('',#19980,#16301,#16302);
#13553=AXIS2_PLACEMENT_3D('',#19986,#16306,#16307);
#13554=AXIS2_PLACEMENT_3D('',#19992,#16311,#16312);
#13555=AXIS2_PLACEMENT_3D('',#19995,#16315,#16316);
#13556=AXIS2_PLACEMENT_3D('',#20001,#16320,#16321);
#13557=AXIS2_PLACEMENT_3D('',#20007,#16325,#16326);
#13558=AXIS2_PLACEMENT_3D('',#20010,#16329,#16330);
#13559=AXIS2_PLACEMENT_3D('',#20016,#16334,#16335);
#13560=AXIS2_PLACEMENT_3D('',#20022,#16339,#16340);
#13561=AXIS2_PLACEMENT_3D('',#20025,#16343,#16344);
#13562=AXIS2_PLACEMENT_3D('',#20031,#16348,#16349);
#13563=AXIS2_PLACEMENT_3D('',#20037,#16353,#16354);
#13564=AXIS2_PLACEMENT_3D('',#20040,#16357,#16358);
#13565=AXIS2_PLACEMENT_3D('',#20046,#16362,#16363);
#13566=AXIS2_PLACEMENT_3D('',#20052,#16367,#16368);
#13567=AXIS2_PLACEMENT_3D('',#20055,#16371,#16372);
#13568=AXIS2_PLACEMENT_3D('',#20061,#16376,#16377);
#13569=AXIS2_PLACEMENT_3D('',#20067,#16381,#16382);
#13570=AXIS2_PLACEMENT_3D('',#20070,#16385,#16386);
#13571=AXIS2_PLACEMENT_3D('',#20076,#16390,#16391);
#13572=AXIS2_PLACEMENT_3D('',#20082,#16395,#16396);
#13573=AXIS2_PLACEMENT_3D('',#20085,#16399,#16400);
#13574=AXIS2_PLACEMENT_3D('',#20091,#16404,#16405);
#13575=AXIS2_PLACEMENT_3D('',#20097,#16409,#16410);
#13576=AXIS2_PLACEMENT_3D('',#20100,#16413,#16414);
#13577=AXIS2_PLACEMENT_3D('',#20106,#16418,#16419);
#13578=AXIS2_PLACEMENT_3D('',#20112,#16423,#16424);
#13579=AXIS2_PLACEMENT_3D('',#20115,#16427,#16428);
#13580=AXIS2_PLACEMENT_3D('',#20121,#16432,#16433);
#13581=AXIS2_PLACEMENT_3D('',#20127,#16437,#16438);
#13582=AXIS2_PLACEMENT_3D('',#20130,#16441,#16442);
#13583=AXIS2_PLACEMENT_3D('',#20136,#16446,#16447);
#13584=AXIS2_PLACEMENT_3D('',#20142,#16451,#16452);
#13585=AXIS2_PLACEMENT_3D('',#20145,#16455,#16456);
#13586=AXIS2_PLACEMENT_3D('',#20151,#16460,#16461);
#13587=AXIS2_PLACEMENT_3D('',#20157,#16465,#16466);
#13588=AXIS2_PLACEMENT_3D('',#20160,#16469,#16470);
#13589=AXIS2_PLACEMENT_3D('',#20166,#16474,#16475);
#13590=AXIS2_PLACEMENT_3D('',#20172,#16479,#16480);
#13591=AXIS2_PLACEMENT_3D('',#20175,#16483,#16484);
#13592=AXIS2_PLACEMENT_3D('',#20181,#16488,#16489);
#13593=AXIS2_PLACEMENT_3D('',#20187,#16493,#16494);
#13594=AXIS2_PLACEMENT_3D('',#20190,#16497,#16498);
#13595=AXIS2_PLACEMENT_3D('',#20196,#16502,#16503);
#13596=AXIS2_PLACEMENT_3D('',#20202,#16507,#16508);
#13597=AXIS2_PLACEMENT_3D('',#20205,#16511,#16512);
#13598=AXIS2_PLACEMENT_3D('',#20211,#16516,#16517);
#13599=AXIS2_PLACEMENT_3D('',#20217,#16521,#16522);
#13600=AXIS2_PLACEMENT_3D('',#20220,#16525,#16526);
#13601=AXIS2_PLACEMENT_3D('',#20226,#16530,#16531);
#13602=AXIS2_PLACEMENT_3D('',#20232,#16535,#16536);
#13603=AXIS2_PLACEMENT_3D('',#20235,#16539,#16540);
#13604=AXIS2_PLACEMENT_3D('',#20241,#16544,#16545);
#13605=AXIS2_PLACEMENT_3D('',#20247,#16549,#16550);
#13606=AXIS2_PLACEMENT_3D('',#20250,#16553,#16554);
#13607=AXIS2_PLACEMENT_3D('',#20256,#16558,#16559);
#13608=AXIS2_PLACEMENT_3D('',#20262,#16563,#16564);
#13609=AXIS2_PLACEMENT_3D('',#20265,#16567,#16568);
#13610=AXIS2_PLACEMENT_3D('',#20271,#16572,#16573);
#13611=AXIS2_PLACEMENT_3D('',#20277,#16577,#16578);
#13612=AXIS2_PLACEMENT_3D('',#20280,#16581,#16582);
#13613=AXIS2_PLACEMENT_3D('',#20286,#16586,#16587);
#13614=AXIS2_PLACEMENT_3D('',#20292,#16591,#16592);
#13615=AXIS2_PLACEMENT_3D('',#20295,#16595,#16596);
#13616=AXIS2_PLACEMENT_3D('',#20301,#16600,#16601);
#13617=AXIS2_PLACEMENT_3D('',#20307,#16605,#16606);
#13618=AXIS2_PLACEMENT_3D('',#20310,#16609,#16610);
#13619=AXIS2_PLACEMENT_3D('',#20316,#16614,#16615);
#13620=AXIS2_PLACEMENT_3D('',#20322,#16619,#16620);
#13621=AXIS2_PLACEMENT_3D('',#20325,#16623,#16624);
#13622=AXIS2_PLACEMENT_3D('',#20331,#16628,#16629);
#13623=AXIS2_PLACEMENT_3D('',#20337,#16633,#16634);
#13624=AXIS2_PLACEMENT_3D('',#20340,#16637,#16638);
#13625=AXIS2_PLACEMENT_3D('',#20346,#16642,#16643);
#13626=AXIS2_PLACEMENT_3D('',#20352,#16647,#16648);
#13627=AXIS2_PLACEMENT_3D('',#20355,#16651,#16652);
#13628=AXIS2_PLACEMENT_3D('',#20361,#16656,#16657);
#13629=AXIS2_PLACEMENT_3D('',#20367,#16661,#16662);
#13630=AXIS2_PLACEMENT_3D('',#20370,#16665,#16666);
#13631=AXIS2_PLACEMENT_3D('',#20376,#16670,#16671);
#13632=AXIS2_PLACEMENT_3D('',#20382,#16675,#16676);
#13633=AXIS2_PLACEMENT_3D('',#20385,#16679,#16680);
#13634=AXIS2_PLACEMENT_3D('',#20391,#16684,#16685);
#13635=AXIS2_PLACEMENT_3D('',#20397,#16689,#16690);
#13636=AXIS2_PLACEMENT_3D('',#20400,#16693,#16694);
#13637=AXIS2_PLACEMENT_3D('',#20406,#16698,#16699);
#13638=AXIS2_PLACEMENT_3D('',#20412,#16703,#16704);
#13639=AXIS2_PLACEMENT_3D('',#20415,#16707,#16708);
#13640=AXIS2_PLACEMENT_3D('',#20421,#16712,#16713);
#13641=AXIS2_PLACEMENT_3D('',#20427,#16717,#16718);
#13642=AXIS2_PLACEMENT_3D('',#20430,#16721,#16722);
#13643=AXIS2_PLACEMENT_3D('',#20436,#16726,#16727);
#13644=AXIS2_PLACEMENT_3D('',#20442,#16731,#16732);
#13645=AXIS2_PLACEMENT_3D('',#20445,#16735,#16736);
#13646=AXIS2_PLACEMENT_3D('',#20451,#16740,#16741);
#13647=AXIS2_PLACEMENT_3D('',#20457,#16745,#16746);
#13648=AXIS2_PLACEMENT_3D('',#20460,#16749,#16750);
#13649=AXIS2_PLACEMENT_3D('',#20466,#16754,#16755);
#13650=AXIS2_PLACEMENT_3D('',#20472,#16759,#16760);
#13651=AXIS2_PLACEMENT_3D('',#20475,#16763,#16764);
#13652=AXIS2_PLACEMENT_3D('',#20481,#16768,#16769);
#13653=AXIS2_PLACEMENT_3D('',#20487,#16773,#16774);
#13654=AXIS2_PLACEMENT_3D('',#20490,#16777,#16778);
#13655=AXIS2_PLACEMENT_3D('',#20496,#16782,#16783);
#13656=AXIS2_PLACEMENT_3D('',#20502,#16787,#16788);
#13657=AXIS2_PLACEMENT_3D('',#20505,#16791,#16792);
#13658=AXIS2_PLACEMENT_3D('',#20511,#16796,#16797);
#13659=AXIS2_PLACEMENT_3D('',#20517,#16801,#16802);
#13660=AXIS2_PLACEMENT_3D('',#20520,#16805,#16806);
#13661=AXIS2_PLACEMENT_3D('',#20526,#16810,#16811);
#13662=AXIS2_PLACEMENT_3D('',#20532,#16815,#16816);
#13663=AXIS2_PLACEMENT_3D('',#20535,#16819,#16820);
#13664=AXIS2_PLACEMENT_3D('',#20541,#16824,#16825);
#13665=AXIS2_PLACEMENT_3D('',#20547,#16829,#16830);
#13666=AXIS2_PLACEMENT_3D('',#20550,#16833,#16834);
#13667=AXIS2_PLACEMENT_3D('',#20556,#16838,#16839);
#13668=AXIS2_PLACEMENT_3D('',#20562,#16843,#16844);
#13669=AXIS2_PLACEMENT_3D('',#20565,#16847,#16848);
#13670=AXIS2_PLACEMENT_3D('',#20571,#16852,#16853);
#13671=AXIS2_PLACEMENT_3D('',#20577,#16857,#16858);
#13672=AXIS2_PLACEMENT_3D('',#20580,#16861,#16862);
#13673=AXIS2_PLACEMENT_3D('',#20586,#16866,#16867);
#13674=AXIS2_PLACEMENT_3D('',#20592,#16871,#16872);
#13675=AXIS2_PLACEMENT_3D('',#20595,#16875,#16876);
#13676=AXIS2_PLACEMENT_3D('',#20601,#16880,#16881);
#13677=AXIS2_PLACEMENT_3D('',#20607,#16885,#16886);
#13678=AXIS2_PLACEMENT_3D('',#20610,#16889,#16890);
#13679=AXIS2_PLACEMENT_3D('',#20616,#16894,#16895);
#13680=AXIS2_PLACEMENT_3D('',#20622,#16899,#16900);
#13681=AXIS2_PLACEMENT_3D('',#20625,#16903,#16904);
#13682=AXIS2_PLACEMENT_3D('',#20631,#16908,#16909);
#13683=AXIS2_PLACEMENT_3D('',#20637,#16913,#16914);
#13684=AXIS2_PLACEMENT_3D('',#20640,#16917,#16918);
#13685=AXIS2_PLACEMENT_3D('',#20646,#16922,#16923);
#13686=AXIS2_PLACEMENT_3D('',#20652,#16927,#16928);
#13687=AXIS2_PLACEMENT_3D('',#20655,#16931,#16932);
#13688=AXIS2_PLACEMENT_3D('',#20661,#16936,#16937);
#13689=AXIS2_PLACEMENT_3D('',#20667,#16941,#16942);
#13690=AXIS2_PLACEMENT_3D('',#20670,#16945,#16946);
#13691=AXIS2_PLACEMENT_3D('',#20676,#16950,#16951);
#13692=AXIS2_PLACEMENT_3D('',#20680,#16954,#16955);
#13693=AXIS2_PLACEMENT_3D('',#20684,#16958,#16959);
#13694=AXIS2_PLACEMENT_3D('',#20686,#16961,#16962);
#13695=DIRECTION('axis',(0.,0.,1.));
#13696=DIRECTION('refdir',(1.,0.,0.));
#13697=DIRECTION('center_axis',(0.,1.,0.));
#13698=DIRECTION('ref_axis',(0.,0.,1.));
#13699=DIRECTION('',(1.75298372309235E-16,0.,1.));
#13700=DIRECTION('center_axis',(0.,-1.,0.));
#13701=DIRECTION('ref_axis',(-1.,0.,0.));
#13702=DIRECTION('',(-2.92163953848726E-16,0.,-1.));
#13703=DIRECTION('center_axis',(0.,-1.,0.));
#13704=DIRECTION('ref_axis',(1.,0.,-1.8503717077086E-16));
#13705=DIRECTION('center_axis',(1.,0.,-2.92163953848726E-16));
#13706=DIRECTION('ref_axis',(-2.92163953848726E-16,0.,-1.));
#13707=DIRECTION('',(0.,1.,0.));
#13708=DIRECTION('',(-2.92163953848726E-16,0.,-1.));
#13709=DIRECTION('',(0.,1.,0.));
#13710=DIRECTION('center_axis',(0.,1.,0.));
#13711=DIRECTION('ref_axis',(-1.,0.,0.));
#13712=DIRECTION('',(0.,1.,0.));
#13713=DIRECTION('center_axis',(0.,-1.,0.));
#13714=DIRECTION('ref_axis',(-1.,0.,0.));
#13715=DIRECTION('center_axis',(0.,1.,0.));
#13716=DIRECTION('ref_axis',(-1.,0.,7.10542735760101E-16));
#13717=DIRECTION('',(0.,1.,0.));
#13718=DIRECTION('center_axis',(0.,1.,0.));
#13719=DIRECTION('ref_axis',(-1.,0.,7.10542735760101E-16));
#13720=DIRECTION('',(0.,1.,0.));
#13721=DIRECTION('center_axis',(0.,1.,0.));
#13722=DIRECTION('ref_axis',(-1.,0.,7.10542735760101E-16));
#13723=DIRECTION('center_axis',(0.,1.,0.));
#13724=DIRECTION('ref_axis',(-1.,0.,7.10542735760101E-16));
#13725=DIRECTION('',(0.,1.,0.));
#13726=DIRECTION('center_axis',(0.,1.,0.));
#13727=DIRECTION('ref_axis',(-1.,0.,7.10542735760101E-16));
#13728=DIRECTION('',(0.,1.,0.));
#13729=DIRECTION('center_axis',(0.,1.,0.));
#13730=DIRECTION('ref_axis',(-1.,0.,7.10542735760101E-16));
#13731=DIRECTION('center_axis',(0.,1.,0.));
#13732=DIRECTION('ref_axis',(-1.,0.,7.10542735760101E-16));
#13733=DIRECTION('',(0.,1.,0.));
#13734=DIRECTION('center_axis',(0.,1.,0.));
#13735=DIRECTION('ref_axis',(-1.,0.,7.10542735760101E-16));
#13736=DIRECTION('',(0.,1.,0.));
#13737=DIRECTION('center_axis',(0.,1.,0.));
#13738=DIRECTION('ref_axis',(-1.,0.,7.10542735760101E-16));
#13739=DIRECTION('center_axis',(0.,1.,0.));
#13740=DIRECTION('ref_axis',(-1.,0.,7.10542735760101E-16));
#13741=DIRECTION('',(0.,1.,0.));
#13742=DIRECTION('center_axis',(0.,1.,0.));
#13743=DIRECTION('ref_axis',(-1.,0.,7.10542735760101E-16));
#13744=DIRECTION('',(0.,1.,0.));
#13745=DIRECTION('center_axis',(0.,1.,0.));
#13746=DIRECTION('ref_axis',(-1.,0.,7.10542735760101E-16));
#13747=DIRECTION('center_axis',(0.,1.,0.));
#13748=DIRECTION('ref_axis',(-1.,0.,7.10542735760101E-16));
#13749=DIRECTION('',(0.,1.,0.));
#13750=DIRECTION('center_axis',(0.,1.,0.));
#13751=DIRECTION('ref_axis',(-1.,0.,7.10542735760101E-16));
#13752=DIRECTION('',(0.,1.,0.));
#13753=DIRECTION('center_axis',(0.,1.,0.));
#13754=DIRECTION('ref_axis',(-1.,0.,7.10542735760101E-16));
#13755=DIRECTION('center_axis',(0.,1.,0.));
#13756=DIRECTION('ref_axis',(-1.,0.,7.10542735760101E-16));
#13757=DIRECTION('',(0.,1.,0.));
#13758=DIRECTION('center_axis',(0.,1.,0.));
#13759=DIRECTION('ref_axis',(-1.,0.,7.10542735760101E-16));
#13760=DIRECTION('',(0.,1.,0.));
#13761=DIRECTION('center_axis',(0.,1.,0.));
#13762=DIRECTION('ref_axis',(-1.,0.,7.10542735760101E-16));
#13763=DIRECTION('center_axis',(0.,1.,0.));
#13764=DIRECTION('ref_axis',(-1.,0.,7.10542735760101E-16));
#13765=DIRECTION('',(0.,1.,0.));
#13766=DIRECTION('center_axis',(0.,1.,0.));
#13767=DIRECTION('ref_axis',(-1.,0.,7.10542735760101E-16));
#13768=DIRECTION('',(0.,1.,0.));
#13769=DIRECTION('center_axis',(0.,1.,0.));
#13770=DIRECTION('ref_axis',(-1.,0.,7.10542735760101E-16));
#13771=DIRECTION('center_axis',(0.,1.,0.));
#13772=DIRECTION('ref_axis',(-1.,0.,7.10542735760101E-16));
#13773=DIRECTION('',(0.,1.,0.));
#13774=DIRECTION('center_axis',(0.,1.,0.));
#13775=DIRECTION('ref_axis',(-1.,0.,7.10542735760101E-16));
#13776=DIRECTION('',(0.,1.,0.));
#13777=DIRECTION('center_axis',(0.,1.,0.));
#13778=DIRECTION('ref_axis',(-1.,0.,7.10542735760101E-16));
#13779=DIRECTION('center_axis',(0.,1.,0.));
#13780=DIRECTION('ref_axis',(-1.,0.,7.10542735760101E-16));
#13781=DIRECTION('',(0.,1.,0.));
#13782=DIRECTION('center_axis',(0.,1.,0.));
#13783=DIRECTION('ref_axis',(-1.,0.,7.10542735760101E-16));
#13784=DIRECTION('',(0.,1.,0.));
#13785=DIRECTION('center_axis',(0.,1.,0.));
#13786=DIRECTION('ref_axis',(-1.,0.,7.10542735760101E-16));
#13787=DIRECTION('center_axis',(0.,1.,0.));
#13788=DIRECTION('ref_axis',(-1.,0.,7.10542735760101E-16));
#13789=DIRECTION('',(0.,1.,0.));
#13790=DIRECTION('center_axis',(0.,1.,0.));
#13791=DIRECTION('ref_axis',(-1.,0.,7.10542735760101E-16));
#13792=DIRECTION('',(0.,1.,0.));
#13793=DIRECTION('center_axis',(0.,1.,0.));
#13794=DIRECTION('ref_axis',(-1.,0.,7.10542735760101E-16));
#13795=DIRECTION('center_axis',(0.,1.,0.));
#13796=DIRECTION('ref_axis',(-1.,0.,7.10542735760101E-16));
#13797=DIRECTION('',(0.,1.,0.));
#13798=DIRECTION('center_axis',(0.,1.,0.));
#13799=DIRECTION('ref_axis',(-1.,0.,7.10542735760101E-16));
#13800=DIRECTION('',(0.,1.,0.));
#13801=DIRECTION('center_axis',(0.,1.,0.));
#13802=DIRECTION('ref_axis',(-1.,0.,7.10542735760101E-16));
#13803=DIRECTION('center_axis',(0.,1.,0.));
#13804=DIRECTION('ref_axis',(-1.,0.,7.10542735760101E-16));
#13805=DIRECTION('',(0.,1.,0.));
#13806=DIRECTION('center_axis',(0.,1.,0.));
#13807=DIRECTION('ref_axis',(-1.,0.,7.10542735760101E-16));
#13808=DIRECTION('',(0.,1.,0.));
#13809=DIRECTION('center_axis',(0.,1.,0.));
#13810=DIRECTION('ref_axis',(-1.,0.,7.10542735760101E-16));
#13811=DIRECTION('center_axis',(0.,1.,0.));
#13812=DIRECTION('ref_axis',(-1.,0.,7.10542735760101E-16));
#13813=DIRECTION('',(0.,1.,0.));
#13814=DIRECTION('center_axis',(0.,1.,0.));
#13815=DIRECTION('ref_axis',(-1.,0.,7.10542735760101E-16));
#13816=DIRECTION('',(0.,1.,0.));
#13817=DIRECTION('center_axis',(0.,1.,0.));
#13818=DIRECTION('ref_axis',(-1.,0.,7.10542735760101E-16));
#13819=DIRECTION('center_axis',(0.,1.,0.));
#13820=DIRECTION('ref_axis',(-1.,0.,7.10542735760101E-16));
#13821=DIRECTION('',(0.,1.,0.));
#13822=DIRECTION('center_axis',(0.,1.,0.));
#13823=DIRECTION('ref_axis',(-1.,0.,7.10542735760101E-16));
#13824=DIRECTION('',(0.,1.,0.));
#13825=DIRECTION('center_axis',(0.,1.,0.));
#13826=DIRECTION('ref_axis',(-1.,0.,7.10542735760101E-16));
#13827=DIRECTION('center_axis',(0.,1.,0.));
#13828=DIRECTION('ref_axis',(-1.,0.,7.10542735760101E-16));
#13829=DIRECTION('',(0.,1.,0.));
#13830=DIRECTION('center_axis',(0.,1.,0.));
#13831=DIRECTION('ref_axis',(-1.,0.,7.10542735760101E-16));
#13832=DIRECTION('',(0.,1.,0.));
#13833=DIRECTION('center_axis',(0.,1.,0.));
#13834=DIRECTION('ref_axis',(-1.,0.,7.10542735760101E-16));
#13835=DIRECTION('center_axis',(0.,1.,0.));
#13836=DIRECTION('ref_axis',(-1.,0.,7.10542735760101E-16));
#13837=DIRECTION('',(0.,1.,0.));
#13838=DIRECTION('center_axis',(0.,1.,0.));
#13839=DIRECTION('ref_axis',(-1.,0.,7.10542735760101E-16));
#13840=DIRECTION('',(0.,1.,0.));
#13841=DIRECTION('center_axis',(0.,1.,0.));
#13842=DIRECTION('ref_axis',(-1.,0.,7.10542735760101E-16));
#13843=DIRECTION('center_axis',(0.,1.,0.));
#13844=DIRECTION('ref_axis',(-1.,0.,7.10542735760101E-16));
#13845=DIRECTION('',(0.,1.,0.));
#13846=DIRECTION('center_axis',(0.,1.,0.));
#13847=DIRECTION('ref_axis',(-1.,0.,7.10542735760101E-16));
#13848=DIRECTION('',(0.,1.,0.));
#13849=DIRECTION('center_axis',(0.,1.,0.));
#13850=DIRECTION('ref_axis',(-1.,0.,7.10542735760101E-16));
#13851=DIRECTION('center_axis',(0.,1.,0.));
#13852=DIRECTION('ref_axis',(-1.,0.,7.10542735760101E-16));
#13853=DIRECTION('',(0.,1.,0.));
#13854=DIRECTION('center_axis',(0.,1.,0.));
#13855=DIRECTION('ref_axis',(-1.,0.,7.10542735760101E-16));
#13856=DIRECTION('',(0.,1.,0.));
#13857=DIRECTION('center_axis',(0.,1.,0.));
#13858=DIRECTION('ref_axis',(-1.,0.,7.10542735760101E-16));
#13859=DIRECTION('center_axis',(0.,1.,0.));
#13860=DIRECTION('ref_axis',(-1.,0.,7.10542735760101E-16));
#13861=DIRECTION('',(0.,1.,0.));
#13862=DIRECTION('center_axis',(0.,1.,0.));
#13863=DIRECTION('ref_axis',(-1.,0.,7.10542735760101E-16));
#13864=DIRECTION('',(0.,1.,0.));
#13865=DIRECTION('center_axis',(0.,1.,0.));
#13866=DIRECTION('ref_axis',(-1.,0.,7.10542735760101E-16));
#13867=DIRECTION('center_axis',(0.,1.,0.));
#13868=DIRECTION('ref_axis',(-1.,0.,7.10542735760101E-16));
#13869=DIRECTION('',(0.,1.,0.));
#13870=DIRECTION('center_axis',(0.,1.,0.));
#13871=DIRECTION('ref_axis',(-1.,0.,7.10542735760101E-16));
#13872=DIRECTION('',(0.,1.,0.));
#13873=DIRECTION('center_axis',(0.,1.,0.));
#13874=DIRECTION('ref_axis',(-1.,0.,7.10542735760101E-16));
#13875=DIRECTION('center_axis',(0.,1.,0.));
#13876=DIRECTION('ref_axis',(-1.,0.,7.10542735760101E-16));
#13877=DIRECTION('',(0.,1.,0.));
#13878=DIRECTION('center_axis',(0.,1.,0.));
#13879=DIRECTION('ref_axis',(-1.,0.,7.10542735760101E-16));
#13880=DIRECTION('',(0.,1.,0.));
#13881=DIRECTION('center_axis',(0.,1.,0.));
#13882=DIRECTION('ref_axis',(-1.,0.,7.10542735760101E-16));
#13883=DIRECTION('center_axis',(0.,1.,0.));
#13884=DIRECTION('ref_axis',(-1.,0.,7.10542735760101E-16));
#13885=DIRECTION('',(0.,1.,0.));
#13886=DIRECTION('center_axis',(0.,1.,0.));
#13887=DIRECTION('ref_axis',(-1.,0.,7.10542735760101E-16));
#13888=DIRECTION('',(0.,1.,0.));
#13889=DIRECTION('center_axis',(0.,1.,0.));
#13890=DIRECTION('ref_axis',(-1.,0.,7.10542735760101E-16));
#13891=DIRECTION('center_axis',(0.,1.,0.));
#13892=DIRECTION('ref_axis',(-1.,0.,7.10542735760101E-16));
#13893=DIRECTION('',(0.,1.,0.));
#13894=DIRECTION('center_axis',(0.,1.,0.));
#13895=DIRECTION('ref_axis',(-1.,0.,7.10542735760101E-16));
#13896=DIRECTION('',(0.,1.,0.));
#13897=DIRECTION('center_axis',(0.,1.,0.));
#13898=DIRECTION('ref_axis',(-1.,0.,7.10542735760101E-16));
#13899=DIRECTION('center_axis',(0.,1.,0.));
#13900=DIRECTION('ref_axis',(-1.,0.,7.10542735760101E-16));
#13901=DIRECTION('',(0.,1.,0.));
#13902=DIRECTION('center_axis',(0.,1.,0.));
#13903=DIRECTION('ref_axis',(-1.,0.,7.10542735760101E-16));
#13904=DIRECTION('',(0.,1.,0.));
#13905=DIRECTION('center_axis',(0.,1.,0.));
#13906=DIRECTION('ref_axis',(-1.,0.,7.10542735760101E-16));
#13907=DIRECTION('center_axis',(0.,1.,0.));
#13908=DIRECTION('ref_axis',(-1.,0.,7.10542735760101E-16));
#13909=DIRECTION('',(0.,1.,0.));
#13910=DIRECTION('center_axis',(0.,1.,0.));
#13911=DIRECTION('ref_axis',(-1.,0.,7.10542735760101E-16));
#13912=DIRECTION('',(0.,1.,0.));
#13913=DIRECTION('center_axis',(0.,1.,0.));
#13914=DIRECTION('ref_axis',(-1.,0.,7.10542735760101E-16));
#13915=DIRECTION('center_axis',(0.,1.,0.));
#13916=DIRECTION('ref_axis',(-1.,0.,7.10542735760101E-16));
#13917=DIRECTION('',(0.,1.,0.));
#13918=DIRECTION('center_axis',(0.,1.,0.));
#13919=DIRECTION('ref_axis',(-1.,0.,7.10542735760101E-16));
#13920=DIRECTION('',(0.,1.,0.));
#13921=DIRECTION('center_axis',(0.,1.,0.));
#13922=DIRECTION('ref_axis',(-1.,0.,7.10542735760101E-16));
#13923=DIRECTION('center_axis',(0.,1.,0.));
#13924=DIRECTION('ref_axis',(-1.,0.,7.10542735760101E-16));
#13925=DIRECTION('',(0.,1.,0.));
#13926=DIRECTION('center_axis',(0.,1.,0.));
#13927=DIRECTION('ref_axis',(-1.,0.,7.10542735760101E-16));
#13928=DIRECTION('',(0.,1.,0.));
#13929=DIRECTION('center_axis',(0.,1.,0.));
#13930=DIRECTION('ref_axis',(-1.,0.,7.10542735760101E-16));
#13931=DIRECTION('center_axis',(0.,1.,0.));
#13932=DIRECTION('ref_axis',(-1.,0.,7.10542735760101E-16));
#13933=DIRECTION('',(0.,1.,0.));
#13934=DIRECTION('center_axis',(0.,1.,0.));
#13935=DIRECTION('ref_axis',(-1.,0.,7.10542735760101E-16));
#13936=DIRECTION('',(0.,1.,0.));
#13937=DIRECTION('center_axis',(0.,1.,0.));
#13938=DIRECTION('ref_axis',(-1.,0.,7.10542735760101E-16));
#13939=DIRECTION('center_axis',(0.,1.,0.));
#13940=DIRECTION('ref_axis',(-1.,0.,7.10542735760101E-16));
#13941=DIRECTION('',(0.,1.,0.));
#13942=DIRECTION('center_axis',(0.,1.,0.));
#13943=DIRECTION('ref_axis',(-1.,0.,7.10542735760101E-16));
#13944=DIRECTION('',(0.,1.,0.));
#13945=DIRECTION('center_axis',(0.,1.,0.));
#13946=DIRECTION('ref_axis',(-1.,0.,7.10542735760101E-16));
#13947=DIRECTION('center_axis',(0.,1.,0.));
#13948=DIRECTION('ref_axis',(-1.,0.,7.10542735760101E-16));
#13949=DIRECTION('',(0.,1.,0.));
#13950=DIRECTION('center_axis',(0.,1.,0.));
#13951=DIRECTION('ref_axis',(-1.,0.,7.10542735760101E-16));
#13952=DIRECTION('',(0.,1.,0.));
#13953=DIRECTION('center_axis',(0.,1.,0.));
#13954=DIRECTION('ref_axis',(-1.,0.,7.10542735760101E-16));
#13955=DIRECTION('center_axis',(0.,1.,0.));
#13956=DIRECTION('ref_axis',(-1.,0.,7.10542735760101E-16));
#13957=DIRECTION('',(0.,1.,0.));
#13958=DIRECTION('center_axis',(0.,1.,0.));
#13959=DIRECTION('ref_axis',(-1.,0.,7.10542735760101E-16));
#13960=DIRECTION('',(0.,1.,0.));
#13961=DIRECTION('center_axis',(0.,1.,0.));
#13962=DIRECTION('ref_axis',(-1.,0.,7.10542735760101E-16));
#13963=DIRECTION('center_axis',(0.,1.,0.));
#13964=DIRECTION('ref_axis',(-1.,0.,7.10542735760101E-16));
#13965=DIRECTION('',(0.,1.,0.));
#13966=DIRECTION('center_axis',(0.,1.,0.));
#13967=DIRECTION('ref_axis',(-1.,0.,7.10542735760101E-16));
#13968=DIRECTION('',(0.,1.,0.));
#13969=DIRECTION('center_axis',(0.,1.,0.));
#13970=DIRECTION('ref_axis',(-1.,0.,7.10542735760101E-16));
#13971=DIRECTION('center_axis',(0.,1.,0.));
#13972=DIRECTION('ref_axis',(-1.,0.,7.10542735760101E-16));
#13973=DIRECTION('',(0.,1.,0.));
#13974=DIRECTION('center_axis',(0.,1.,0.));
#13975=DIRECTION('ref_axis',(-1.,0.,7.10542735760101E-16));
#13976=DIRECTION('',(0.,1.,0.));
#13977=DIRECTION('center_axis',(0.,1.,0.));
#13978=DIRECTION('ref_axis',(-1.,0.,7.10542735760101E-16));
#13979=DIRECTION('center_axis',(0.,1.,0.));
#13980=DIRECTION('ref_axis',(-1.,0.,7.10542735760101E-16));
#13981=DIRECTION('',(0.,1.,0.));
#13982=DIRECTION('center_axis',(0.,1.,0.));
#13983=DIRECTION('ref_axis',(-1.,0.,7.10542735760101E-16));
#13984=DIRECTION('',(0.,1.,0.));
#13985=DIRECTION('center_axis',(0.,1.,0.));
#13986=DIRECTION('ref_axis',(-1.,0.,7.10542735760101E-16));
#13987=DIRECTION('center_axis',(0.,1.,0.));
#13988=DIRECTION('ref_axis',(-1.,0.,7.10542735760101E-16));
#13989=DIRECTION('',(0.,1.,0.));
#13990=DIRECTION('center_axis',(0.,1.,0.));
#13991=DIRECTION('ref_axis',(-1.,0.,7.10542735760101E-16));
#13992=DIRECTION('',(0.,1.,0.));
#13993=DIRECTION('center_axis',(0.,1.,0.));
#13994=DIRECTION('ref_axis',(-1.,0.,7.10542735760101E-16));
#13995=DIRECTION('center_axis',(0.,1.,0.));
#13996=DIRECTION('ref_axis',(-1.,0.,7.10542735760101E-16));
#13997=DIRECTION('',(0.,1.,0.));
#13998=DIRECTION('center_axis',(0.,1.,0.));
#13999=DIRECTION('ref_axis',(-1.,0.,7.10542735760101E-16));
#14000=DIRECTION('',(0.,1.,0.));
#14001=DIRECTION('center_axis',(0.,1.,0.));
#14002=DIRECTION('ref_axis',(-1.,0.,7.10542735760101E-16));
#14003=DIRECTION('center_axis',(0.,1.,0.));
#14004=DIRECTION('ref_axis',(-1.,0.,7.10542735760101E-16));
#14005=DIRECTION('',(0.,1.,0.));
#14006=DIRECTION('center_axis',(0.,1.,0.));
#14007=DIRECTION('ref_axis',(-1.,0.,7.10542735760101E-16));
#14008=DIRECTION('',(0.,1.,0.));
#14009=DIRECTION('center_axis',(0.,1.,0.));
#14010=DIRECTION('ref_axis',(-1.,0.,7.10542735760101E-16));
#14011=DIRECTION('center_axis',(0.,1.,0.));
#14012=DIRECTION('ref_axis',(-1.,0.,7.10542735760101E-16));
#14013=DIRECTION('',(0.,1.,0.));
#14014=DIRECTION('center_axis',(0.,1.,0.));
#14015=DIRECTION('ref_axis',(-1.,0.,7.10542735760101E-16));
#14016=DIRECTION('',(0.,1.,0.));
#14017=DIRECTION('center_axis',(0.,1.,0.));
#14018=DIRECTION('ref_axis',(-1.,0.,7.10542735760101E-16));
#14019=DIRECTION('center_axis',(1.,0.,-1.75298372309235E-16));
#14020=DIRECTION('ref_axis',(-1.75298372309235E-16,0.,-1.));
#14021=DIRECTION('',(0.,1.,0.));
#14022=DIRECTION('',(-1.75298372309235E-16,0.,-1.));
#14023=DIRECTION('',(0.,-1.,0.));
#14024=DIRECTION('',(-1.75298372309235E-16,0.,-1.));
#14025=DIRECTION('center_axis',(1.,0.,-1.75298372309235E-16));
#14026=DIRECTION('ref_axis',(-1.75298372309235E-16,0.,-1.));
#14027=DIRECTION('',(0.,1.,0.));
#14028=DIRECTION('',(-1.75298372309235E-16,0.,-1.));
#14029=DIRECTION('',(0.,-1.,0.));
#14030=DIRECTION('',(-1.75298372309235E-16,0.,-1.));
#14031=DIRECTION('center_axis',(1.,0.,-1.75298372309235E-16));
#14032=DIRECTION('ref_axis',(-1.75298372309235E-16,0.,-1.));
#14033=DIRECTION('',(0.,1.,0.));
#14034=DIRECTION('',(-1.75298372309235E-16,0.,-1.));
#14035=DIRECTION('',(0.,-1.,0.));
#14036=DIRECTION('',(-1.75298372309235E-16,0.,-1.));
#14037=DIRECTION('center_axis',(1.,0.,-1.75298372309235E-16));
#14038=DIRECTION('ref_axis',(-1.75298372309235E-16,0.,-1.));
#14039=DIRECTION('',(0.,1.,0.));
#14040=DIRECTION('',(-1.75298372309235E-16,0.,-1.));
#14041=DIRECTION('',(0.,-1.,0.));
#14042=DIRECTION('',(-1.75298372309235E-16,0.,-1.));
#14043=DIRECTION('center_axis',(1.,0.,-1.75298372309235E-16));
#14044=DIRECTION('ref_axis',(-1.75298372309235E-16,0.,-1.));
#14045=DIRECTION('',(0.,1.,0.));
#14046=DIRECTION('',(-1.75298372309235E-16,0.,-1.));
#14047=DIRECTION('',(0.,-1.,0.));
#14048=DIRECTION('',(-1.75298372309235E-16,0.,-1.));
#14049=DIRECTION('center_axis',(1.,0.,-1.75298372309235E-16));
#14050=DIRECTION('ref_axis',(-1.75298372309235E-16,0.,-1.));
#14051=DIRECTION('',(0.,1.,0.));
#14052=DIRECTION('',(-1.75298372309235E-16,0.,-1.));
#14053=DIRECTION('',(0.,-1.,0.));
#14054=DIRECTION('',(-1.75298372309235E-16,0.,-1.));
#14055=DIRECTION('center_axis',(1.,0.,-1.75298372309235E-16));
#14056=DIRECTION('ref_axis',(-1.75298372309235E-16,0.,-1.));
#14057=DIRECTION('',(0.,1.,0.));
#14058=DIRECTION('',(-1.75298372309235E-16,0.,-1.));
#14059=DIRECTION('',(0.,-1.,0.));
#14060=DIRECTION('',(-1.75298372309235E-16,0.,-1.));
#14061=DIRECTION('center_axis',(1.,0.,-1.75298372309235E-16));
#14062=DIRECTION('ref_axis',(-1.75298372309235E-16,0.,-1.));
#14063=DIRECTION('',(0.,1.,0.));
#14064=DIRECTION('',(-1.75298372309235E-16,0.,-1.));
#14065=DIRECTION('',(0.,-1.,0.));
#14066=DIRECTION('',(-1.75298372309235E-16,0.,-1.));
#14067=DIRECTION('center_axis',(1.,0.,-1.75298372309235E-16));
#14068=DIRECTION('ref_axis',(-1.75298372309235E-16,0.,-1.));
#14069=DIRECTION('',(0.,1.,0.));
#14070=DIRECTION('',(-1.75298372309235E-16,0.,-1.));
#14071=DIRECTION('',(0.,-1.,0.));
#14072=DIRECTION('',(-1.75298372309235E-16,0.,-1.));
#14073=DIRECTION('center_axis',(1.,0.,-1.75298372309235E-16));
#14074=DIRECTION('ref_axis',(-1.75298372309235E-16,0.,-1.));
#14075=DIRECTION('',(0.,1.,0.));
#14076=DIRECTION('',(-1.75298372309235E-16,0.,-1.));
#14077=DIRECTION('',(0.,-1.,0.));
#14078=DIRECTION('',(-1.75298372309235E-16,0.,-1.));
#14079=DIRECTION('center_axis',(1.,0.,-1.75298372309235E-16));
#14080=DIRECTION('ref_axis',(-1.75298372309235E-16,0.,-1.));
#14081=DIRECTION('',(0.,1.,0.));
#14082=DIRECTION('',(-1.75298372309235E-16,0.,-1.));
#14083=DIRECTION('',(0.,-1.,0.));
#14084=DIRECTION('',(-1.75298372309235E-16,0.,-1.));
#14085=DIRECTION('center_axis',(1.,0.,-1.75298372309235E-16));
#14086=DIRECTION('ref_axis',(-1.75298372309235E-16,0.,-1.));
#14087=DIRECTION('',(0.,1.,0.));
#14088=DIRECTION('',(-1.75298372309235E-16,0.,-1.));
#14089=DIRECTION('',(0.,-1.,0.));
#14090=DIRECTION('',(-1.75298372309235E-16,0.,-1.));
#14091=DIRECTION('center_axis',(1.,0.,-1.75298372309235E-16));
#14092=DIRECTION('ref_axis',(-1.75298372309235E-16,0.,-1.));
#14093=DIRECTION('',(0.,1.,0.));
#14094=DIRECTION('',(-1.75298372309235E-16,0.,-1.));
#14095=DIRECTION('',(0.,-1.,0.));
#14096=DIRECTION('',(-1.75298372309235E-16,0.,-1.));
#14097=DIRECTION('center_axis',(1.,0.,-1.75298372309235E-16));
#14098=DIRECTION('ref_axis',(-1.75298372309235E-16,0.,-1.));
#14099=DIRECTION('',(0.,1.,0.));
#14100=DIRECTION('',(-1.75298372309235E-16,0.,-1.));
#14101=DIRECTION('',(0.,-1.,0.));
#14102=DIRECTION('',(-1.75298372309235E-16,0.,-1.));
#14103=DIRECTION('center_axis',(1.,0.,-1.75298372309235E-16));
#14104=DIRECTION('ref_axis',(-1.75298372309235E-16,0.,-1.));
#14105=DIRECTION('',(0.,1.,0.));
#14106=DIRECTION('',(-1.75298372309235E-16,0.,-1.));
#14107=DIRECTION('',(0.,-1.,0.));
#14108=DIRECTION('',(-1.75298372309235E-16,0.,-1.));
#14109=DIRECTION('center_axis',(1.,0.,-1.75298372309235E-16));
#14110=DIRECTION('ref_axis',(-1.75298372309235E-16,0.,-1.));
#14111=DIRECTION('',(0.,1.,0.));
#14112=DIRECTION('',(-1.75298372309235E-16,0.,-1.));
#14113=DIRECTION('',(0.,-1.,0.));
#14114=DIRECTION('',(-1.75298372309235E-16,0.,-1.));
#14115=DIRECTION('center_axis',(1.,0.,-1.75298372309235E-16));
#14116=DIRECTION('ref_axis',(-1.75298372309235E-16,0.,-1.));
#14117=DIRECTION('',(0.,1.,0.));
#14118=DIRECTION('',(-1.75298372309235E-16,0.,-1.));
#14119=DIRECTION('',(0.,-1.,0.));
#14120=DIRECTION('',(-1.75298372309235E-16,0.,-1.));
#14121=DIRECTION('center_axis',(1.,0.,-1.75298372309235E-16));
#14122=DIRECTION('ref_axis',(-1.75298372309235E-16,0.,-1.));
#14123=DIRECTION('',(0.,1.,0.));
#14124=DIRECTION('',(-1.75298372309235E-16,0.,-1.));
#14125=DIRECTION('',(0.,-1.,0.));
#14126=DIRECTION('',(-1.75298372309235E-16,0.,-1.));
#14127=DIRECTION('center_axis',(1.,0.,-1.75298372309235E-16));
#14128=DIRECTION('ref_axis',(-1.75298372309235E-16,0.,-1.));
#14129=DIRECTION('',(0.,1.,0.));
#14130=DIRECTION('',(-1.75298372309235E-16,0.,-1.));
#14131=DIRECTION('',(0.,-1.,0.));
#14132=DIRECTION('',(-1.75298372309235E-16,0.,-1.));
#14133=DIRECTION('center_axis',(1.,0.,-1.75298372309235E-16));
#14134=DIRECTION('ref_axis',(-1.75298372309235E-16,0.,-1.));
#14135=DIRECTION('',(0.,1.,0.));
#14136=DIRECTION('',(-1.75298372309235E-16,0.,-1.));
#14137=DIRECTION('',(0.,-1.,0.));
#14138=DIRECTION('',(-1.75298372309235E-16,0.,-1.));
#14139=DIRECTION('center_axis',(1.,0.,-1.75298372309235E-16));
#14140=DIRECTION('ref_axis',(-1.75298372309235E-16,0.,-1.));
#14141=DIRECTION('',(0.,1.,0.));
#14142=DIRECTION('',(-1.75298372309235E-16,0.,-1.));
#14143=DIRECTION('',(0.,-1.,0.));
#14144=DIRECTION('',(-1.75298372309235E-16,0.,-1.));
#14145=DIRECTION('center_axis',(1.,0.,-1.75298372309235E-16));
#14146=DIRECTION('ref_axis',(-1.75298372309235E-16,0.,-1.));
#14147=DIRECTION('',(0.,1.,0.));
#14148=DIRECTION('',(-1.75298372309235E-16,0.,-1.));
#14149=DIRECTION('',(0.,-1.,0.));
#14150=DIRECTION('',(-1.75298372309235E-16,0.,-1.));
#14151=DIRECTION('center_axis',(1.,0.,-1.75298372309235E-16));
#14152=DIRECTION('ref_axis',(-1.75298372309235E-16,0.,-1.));
#14153=DIRECTION('',(0.,1.,0.));
#14154=DIRECTION('',(-1.75298372309235E-16,0.,-1.));
#14155=DIRECTION('',(0.,-1.,0.));
#14156=DIRECTION('',(-1.75298372309235E-16,0.,-1.));
#14157=DIRECTION('center_axis',(1.,0.,-1.75298372309235E-16));
#14158=DIRECTION('ref_axis',(-1.75298372309235E-16,0.,-1.));
#14159=DIRECTION('',(0.,1.,0.));
#14160=DIRECTION('',(-1.75298372309235E-16,0.,-1.));
#14161=DIRECTION('',(0.,-1.,0.));
#14162=DIRECTION('',(-1.75298372309235E-16,0.,-1.));
#14163=DIRECTION('center_axis',(1.,0.,-1.75298372309235E-16));
#14164=DIRECTION('ref_axis',(-1.75298372309235E-16,0.,-1.));
#14165=DIRECTION('',(0.,1.,0.));
#14166=DIRECTION('',(-1.75298372309235E-16,0.,-1.));
#14167=DIRECTION('',(0.,-1.,0.));
#14168=DIRECTION('',(-1.75298372309235E-16,0.,-1.));
#14169=DIRECTION('center_axis',(1.,0.,-1.75298372309235E-16));
#14170=DIRECTION('ref_axis',(-1.75298372309235E-16,0.,-1.));
#14171=DIRECTION('',(0.,1.,0.));
#14172=DIRECTION('',(-1.75298372309235E-16,0.,-1.));
#14173=DIRECTION('',(0.,-1.,0.));
#14174=DIRECTION('',(-1.75298372309235E-16,0.,-1.));
#14175=DIRECTION('center_axis',(1.,0.,-1.75298372309235E-16));
#14176=DIRECTION('ref_axis',(-1.75298372309235E-16,0.,-1.));
#14177=DIRECTION('',(0.,1.,0.));
#14178=DIRECTION('',(-1.75298372309235E-16,0.,-1.));
#14179=DIRECTION('',(0.,-1.,0.));
#14180=DIRECTION('',(-1.75298372309235E-16,0.,-1.));
#14181=DIRECTION('center_axis',(1.,0.,-1.75298372309235E-16));
#14182=DIRECTION('ref_axis',(-1.75298372309235E-16,0.,-1.));
#14183=DIRECTION('',(0.,1.,0.));
#14184=DIRECTION('',(-1.75298372309235E-16,0.,-1.));
#14185=DIRECTION('',(0.,-1.,0.));
#14186=DIRECTION('',(-1.75298372309235E-16,0.,-1.));
#14187=DIRECTION('center_axis',(1.,0.,-1.75298372309235E-16));
#14188=DIRECTION('ref_axis',(-1.75298372309235E-16,0.,-1.));
#14189=DIRECTION('',(0.,1.,0.));
#14190=DIRECTION('',(-1.75298372309235E-16,0.,-1.));
#14191=DIRECTION('',(0.,-1.,0.));
#14192=DIRECTION('',(-1.75298372309235E-16,0.,-1.));
#14193=DIRECTION('center_axis',(1.,0.,-1.75298372309235E-16));
#14194=DIRECTION('ref_axis',(-1.75298372309235E-16,0.,-1.));
#14195=DIRECTION('',(0.,1.,0.));
#14196=DIRECTION('',(-1.75298372309235E-16,0.,-1.));
#14197=DIRECTION('',(0.,-1.,0.));
#14198=DIRECTION('',(-1.75298372309235E-16,0.,-1.));
#14199=DIRECTION('center_axis',(1.,0.,-1.75298372309235E-16));
#14200=DIRECTION('ref_axis',(-1.75298372309235E-16,0.,-1.));
#14201=DIRECTION('',(0.,1.,0.));
#14202=DIRECTION('',(-1.75298372309235E-16,0.,-1.));
#14203=DIRECTION('',(0.,-1.,0.));
#14204=DIRECTION('',(-1.75298372309235E-16,0.,-1.));
#14205=DIRECTION('center_axis',(1.,0.,-1.75298372309235E-16));
#14206=DIRECTION('ref_axis',(-1.75298372309235E-16,0.,-1.));
#14207=DIRECTION('',(0.,1.,0.));
#14208=DIRECTION('',(-1.75298372309235E-16,0.,-1.));
#14209=DIRECTION('',(0.,-1.,0.));
#14210=DIRECTION('',(-1.75298372309235E-16,0.,-1.));
#14211=DIRECTION('center_axis',(1.,0.,-1.75298372309235E-16));
#14212=DIRECTION('ref_axis',(-1.75298372309235E-16,0.,-1.));
#14213=DIRECTION('',(0.,1.,0.));
#14214=DIRECTION('',(-1.75298372309235E-16,0.,-1.));
#14215=DIRECTION('',(0.,-1.,0.));
#14216=DIRECTION('',(-1.75298372309235E-16,0.,-1.));
#14217=DIRECTION('center_axis',(1.,0.,-1.75298372309235E-16));
#14218=DIRECTION('ref_axis',(-1.75298372309235E-16,0.,-1.));
#14219=DIRECTION('',(0.,1.,0.));
#14220=DIRECTION('',(-1.75298372309235E-16,0.,-1.));
#14221=DIRECTION('',(0.,-1.,0.));
#14222=DIRECTION('',(-1.75298372309235E-16,0.,-1.));
#14223=DIRECTION('center_axis',(1.,0.,-1.75298372309235E-16));
#14224=DIRECTION('ref_axis',(-1.75298372309235E-16,0.,-1.));
#14225=DIRECTION('',(0.,1.,0.));
#14226=DIRECTION('',(-1.75298372309235E-16,0.,-1.));
#14227=DIRECTION('',(0.,-1.,0.));
#14228=DIRECTION('',(-1.75298372309235E-16,0.,-1.));
#14229=DIRECTION('center_axis',(1.,0.,-1.75298372309235E-16));
#14230=DIRECTION('ref_axis',(-1.75298372309235E-16,0.,-1.));
#14231=DIRECTION('',(0.,1.,0.));
#14232=DIRECTION('',(-1.75298372309235E-16,0.,-1.));
#14233=DIRECTION('',(0.,-1.,0.));
#14234=DIRECTION('',(-1.75298372309235E-16,0.,-1.));
#14235=DIRECTION('center_axis',(1.,0.,-1.75298372309235E-16));
#14236=DIRECTION('ref_axis',(-1.75298372309235E-16,0.,-1.));
#14237=DIRECTION('',(0.,1.,0.));
#14238=DIRECTION('',(-1.75298372309235E-16,0.,-1.));
#14239=DIRECTION('',(0.,-1.,0.));
#14240=DIRECTION('',(-1.75298372309235E-16,0.,-1.));
#14241=DIRECTION('center_axis',(-1.,0.,1.75298372309235E-16));
#14242=DIRECTION('ref_axis',(1.75298372309235E-16,0.,1.));
#14243=DIRECTION('',(0.,-1.,0.));
#14244=DIRECTION('',(1.75298372309235E-16,0.,1.));
#14245=DIRECTION('',(0.,1.,0.));
#14246=DIRECTION('',(1.75298372309235E-16,0.,1.));
#14247=DIRECTION('center_axis',(-1.,0.,1.75298372309235E-16));
#14248=DIRECTION('ref_axis',(1.75298372309235E-16,0.,1.));
#14249=DIRECTION('',(0.,-1.,0.));
#14250=DIRECTION('',(1.75298372309235E-16,0.,1.));
#14251=DIRECTION('',(0.,1.,0.));
#14252=DIRECTION('',(1.75298372309235E-16,0.,1.));
#14253=DIRECTION('center_axis',(-1.,0.,1.75298372309235E-16));
#14254=DIRECTION('ref_axis',(1.75298372309235E-16,0.,1.));
#14255=DIRECTION('',(0.,-1.,0.));
#14256=DIRECTION('',(1.75298372309235E-16,0.,1.));
#14257=DIRECTION('',(0.,1.,0.));
#14258=DIRECTION('',(1.75298372309235E-16,0.,1.));
#14259=DIRECTION('center_axis',(-1.,0.,1.75298372309235E-16));
#14260=DIRECTION('ref_axis',(1.75298372309235E-16,0.,1.));
#14261=DIRECTION('',(0.,-1.,0.));
#14262=DIRECTION('',(1.75298372309235E-16,0.,1.));
#14263=DIRECTION('',(0.,1.,0.));
#14264=DIRECTION('',(1.75298372309235E-16,0.,1.));
#14265=DIRECTION('center_axis',(-1.,0.,1.75298372309235E-16));
#14266=DIRECTION('ref_axis',(1.75298372309235E-16,0.,1.));
#14267=DIRECTION('',(0.,-1.,0.));
#14268=DIRECTION('',(1.75298372309235E-16,0.,1.));
#14269=DIRECTION('',(0.,1.,0.));
#14270=DIRECTION('',(1.75298372309235E-16,0.,1.));
#14271=DIRECTION('center_axis',(-1.,0.,1.75298372309235E-16));
#14272=DIRECTION('ref_axis',(1.75298372309235E-16,0.,1.));
#14273=DIRECTION('',(0.,-1.,0.));
#14274=DIRECTION('',(1.75298372309235E-16,0.,1.));
#14275=DIRECTION('',(0.,1.,0.));
#14276=DIRECTION('',(1.75298372309235E-16,0.,1.));
#14277=DIRECTION('center_axis',(-1.,0.,1.75298372309235E-16));
#14278=DIRECTION('ref_axis',(1.75298372309235E-16,0.,1.));
#14279=DIRECTION('',(0.,-1.,0.));
#14280=DIRECTION('',(1.75298372309235E-16,0.,1.));
#14281=DIRECTION('',(0.,1.,0.));
#14282=DIRECTION('',(1.75298372309235E-16,0.,1.));
#14283=DIRECTION('center_axis',(-1.,0.,1.75298372309235E-16));
#14284=DIRECTION('ref_axis',(1.75298372309235E-16,0.,1.));
#14285=DIRECTION('',(0.,-1.,0.));
#14286=DIRECTION('',(1.75298372309235E-16,0.,1.));
#14287=DIRECTION('',(0.,1.,0.));
#14288=DIRECTION('',(1.75298372309235E-16,0.,1.));
#14289=DIRECTION('center_axis',(-1.,0.,1.75298372309235E-16));
#14290=DIRECTION('ref_axis',(1.75298372309235E-16,0.,1.));
#14291=DIRECTION('',(0.,-1.,0.));
#14292=DIRECTION('',(1.75298372309235E-16,0.,1.));
#14293=DIRECTION('',(0.,1.,0.));
#14294=DIRECTION('',(1.75298372309235E-16,0.,1.));
#14295=DIRECTION('center_axis',(-1.,0.,1.75298372309235E-16));
#14296=DIRECTION('ref_axis',(1.75298372309235E-16,0.,1.));
#14297=DIRECTION('',(0.,-1.,0.));
#14298=DIRECTION('',(1.75298372309235E-16,0.,1.));
#14299=DIRECTION('',(0.,1.,0.));
#14300=DIRECTION('',(1.75298372309235E-16,0.,1.));
#14301=DIRECTION('center_axis',(-1.,0.,1.75298372309235E-16));
#14302=DIRECTION('ref_axis',(1.75298372309235E-16,0.,1.));
#14303=DIRECTION('',(0.,-1.,0.));
#14304=DIRECTION('',(1.75298372309235E-16,0.,1.));
#14305=DIRECTION('',(0.,1.,0.));
#14306=DIRECTION('',(1.75298372309235E-16,0.,1.));
#14307=DIRECTION('center_axis',(-1.,0.,1.75298372309235E-16));
#14308=DIRECTION('ref_axis',(1.75298372309235E-16,0.,1.));
#14309=DIRECTION('',(0.,-1.,0.));
#14310=DIRECTION('',(1.75298372309235E-16,0.,1.));
#14311=DIRECTION('',(0.,1.,0.));
#14312=DIRECTION('',(1.75298372309235E-16,0.,1.));
#14313=DIRECTION('center_axis',(-1.,0.,1.75298372309235E-16));
#14314=DIRECTION('ref_axis',(1.75298372309235E-16,0.,1.));
#14315=DIRECTION('',(0.,-1.,0.));
#14316=DIRECTION('',(1.75298372309235E-16,0.,1.));
#14317=DIRECTION('',(0.,1.,0.));
#14318=DIRECTION('',(1.75298372309235E-16,0.,1.));
#14319=DIRECTION('center_axis',(-1.,0.,1.75298372309235E-16));
#14320=DIRECTION('ref_axis',(1.75298372309235E-16,0.,1.));
#14321=DIRECTION('',(0.,-1.,0.));
#14322=DIRECTION('',(1.75298372309235E-16,0.,1.));
#14323=DIRECTION('',(0.,1.,0.));
#14324=DIRECTION('',(1.75298372309235E-16,0.,1.));
#14325=DIRECTION('center_axis',(-1.,0.,1.75298372309235E-16));
#14326=DIRECTION('ref_axis',(1.75298372309235E-16,0.,1.));
#14327=DIRECTION('',(0.,-1.,0.));
#14328=DIRECTION('',(1.75298372309235E-16,0.,1.));
#14329=DIRECTION('',(0.,1.,0.));
#14330=DIRECTION('',(1.75298372309235E-16,0.,1.));
#14331=DIRECTION('center_axis',(-1.,0.,1.75298372309235E-16));
#14332=DIRECTION('ref_axis',(1.75298372309235E-16,0.,1.));
#14333=DIRECTION('',(0.,-1.,0.));
#14334=DIRECTION('',(1.75298372309235E-16,0.,1.));
#14335=DIRECTION('',(0.,1.,0.));
#14336=DIRECTION('',(1.75298372309235E-16,0.,1.));
#14337=DIRECTION('center_axis',(-1.,0.,1.75298372309235E-16));
#14338=DIRECTION('ref_axis',(1.75298372309235E-16,0.,1.));
#14339=DIRECTION('',(0.,-1.,0.));
#14340=DIRECTION('',(1.75298372309235E-16,0.,1.));
#14341=DIRECTION('',(0.,1.,0.));
#14342=DIRECTION('',(1.75298372309235E-16,0.,1.));
#14343=DIRECTION('center_axis',(-1.,0.,1.75298372309235E-16));
#14344=DIRECTION('ref_axis',(1.75298372309235E-16,0.,1.));
#14345=DIRECTION('',(0.,-1.,0.));
#14346=DIRECTION('',(1.75298372309235E-16,0.,1.));
#14347=DIRECTION('',(0.,1.,0.));
#14348=DIRECTION('',(1.75298372309235E-16,0.,1.));
#14349=DIRECTION('center_axis',(-1.,0.,1.75298372309235E-16));
#14350=DIRECTION('ref_axis',(1.75298372309235E-16,0.,1.));
#14351=DIRECTION('',(0.,-1.,0.));
#14352=DIRECTION('',(1.75298372309235E-16,0.,1.));
#14353=DIRECTION('',(0.,1.,0.));
#14354=DIRECTION('',(1.75298372309235E-16,0.,1.));
#14355=DIRECTION('center_axis',(-1.,0.,1.75298372309235E-16));
#14356=DIRECTION('ref_axis',(1.75298372309235E-16,0.,1.));
#14357=DIRECTION('',(0.,-1.,0.));
#14358=DIRECTION('',(1.75298372309235E-16,0.,1.));
#14359=DIRECTION('',(0.,1.,0.));
#14360=DIRECTION('',(1.75298372309235E-16,0.,1.));
#14361=DIRECTION('center_axis',(-1.,0.,1.75298372309235E-16));
#14362=DIRECTION('ref_axis',(1.75298372309235E-16,0.,1.));
#14363=DIRECTION('',(0.,-1.,0.));
#14364=DIRECTION('',(1.75298372309235E-16,0.,1.));
#14365=DIRECTION('',(0.,1.,0.));
#14366=DIRECTION('',(1.75298372309235E-16,0.,1.));
#14367=DIRECTION('center_axis',(-1.,0.,1.75298372309235E-16));
#14368=DIRECTION('ref_axis',(1.75298372309235E-16,0.,1.));
#14369=DIRECTION('',(0.,-1.,0.));
#14370=DIRECTION('',(1.75298372309235E-16,0.,1.));
#14371=DIRECTION('',(0.,1.,0.));
#14372=DIRECTION('',(1.75298372309235E-16,0.,1.));
#14373=DIRECTION('center_axis',(-1.,0.,1.75298372309235E-16));
#14374=DIRECTION('ref_axis',(1.75298372309235E-16,0.,1.));
#14375=DIRECTION('',(0.,-1.,0.));
#14376=DIRECTION('',(1.75298372309235E-16,0.,1.));
#14377=DIRECTION('',(0.,1.,0.));
#14378=DIRECTION('',(1.75298372309235E-16,0.,1.));
#14379=DIRECTION('center_axis',(-1.,0.,1.75298372309235E-16));
#14380=DIRECTION('ref_axis',(1.75298372309235E-16,0.,1.));
#14381=DIRECTION('',(0.,-1.,0.));
#14382=DIRECTION('',(1.75298372309235E-16,0.,1.));
#14383=DIRECTION('',(0.,1.,0.));
#14384=DIRECTION('',(1.75298372309235E-16,0.,1.));
#14385=DIRECTION('center_axis',(-1.,0.,1.75298372309235E-16));
#14386=DIRECTION('ref_axis',(1.75298372309235E-16,0.,1.));
#14387=DIRECTION('',(0.,-1.,0.));
#14388=DIRECTION('',(1.75298372309235E-16,0.,1.));
#14389=DIRECTION('',(0.,1.,0.));
#14390=DIRECTION('',(1.75298372309235E-16,0.,1.));
#14391=DIRECTION('center_axis',(-1.,0.,1.75298372309235E-16));
#14392=DIRECTION('ref_axis',(1.75298372309235E-16,0.,1.));
#14393=DIRECTION('',(0.,-1.,0.));
#14394=DIRECTION('',(1.75298372309235E-16,0.,1.));
#14395=DIRECTION('',(0.,1.,0.));
#14396=DIRECTION('',(1.75298372309235E-16,0.,1.));
#14397=DIRECTION('center_axis',(-1.,0.,1.75298372309235E-16));
#14398=DIRECTION('ref_axis',(1.75298372309235E-16,0.,1.));
#14399=DIRECTION('',(0.,-1.,0.));
#14400=DIRECTION('',(1.75298372309235E-16,0.,1.));
#14401=DIRECTION('',(0.,1.,0.));
#14402=DIRECTION('',(1.75298372309235E-16,0.,1.));
#14403=DIRECTION('center_axis',(-1.,0.,1.75298372309235E-16));
#14404=DIRECTION('ref_axis',(1.75298372309235E-16,0.,1.));
#14405=DIRECTION('',(0.,-1.,0.));
#14406=DIRECTION('',(1.75298372309235E-16,0.,1.));
#14407=DIRECTION('',(0.,1.,0.));
#14408=DIRECTION('',(1.75298372309235E-16,0.,1.));
#14409=DIRECTION('center_axis',(-1.,0.,1.75298372309235E-16));
#14410=DIRECTION('ref_axis',(1.75298372309235E-16,0.,1.));
#14411=DIRECTION('',(0.,-1.,0.));
#14412=DIRECTION('',(1.75298372309235E-16,0.,1.));
#14413=DIRECTION('',(0.,1.,0.));
#14414=DIRECTION('',(1.75298372309235E-16,0.,1.));
#14415=DIRECTION('center_axis',(-1.,0.,1.75298372309235E-16));
#14416=DIRECTION('ref_axis',(1.75298372309235E-16,0.,1.));
#14417=DIRECTION('',(0.,-1.,0.));
#14418=DIRECTION('',(1.75298372309235E-16,0.,1.));
#14419=DIRECTION('',(0.,1.,0.));
#14420=DIRECTION('',(1.75298372309235E-16,0.,1.));
#14421=DIRECTION('center_axis',(-1.,0.,1.75298372309235E-16));
#14422=DIRECTION('ref_axis',(1.75298372309235E-16,0.,1.));
#14423=DIRECTION('',(0.,-1.,0.));
#14424=DIRECTION('',(1.75298372309235E-16,0.,1.));
#14425=DIRECTION('',(0.,1.,0.));
#14426=DIRECTION('',(1.75298372309235E-16,0.,1.));
#14427=DIRECTION('center_axis',(-1.,0.,1.75298372309235E-16));
#14428=DIRECTION('ref_axis',(1.75298372309235E-16,0.,1.));
#14429=DIRECTION('',(0.,-1.,0.));
#14430=DIRECTION('',(1.75298372309235E-16,0.,1.));
#14431=DIRECTION('',(0.,1.,0.));
#14432=DIRECTION('',(1.75298372309235E-16,0.,1.));
#14433=DIRECTION('center_axis',(-1.,0.,1.75298372309235E-16));
#14434=DIRECTION('ref_axis',(1.75298372309235E-16,0.,1.));
#14435=DIRECTION('',(0.,-1.,0.));
#14436=DIRECTION('',(1.75298372309235E-16,0.,1.));
#14437=DIRECTION('',(0.,1.,0.));
#14438=DIRECTION('',(1.75298372309235E-16,0.,1.));
#14439=DIRECTION('center_axis',(-1.,0.,1.75298372309235E-16));
#14440=DIRECTION('ref_axis',(1.75298372309235E-16,0.,1.));
#14441=DIRECTION('',(0.,-1.,0.));
#14442=DIRECTION('',(1.75298372309235E-16,0.,1.));
#14443=DIRECTION('',(0.,1.,0.));
#14444=DIRECTION('',(1.75298372309235E-16,0.,1.));
#14445=DIRECTION('center_axis',(-1.,0.,1.75298372309235E-16));
#14446=DIRECTION('ref_axis',(1.75298372309235E-16,0.,1.));
#14447=DIRECTION('',(0.,-1.,0.));
#14448=DIRECTION('',(1.75298372309235E-16,0.,1.));
#14449=DIRECTION('',(0.,1.,0.));
#14450=DIRECTION('',(1.75298372309235E-16,0.,1.));
#14451=DIRECTION('center_axis',(-1.,0.,1.75298372309235E-16));
#14452=DIRECTION('ref_axis',(1.75298372309235E-16,0.,1.));
#14453=DIRECTION('',(0.,-1.,0.));
#14454=DIRECTION('',(1.75298372309235E-16,0.,1.));
#14455=DIRECTION('',(0.,1.,0.));
#14456=DIRECTION('',(1.75298372309235E-16,0.,1.));
#14457=DIRECTION('center_axis',(-1.,0.,1.75298372309235E-16));
#14458=DIRECTION('ref_axis',(1.75298372309235E-16,0.,1.));
#14459=DIRECTION('',(0.,-1.,0.));
#14460=DIRECTION('',(1.75298372309235E-16,0.,1.));
#14461=DIRECTION('',(0.,1.,0.));
#14462=DIRECTION('',(1.75298372309235E-16,0.,1.));
#14463=DIRECTION('center_axis',(-1.,0.,1.75298372309235E-16));
#14464=DIRECTION('ref_axis',(1.75298372309235E-16,0.,1.));
#14465=DIRECTION('',(0.,-1.,0.));
#14466=DIRECTION('',(1.75298372309235E-16,0.,1.));
#14467=DIRECTION('',(0.,1.,0.));
#14468=DIRECTION('',(1.75298372309235E-16,0.,1.));
#14469=DIRECTION('center_axis',(0.,1.,0.));
#14470=DIRECTION('ref_axis',(1.,0.,-3.5527136788005E-16));
#14471=DIRECTION('',(0.,1.,0.));
#14472=DIRECTION('center_axis',(0.,1.,0.));
#14473=DIRECTION('ref_axis',(1.,0.,-3.5527136788005E-16));
#14474=DIRECTION('',(0.,1.,0.));
#14475=DIRECTION('center_axis',(0.,1.,0.));
#14476=DIRECTION('ref_axis',(1.,0.,-3.5527136788005E-16));
#14477=DIRECTION('center_axis',(0.,1.,0.));
#14478=DIRECTION('ref_axis',(1.,0.,-3.5527136788005E-16));
#14479=DIRECTION('',(0.,1.,0.));
#14480=DIRECTION('center_axis',(0.,1.,0.));
#14481=DIRECTION('ref_axis',(1.,0.,-3.5527136788005E-16));
#14482=DIRECTION('',(0.,1.,0.));
#14483=DIRECTION('center_axis',(0.,1.,0.));
#14484=DIRECTION('ref_axis',(1.,0.,-3.5527136788005E-16));
#14485=DIRECTION('center_axis',(0.,1.,0.));
#14486=DIRECTION('ref_axis',(1.,0.,-3.5527136788005E-16));
#14487=DIRECTION('',(0.,1.,0.));
#14488=DIRECTION('center_axis',(0.,1.,0.));
#14489=DIRECTION('ref_axis',(1.,0.,-3.5527136788005E-16));
#14490=DIRECTION('',(0.,1.,0.));
#14491=DIRECTION('center_axis',(0.,1.,0.));
#14492=DIRECTION('ref_axis',(1.,0.,-3.5527136788005E-16));
#14493=DIRECTION('center_axis',(0.,1.,0.));
#14494=DIRECTION('ref_axis',(1.,0.,-3.5527136788005E-16));
#14495=DIRECTION('',(0.,1.,0.));
#14496=DIRECTION('center_axis',(0.,1.,0.));
#14497=DIRECTION('ref_axis',(1.,0.,-3.5527136788005E-16));
#14498=DIRECTION('',(0.,1.,0.));
#14499=DIRECTION('center_axis',(0.,1.,0.));
#14500=DIRECTION('ref_axis',(1.,0.,-3.5527136788005E-16));
#14501=DIRECTION('center_axis',(0.,1.,0.));
#14502=DIRECTION('ref_axis',(1.,0.,-3.5527136788005E-16));
#14503=DIRECTION('',(0.,1.,0.));
#14504=DIRECTION('center_axis',(0.,1.,0.));
#14505=DIRECTION('ref_axis',(1.,0.,-3.5527136788005E-16));
#14506=DIRECTION('',(0.,1.,0.));
#14507=DIRECTION('center_axis',(0.,1.,0.));
#14508=DIRECTION('ref_axis',(1.,0.,-3.5527136788005E-16));
#14509=DIRECTION('center_axis',(0.,1.,0.));
#14510=DIRECTION('ref_axis',(1.,0.,-3.5527136788005E-16));
#14511=DIRECTION('',(0.,1.,0.));
#14512=DIRECTION('center_axis',(0.,1.,0.));
#14513=DIRECTION('ref_axis',(1.,0.,-3.5527136788005E-16));
#14514=DIRECTION('',(0.,1.,0.));
#14515=DIRECTION('center_axis',(0.,1.,0.));
#14516=DIRECTION('ref_axis',(1.,0.,-3.5527136788005E-16));
#14517=DIRECTION('center_axis',(0.,1.,0.));
#14518=DIRECTION('ref_axis',(1.,0.,-3.5527136788005E-16));
#14519=DIRECTION('',(0.,1.,0.));
#14520=DIRECTION('center_axis',(0.,1.,0.));
#14521=DIRECTION('ref_axis',(1.,0.,-3.5527136788005E-16));
#14522=DIRECTION('',(0.,1.,0.));
#14523=DIRECTION('center_axis',(0.,1.,0.));
#14524=DIRECTION('ref_axis',(1.,0.,-3.5527136788005E-16));
#14525=DIRECTION('center_axis',(0.,1.,0.));
#14526=DIRECTION('ref_axis',(1.,0.,-3.5527136788005E-16));
#14527=DIRECTION('',(0.,1.,0.));
#14528=DIRECTION('center_axis',(0.,1.,0.));
#14529=DIRECTION('ref_axis',(1.,0.,-3.5527136788005E-16));
#14530=DIRECTION('',(0.,1.,0.));
#14531=DIRECTION('center_axis',(0.,1.,0.));
#14532=DIRECTION('ref_axis',(1.,0.,-3.5527136788005E-16));
#14533=DIRECTION('center_axis',(0.,1.,0.));
#14534=DIRECTION('ref_axis',(1.,0.,-3.5527136788005E-16));
#14535=DIRECTION('',(0.,1.,0.));
#14536=DIRECTION('center_axis',(0.,1.,0.));
#14537=DIRECTION('ref_axis',(1.,0.,-3.5527136788005E-16));
#14538=DIRECTION('',(0.,1.,0.));
#14539=DIRECTION('center_axis',(0.,1.,0.));
#14540=DIRECTION('ref_axis',(1.,0.,-3.5527136788005E-16));
#14541=DIRECTION('center_axis',(0.,1.,0.));
#14542=DIRECTION('ref_axis',(1.,0.,-3.5527136788005E-16));
#14543=DIRECTION('',(0.,1.,0.));
#14544=DIRECTION('center_axis',(0.,1.,0.));
#14545=DIRECTION('ref_axis',(1.,0.,-3.5527136788005E-16));
#14546=DIRECTION('',(0.,1.,0.));
#14547=DIRECTION('center_axis',(0.,1.,0.));
#14548=DIRECTION('ref_axis',(1.,0.,-3.5527136788005E-16));
#14549=DIRECTION('center_axis',(0.,1.,0.));
#14550=DIRECTION('ref_axis',(1.,0.,-3.5527136788005E-16));
#14551=DIRECTION('',(0.,1.,0.));
#14552=DIRECTION('center_axis',(0.,1.,0.));
#14553=DIRECTION('ref_axis',(1.,0.,-3.5527136788005E-16));
#14554=DIRECTION('',(0.,1.,0.));
#14555=DIRECTION('center_axis',(0.,1.,0.));
#14556=DIRECTION('ref_axis',(1.,0.,-3.5527136788005E-16));
#14557=DIRECTION('center_axis',(0.,1.,0.));
#14558=DIRECTION('ref_axis',(1.,0.,-3.5527136788005E-16));
#14559=DIRECTION('',(0.,1.,0.));
#14560=DIRECTION('center_axis',(0.,1.,0.));
#14561=DIRECTION('ref_axis',(1.,0.,-3.5527136788005E-16));
#14562=DIRECTION('',(0.,1.,0.));
#14563=DIRECTION('center_axis',(0.,1.,0.));
#14564=DIRECTION('ref_axis',(1.,0.,-3.5527136788005E-16));
#14565=DIRECTION('center_axis',(0.,1.,0.));
#14566=DIRECTION('ref_axis',(1.,0.,-3.5527136788005E-16));
#14567=DIRECTION('',(0.,1.,0.));
#14568=DIRECTION('center_axis',(0.,1.,0.));
#14569=DIRECTION('ref_axis',(1.,0.,-3.5527136788005E-16));
#14570=DIRECTION('',(0.,1.,0.));
#14571=DIRECTION('center_axis',(0.,1.,0.));
#14572=DIRECTION('ref_axis',(1.,0.,-3.5527136788005E-16));
#14573=DIRECTION('center_axis',(0.,1.,0.));
#14574=DIRECTION('ref_axis',(1.,0.,-3.5527136788005E-16));
#14575=DIRECTION('',(0.,1.,0.));
#14576=DIRECTION('center_axis',(0.,1.,0.));
#14577=DIRECTION('ref_axis',(1.,0.,-3.5527136788005E-16));
#14578=DIRECTION('',(0.,1.,0.));
#14579=DIRECTION('center_axis',(0.,1.,0.));
#14580=DIRECTION('ref_axis',(1.,0.,-3.5527136788005E-16));
#14581=DIRECTION('center_axis',(0.,1.,0.));
#14582=DIRECTION('ref_axis',(1.,0.,-3.5527136788005E-16));
#14583=DIRECTION('',(0.,1.,0.));
#14584=DIRECTION('center_axis',(0.,1.,0.));
#14585=DIRECTION('ref_axis',(1.,0.,-3.5527136788005E-16));
#14586=DIRECTION('',(0.,1.,0.));
#14587=DIRECTION('center_axis',(0.,1.,0.));
#14588=DIRECTION('ref_axis',(1.,0.,-3.5527136788005E-16));
#14589=DIRECTION('center_axis',(0.,1.,0.));
#14590=DIRECTION('ref_axis',(1.,0.,-3.5527136788005E-16));
#14591=DIRECTION('',(0.,1.,0.));
#14592=DIRECTION('center_axis',(0.,1.,0.));
#14593=DIRECTION('ref_axis',(1.,0.,-3.5527136788005E-16));
#14594=DIRECTION('',(0.,1.,0.));
#14595=DIRECTION('center_axis',(0.,1.,0.));
#14596=DIRECTION('ref_axis',(1.,0.,-3.5527136788005E-16));
#14597=DIRECTION('center_axis',(0.,1.,0.));
#14598=DIRECTION('ref_axis',(1.,0.,-3.5527136788005E-16));
#14599=DIRECTION('',(0.,1.,0.));
#14600=DIRECTION('center_axis',(0.,1.,0.));
#14601=DIRECTION('ref_axis',(1.,0.,-3.5527136788005E-16));
#14602=DIRECTION('',(0.,1.,0.));
#14603=DIRECTION('center_axis',(0.,1.,0.));
#14604=DIRECTION('ref_axis',(1.,0.,-3.5527136788005E-16));
#14605=DIRECTION('center_axis',(0.,1.,0.));
#14606=DIRECTION('ref_axis',(1.,0.,-3.5527136788005E-16));
#14607=DIRECTION('',(0.,1.,0.));
#14608=DIRECTION('center_axis',(0.,1.,0.));
#14609=DIRECTION('ref_axis',(1.,0.,-3.5527136788005E-16));
#14610=DIRECTION('',(0.,1.,0.));
#14611=DIRECTION('center_axis',(0.,1.,0.));
#14612=DIRECTION('ref_axis',(1.,0.,-3.5527136788005E-16));
#14613=DIRECTION('center_axis',(0.,1.,0.));
#14614=DIRECTION('ref_axis',(1.,0.,-3.5527136788005E-16));
#14615=DIRECTION('',(0.,1.,0.));
#14616=DIRECTION('center_axis',(0.,1.,0.));
#14617=DIRECTION('ref_axis',(1.,0.,-3.5527136788005E-16));
#14618=DIRECTION('',(0.,1.,0.));
#14619=DIRECTION('center_axis',(0.,1.,0.));
#14620=DIRECTION('ref_axis',(1.,0.,-3.5527136788005E-16));
#14621=DIRECTION('center_axis',(0.,1.,0.));
#14622=DIRECTION('ref_axis',(1.,0.,-3.5527136788005E-16));
#14623=DIRECTION('',(0.,1.,0.));
#14624=DIRECTION('center_axis',(0.,1.,0.));
#14625=DIRECTION('ref_axis',(1.,0.,-3.5527136788005E-16));
#14626=DIRECTION('',(0.,1.,0.));
#14627=DIRECTION('center_axis',(0.,1.,0.));
#14628=DIRECTION('ref_axis',(1.,0.,-3.5527136788005E-16));
#14629=DIRECTION('center_axis',(0.,1.,0.));
#14630=DIRECTION('ref_axis',(1.,0.,-3.5527136788005E-16));
#14631=DIRECTION('',(0.,1.,0.));
#14632=DIRECTION('center_axis',(0.,1.,0.));
#14633=DIRECTION('ref_axis',(1.,0.,-3.5527136788005E-16));
#14634=DIRECTION('',(0.,1.,0.));
#14635=DIRECTION('center_axis',(0.,1.,0.));
#14636=DIRECTION('ref_axis',(1.,0.,-3.5527136788005E-16));
#14637=DIRECTION('center_axis',(0.,1.,0.));
#14638=DIRECTION('ref_axis',(1.,0.,-3.5527136788005E-16));
#14639=DIRECTION('',(0.,1.,0.));
#14640=DIRECTION('center_axis',(0.,1.,0.));
#14641=DIRECTION('ref_axis',(1.,0.,-3.5527136788005E-16));
#14642=DIRECTION('',(0.,1.,0.));
#14643=DIRECTION('center_axis',(0.,1.,0.));
#14644=DIRECTION('ref_axis',(1.,0.,-3.5527136788005E-16));
#14645=DIRECTION('center_axis',(0.,1.,0.));
#14646=DIRECTION('ref_axis',(1.,0.,-3.5527136788005E-16));
#14647=DIRECTION('',(0.,1.,0.));
#14648=DIRECTION('center_axis',(0.,1.,0.));
#14649=DIRECTION('ref_axis',(1.,0.,-3.5527136788005E-16));
#14650=DIRECTION('',(0.,1.,0.));
#14651=DIRECTION('center_axis',(0.,1.,0.));
#14652=DIRECTION('ref_axis',(1.,0.,-3.5527136788005E-16));
#14653=DIRECTION('center_axis',(0.,1.,0.));
#14654=DIRECTION('ref_axis',(1.,0.,-3.5527136788005E-16));
#14655=DIRECTION('',(0.,1.,0.));
#14656=DIRECTION('center_axis',(0.,1.,0.));
#14657=DIRECTION('ref_axis',(1.,0.,-3.5527136788005E-16));
#14658=DIRECTION('',(0.,1.,0.));
#14659=DIRECTION('center_axis',(0.,1.,0.));
#14660=DIRECTION('ref_axis',(1.,0.,-3.5527136788005E-16));
#14661=DIRECTION('center_axis',(0.,1.,0.));
#14662=DIRECTION('ref_axis',(1.,0.,-3.5527136788005E-16));
#14663=DIRECTION('',(0.,1.,0.));
#14664=DIRECTION('center_axis',(0.,1.,0.));
#14665=DIRECTION('ref_axis',(1.,0.,-3.5527136788005E-16));
#14666=DIRECTION('',(0.,1.,0.));
#14667=DIRECTION('center_axis',(0.,1.,0.));
#14668=DIRECTION('ref_axis',(1.,0.,-3.5527136788005E-16));
#14669=DIRECTION('center_axis',(0.,1.,0.));
#14670=DIRECTION('ref_axis',(1.,0.,-3.5527136788005E-16));
#14671=DIRECTION('',(0.,1.,0.));
#14672=DIRECTION('center_axis',(0.,1.,0.));
#14673=DIRECTION('ref_axis',(1.,0.,-3.5527136788005E-16));
#14674=DIRECTION('',(0.,1.,0.));
#14675=DIRECTION('center_axis',(0.,1.,0.));
#14676=DIRECTION('ref_axis',(1.,0.,-3.5527136788005E-16));
#14677=DIRECTION('center_axis',(0.,1.,0.));
#14678=DIRECTION('ref_axis',(1.,0.,-3.5527136788005E-16));
#14679=DIRECTION('',(0.,1.,0.));
#14680=DIRECTION('center_axis',(0.,1.,0.));
#14681=DIRECTION('ref_axis',(1.,0.,-3.5527136788005E-16));
#14682=DIRECTION('',(0.,1.,0.));
#14683=DIRECTION('center_axis',(0.,1.,0.));
#14684=DIRECTION('ref_axis',(1.,0.,-3.5527136788005E-16));
#14685=DIRECTION('center_axis',(0.,1.,0.));
#14686=DIRECTION('ref_axis',(1.,0.,-3.5527136788005E-16));
#14687=DIRECTION('',(0.,1.,0.));
#14688=DIRECTION('center_axis',(0.,1.,0.));
#14689=DIRECTION('ref_axis',(1.,0.,-3.5527136788005E-16));
#14690=DIRECTION('',(0.,1.,0.));
#14691=DIRECTION('center_axis',(0.,1.,0.));
#14692=DIRECTION('ref_axis',(1.,0.,-3.5527136788005E-16));
#14693=DIRECTION('center_axis',(0.,1.,0.));
#14694=DIRECTION('ref_axis',(1.,0.,-3.5527136788005E-16));
#14695=DIRECTION('',(0.,1.,0.));
#14696=DIRECTION('center_axis',(0.,1.,0.));
#14697=DIRECTION('ref_axis',(1.,0.,-3.5527136788005E-16));
#14698=DIRECTION('',(0.,1.,0.));
#14699=DIRECTION('center_axis',(0.,1.,0.));
#14700=DIRECTION('ref_axis',(1.,0.,-3.5527136788005E-16));
#14701=DIRECTION('center_axis',(0.,1.,0.));
#14702=DIRECTION('ref_axis',(1.,0.,-3.5527136788005E-16));
#14703=DIRECTION('',(0.,1.,0.));
#14704=DIRECTION('center_axis',(0.,1.,0.));
#14705=DIRECTION('ref_axis',(1.,0.,-3.5527136788005E-16));
#14706=DIRECTION('',(0.,1.,0.));
#14707=DIRECTION('center_axis',(0.,1.,0.));
#14708=DIRECTION('ref_axis',(1.,0.,-3.5527136788005E-16));
#14709=DIRECTION('center_axis',(0.,1.,0.));
#14710=DIRECTION('ref_axis',(1.,0.,-3.5527136788005E-16));
#14711=DIRECTION('',(0.,1.,0.));
#14712=DIRECTION('center_axis',(0.,1.,0.));
#14713=DIRECTION('ref_axis',(1.,0.,-3.5527136788005E-16));
#14714=DIRECTION('',(0.,1.,0.));
#14715=DIRECTION('center_axis',(0.,1.,0.));
#14716=DIRECTION('ref_axis',(1.,0.,-3.5527136788005E-16));
#14717=DIRECTION('center_axis',(0.,1.,0.));
#14718=DIRECTION('ref_axis',(1.,0.,-3.5527136788005E-16));
#14719=DIRECTION('',(0.,1.,0.));
#14720=DIRECTION('center_axis',(0.,1.,0.));
#14721=DIRECTION('ref_axis',(1.,0.,-3.5527136788005E-16));
#14722=DIRECTION('',(0.,1.,0.));
#14723=DIRECTION('center_axis',(0.,1.,0.));
#14724=DIRECTION('ref_axis',(1.,0.,-3.5527136788005E-16));
#14725=DIRECTION('center_axis',(0.,1.,0.));
#14726=DIRECTION('ref_axis',(1.,0.,-3.5527136788005E-16));
#14727=DIRECTION('',(0.,1.,0.));
#14728=DIRECTION('center_axis',(0.,1.,0.));
#14729=DIRECTION('ref_axis',(1.,0.,-3.5527136788005E-16));
#14730=DIRECTION('',(0.,1.,0.));
#14731=DIRECTION('center_axis',(0.,1.,0.));
#14732=DIRECTION('ref_axis',(1.,0.,-3.5527136788005E-16));
#14733=DIRECTION('center_axis',(0.,1.,0.));
#14734=DIRECTION('ref_axis',(1.,0.,-3.5527136788005E-16));
#14735=DIRECTION('',(0.,1.,0.));
#14736=DIRECTION('center_axis',(0.,1.,0.));
#14737=DIRECTION('ref_axis',(1.,0.,-3.5527136788005E-16));
#14738=DIRECTION('',(0.,1.,0.));
#14739=DIRECTION('center_axis',(0.,1.,0.));
#14740=DIRECTION('ref_axis',(1.,0.,-3.5527136788005E-16));
#14741=DIRECTION('center_axis',(0.,1.,0.));
#14742=DIRECTION('ref_axis',(1.,0.,-3.5527136788005E-16));
#14743=DIRECTION('',(0.,1.,0.));
#14744=DIRECTION('center_axis',(0.,1.,0.));
#14745=DIRECTION('ref_axis',(1.,0.,-3.5527136788005E-16));
#14746=DIRECTION('',(0.,1.,0.));
#14747=DIRECTION('center_axis',(0.,1.,0.));
#14748=DIRECTION('ref_axis',(1.,0.,-3.5527136788005E-16));
#14749=DIRECTION('center_axis',(0.,1.,0.));
#14750=DIRECTION('ref_axis',(1.,0.,-3.5527136788005E-16));
#14751=DIRECTION('',(0.,1.,0.));
#14752=DIRECTION('center_axis',(0.,1.,0.));
#14753=DIRECTION('ref_axis',(1.,0.,-3.5527136788005E-16));
#14754=DIRECTION('',(0.,1.,0.));
#14755=DIRECTION('center_axis',(0.,1.,0.));
#14756=DIRECTION('ref_axis',(1.,0.,-3.5527136788005E-16));
#14757=DIRECTION('center_axis',(0.,1.,0.));
#14758=DIRECTION('ref_axis',(1.,0.,-3.5527136788005E-16));
#14759=DIRECTION('',(0.,1.,0.));
#14760=DIRECTION('center_axis',(0.,1.,0.));
#14761=DIRECTION('ref_axis',(1.,0.,-3.5527136788005E-16));
#14762=DIRECTION('',(0.,1.,0.));
#14763=DIRECTION('center_axis',(0.,1.,0.));
#14764=DIRECTION('ref_axis',(1.,0.,-3.5527136788005E-16));
#14765=DIRECTION('center_axis',(0.,1.,0.));
#14766=DIRECTION('ref_axis',(1.,0.,-3.5527136788005E-16));
#14767=DIRECTION('',(0.,1.,0.));
#14768=DIRECTION('center_axis',(0.,1.,0.));
#14769=DIRECTION('ref_axis',(1.,0.,-3.5527136788005E-16));
#14770=DIRECTION('',(0.,1.,0.));
#14771=DIRECTION('center_axis',(0.,1.,0.));
#14772=DIRECTION('ref_axis',(1.,0.,-3.5527136788005E-16));
#14773=DIRECTION('center_axis',(-1.,0.,1.75298372309235E-16));
#14774=DIRECTION('ref_axis',(1.75298372309235E-16,0.,1.));
#14775=DIRECTION('',(0.,1.,0.));
#14776=DIRECTION('',(1.75298372309235E-16,0.,1.));
#14777=DIRECTION('center_axis',(0.,1.,0.));
#14778=DIRECTION('ref_axis',(1.,0.,-1.8503717077086E-16));
#14779=DIRECTION('center_axis',(0.,-1.,0.));
#14780=DIRECTION('ref_axis',(1.,0.,-1.8503717077086E-16));
#14781=DIRECTION('center_axis',(0.,1.,0.));
#14782=DIRECTION('ref_axis',(-1.,0.,7.10542735760101E-16));
#14783=DIRECTION('',(0.,1.,0.));
#14784=DIRECTION('center_axis',(0.,1.,0.));
#14785=DIRECTION('ref_axis',(-1.,0.,7.10542735760101E-16));
#14786=DIRECTION('',(0.,1.,0.));
#14787=DIRECTION('center_axis',(0.,1.,0.));
#14788=DIRECTION('ref_axis',(-1.,0.,7.10542735760101E-16));
#14789=DIRECTION('center_axis',(0.,1.,0.));
#14790=DIRECTION('ref_axis',(1.,0.,-3.5527136788005E-16));
#14791=DIRECTION('',(0.,1.,0.));
#14792=DIRECTION('center_axis',(0.,1.,0.));
#14793=DIRECTION('ref_axis',(1.,0.,-3.5527136788005E-16));
#14794=DIRECTION('',(0.,1.,0.));
#14795=DIRECTION('center_axis',(0.,1.,0.));
#14796=DIRECTION('ref_axis',(1.,0.,-3.5527136788005E-16));
#14797=DIRECTION('center_axis',(1.,0.,-1.75298372309235E-16));
#14798=DIRECTION('ref_axis',(-1.75298372309235E-16,0.,-1.));
#14799=DIRECTION('',(0.,-1.,0.));
#14800=DIRECTION('',(-1.75298372309235E-16,0.,-1.));
#14801=DIRECTION('',(0.,1.,0.));
#14802=DIRECTION('',(-1.75298372309235E-16,0.,-1.));
#14803=DIRECTION('center_axis',(-8.67361737988403E-15,0.,-1.));
#14804=DIRECTION('ref_axis',(-1.,0.,8.67361737988403E-15));
#14805=DIRECTION('',(-1.,0.,8.67361737988403E-15));
#14806=DIRECTION('',(0.,1.,0.));
#14807=DIRECTION('',(-1.,0.,8.67361737988403E-15));
#14808=DIRECTION('center_axis',(-8.92341756042469E-15,0.,1.));
#14809=DIRECTION('ref_axis',(1.,0.,8.92341756042469E-15));
#14810=DIRECTION('',(1.,0.,8.92341756042469E-15));
#14811=DIRECTION('',(0.,1.,0.));
#14812=DIRECTION('',(1.,0.,8.92341756042469E-15));
#14813=DIRECTION('center_axis',(1.,0.,1.2490009027033E-16));
#14814=DIRECTION('ref_axis',(1.2490009027033E-16,0.,-1.));
#14815=DIRECTION('',(1.2490009027033E-16,0.,-1.));
#14816=DIRECTION('',(1.2490009027033E-16,0.,-1.));
#14817=DIRECTION('center_axis',(8.79383703109425E-15,0.,-1.));
#14818=DIRECTION('ref_axis',(-1.,0.,-8.79383703109425E-15));
#14819=DIRECTION('',(-1.,0.,-8.79383703109425E-15));
#14820=DIRECTION('',(0.,1.,0.));
#14821=DIRECTION('',(-1.,0.,-8.79383703109425E-15));
#14822=DIRECTION('center_axis',(8.79383703109425E-15,0.,1.));
#14823=DIRECTION('ref_axis',(1.,0.,-8.79383703109425E-15));
#14824=DIRECTION('',(1.,0.,-8.79383703109425E-15));
#14825=DIRECTION('',(0.,1.,0.));
#14826=DIRECTION('',(1.,0.,-8.79383703109425E-15));
#14827=DIRECTION('center_axis',(-1.,0.,0.));
#14828=DIRECTION('ref_axis',(0.,0.,1.));
#14829=DIRECTION('',(0.,0.,1.));
#14830=DIRECTION('',(0.,0.,1.));
#14831=DIRECTION('center_axis',(8.79383703109425E-15,0.,-1.));
#14832=DIRECTION('ref_axis',(-1.,0.,-8.79383703109425E-15));
#14833=DIRECTION('',(-1.,0.,-8.79383703109425E-15));
#14834=DIRECTION('',(0.,1.,0.));
#14835=DIRECTION('',(-1.,0.,-8.79383703109425E-15));
#14836=DIRECTION('center_axis',(8.79383703109425E-15,0.,1.));
#14837=DIRECTION('ref_axis',(1.,0.,-8.79383703109425E-15));
#14838=DIRECTION('',(1.,0.,-8.79383703109425E-15));
#14839=DIRECTION('',(0.,1.,0.));
#14840=DIRECTION('',(1.,0.,-8.79383703109425E-15));
#14841=DIRECTION('center_axis',(-1.,0.,0.));
#14842=DIRECTION('ref_axis',(0.,0.,1.));
#14843=DIRECTION('',(0.,0.,1.));
#14844=DIRECTION('',(0.,0.,1.));
#14845=DIRECTION('center_axis',(8.79383703109425E-15,0.,-1.));
#14846=DIRECTION('ref_axis',(-1.,0.,-8.79383703109425E-15));
#14847=DIRECTION('',(-1.,0.,-8.79383703109425E-15));
#14848=DIRECTION('',(0.,1.,0.));
#14849=DIRECTION('',(-1.,0.,-8.79383703109425E-15));
#14850=DIRECTION('center_axis',(8.79383703109425E-15,0.,1.));
#14851=DIRECTION('ref_axis',(1.,0.,-8.79383703109425E-15));
#14852=DIRECTION('',(1.,0.,-8.79383703109425E-15));
#14853=DIRECTION('',(0.,1.,0.));
#14854=DIRECTION('',(1.,0.,-8.79383703109425E-15));
#14855=DIRECTION('center_axis',(-1.,0.,0.));
#14856=DIRECTION('ref_axis',(0.,0.,1.));
#14857=DIRECTION('',(0.,0.,1.));
#14858=DIRECTION('',(0.,0.,1.));
#14859=DIRECTION('center_axis',(8.79383703109425E-15,0.,-1.));
#14860=DIRECTION('ref_axis',(-1.,0.,-8.79383703109425E-15));
#14861=DIRECTION('',(-1.,0.,-8.79383703109425E-15));
#14862=DIRECTION('',(0.,1.,0.));
#14863=DIRECTION('',(-1.,0.,-8.79383703109425E-15));
#14864=DIRECTION('center_axis',(8.79383703109425E-15,0.,1.));
#14865=DIRECTION('ref_axis',(1.,0.,-8.79383703109425E-15));
#14866=DIRECTION('',(1.,0.,-8.79383703109425E-15));
#14867=DIRECTION('',(0.,1.,0.));
#14868=DIRECTION('',(1.,0.,-8.79383703109425E-15));
#14869=DIRECTION('center_axis',(-1.,0.,0.));
#14870=DIRECTION('ref_axis',(0.,0.,1.));
#14871=DIRECTION('',(0.,0.,1.));
#14872=DIRECTION('',(0.,0.,1.));
#14873=DIRECTION('center_axis',(8.79383703109425E-15,0.,-1.));
#14874=DIRECTION('ref_axis',(-1.,0.,-8.79383703109425E-15));
#14875=DIRECTION('',(-1.,0.,-8.79383703109425E-15));
#14876=DIRECTION('',(0.,1.,0.));
#14877=DIRECTION('',(-1.,0.,-8.79383703109425E-15));
#14878=DIRECTION('center_axis',(8.79383703109425E-15,0.,1.));
#14879=DIRECTION('ref_axis',(1.,0.,-8.79383703109425E-15));
#14880=DIRECTION('',(1.,0.,-8.79383703109425E-15));
#14881=DIRECTION('',(0.,1.,0.));
#14882=DIRECTION('',(1.,0.,-8.79383703109425E-15));
#14883=DIRECTION('center_axis',(-1.,0.,0.));
#14884=DIRECTION('ref_axis',(0.,0.,1.));
#14885=DIRECTION('',(0.,0.,1.));
#14886=DIRECTION('',(0.,0.,1.));
#14887=DIRECTION('center_axis',(8.79383703109425E-15,0.,-1.));
#14888=DIRECTION('ref_axis',(-1.,0.,-8.79383703109425E-15));
#14889=DIRECTION('',(-1.,0.,-8.79383703109425E-15));
#14890=DIRECTION('',(0.,1.,0.));
#14891=DIRECTION('',(-1.,0.,-8.79383703109425E-15));
#14892=DIRECTION('center_axis',(8.79383703109425E-15,0.,1.));
#14893=DIRECTION('ref_axis',(1.,0.,-8.79383703109425E-15));
#14894=DIRECTION('',(1.,0.,-8.79383703109425E-15));
#14895=DIRECTION('',(0.,1.,0.));
#14896=DIRECTION('',(1.,0.,-8.79383703109425E-15));
#14897=DIRECTION('center_axis',(-1.,0.,0.));
#14898=DIRECTION('ref_axis',(0.,0.,1.));
#14899=DIRECTION('',(0.,0.,1.));
#14900=DIRECTION('',(0.,0.,1.));
#14901=DIRECTION('center_axis',(8.79383703109425E-15,0.,-1.));
#14902=DIRECTION('ref_axis',(-1.,0.,-8.79383703109425E-15));
#14903=DIRECTION('',(-1.,0.,-8.79383703109425E-15));
#14904=DIRECTION('',(0.,1.,0.));
#14905=DIRECTION('',(-1.,0.,-8.79383703109425E-15));
#14906=DIRECTION('center_axis',(8.79383703109425E-15,0.,1.));
#14907=DIRECTION('ref_axis',(1.,0.,-8.79383703109425E-15));
#14908=DIRECTION('',(1.,0.,-8.79383703109425E-15));
#14909=DIRECTION('',(0.,1.,0.));
#14910=DIRECTION('',(1.,0.,-8.79383703109425E-15));
#14911=DIRECTION('center_axis',(-1.,0.,0.));
#14912=DIRECTION('ref_axis',(0.,0.,1.));
#14913=DIRECTION('',(0.,0.,1.));
#14914=DIRECTION('',(0.,0.,1.));
#14915=DIRECTION('center_axis',(8.79383703109425E-15,0.,-1.));
#14916=DIRECTION('ref_axis',(-1.,0.,-8.79383703109425E-15));
#14917=DIRECTION('',(-1.,0.,-8.79383703109425E-15));
#14918=DIRECTION('',(0.,1.,0.));
#14919=DIRECTION('',(-1.,0.,-8.79383703109425E-15));
#14920=DIRECTION('center_axis',(8.79383703109425E-15,0.,1.));
#14921=DIRECTION('ref_axis',(1.,0.,-8.79383703109425E-15));
#14922=DIRECTION('',(1.,0.,-8.79383703109425E-15));
#14923=DIRECTION('',(0.,1.,0.));
#14924=DIRECTION('',(1.,0.,-8.79383703109425E-15));
#14925=DIRECTION('center_axis',(-1.,0.,0.));
#14926=DIRECTION('ref_axis',(0.,0.,1.));
#14927=DIRECTION('',(0.,0.,1.));
#14928=DIRECTION('',(0.,0.,1.));
#14929=DIRECTION('center_axis',(8.79383703109425E-15,0.,-1.));
#14930=DIRECTION('ref_axis',(-1.,0.,-8.79383703109425E-15));
#14931=DIRECTION('',(-1.,0.,-8.79383703109425E-15));
#14932=DIRECTION('',(0.,1.,0.));
#14933=DIRECTION('',(-1.,0.,-8.79383703109425E-15));
#14934=DIRECTION('center_axis',(8.79383703109425E-15,0.,1.));
#14935=DIRECTION('ref_axis',(1.,0.,-8.79383703109425E-15));
#14936=DIRECTION('',(1.,0.,-8.79383703109425E-15));
#14937=DIRECTION('',(0.,1.,0.));
#14938=DIRECTION('',(1.,0.,-8.79383703109425E-15));
#14939=DIRECTION('center_axis',(-1.,0.,0.));
#14940=DIRECTION('ref_axis',(0.,0.,1.));
#14941=DIRECTION('',(0.,0.,1.));
#14942=DIRECTION('',(0.,0.,1.));
#14943=DIRECTION('center_axis',(8.79383703109425E-15,0.,-1.));
#14944=DIRECTION('ref_axis',(-1.,0.,-8.79383703109425E-15));
#14945=DIRECTION('',(-1.,0.,-8.79383703109425E-15));
#14946=DIRECTION('',(0.,1.,0.));
#14947=DIRECTION('',(-1.,0.,-8.79383703109425E-15));
#14948=DIRECTION('center_axis',(8.79383703109425E-15,0.,1.));
#14949=DIRECTION('ref_axis',(1.,0.,-8.79383703109425E-15));
#14950=DIRECTION('',(1.,0.,-8.79383703109425E-15));
#14951=DIRECTION('',(0.,1.,0.));
#14952=DIRECTION('',(1.,0.,-8.79383703109425E-15));
#14953=DIRECTION('center_axis',(-1.,0.,0.));
#14954=DIRECTION('ref_axis',(0.,0.,1.));
#14955=DIRECTION('',(0.,0.,1.));
#14956=DIRECTION('',(0.,0.,1.));
#14957=DIRECTION('center_axis',(8.79383703109425E-15,0.,-1.));
#14958=DIRECTION('ref_axis',(-1.,0.,-8.79383703109425E-15));
#14959=DIRECTION('',(-1.,0.,-8.79383703109425E-15));
#14960=DIRECTION('',(0.,1.,0.));
#14961=DIRECTION('',(-1.,0.,-8.79383703109425E-15));
#14962=DIRECTION('center_axis',(8.79383703109425E-15,0.,1.));
#14963=DIRECTION('ref_axis',(1.,0.,-8.79383703109425E-15));
#14964=DIRECTION('',(1.,0.,-8.79383703109425E-15));
#14965=DIRECTION('',(0.,1.,0.));
#14966=DIRECTION('',(1.,0.,-8.79383703109425E-15));
#14967=DIRECTION('center_axis',(-1.,0.,0.));
#14968=DIRECTION('ref_axis',(0.,0.,1.));
#14969=DIRECTION('',(0.,0.,1.));
#14970=DIRECTION('',(0.,0.,1.));
#14971=DIRECTION('center_axis',(8.79383703109425E-15,0.,-1.));
#14972=DIRECTION('ref_axis',(-1.,0.,-8.79383703109425E-15));
#14973=DIRECTION('',(-1.,0.,-8.79383703109425E-15));
#14974=DIRECTION('',(0.,1.,0.));
#14975=DIRECTION('',(-1.,0.,-8.79383703109425E-15));
#14976=DIRECTION('center_axis',(8.79383703109425E-15,0.,1.));
#14977=DIRECTION('ref_axis',(1.,0.,-8.79383703109425E-15));
#14978=DIRECTION('',(1.,0.,-8.79383703109425E-15));
#14979=DIRECTION('',(0.,1.,0.));
#14980=DIRECTION('',(1.,0.,-8.79383703109425E-15));
#14981=DIRECTION('center_axis',(-1.,0.,0.));
#14982=DIRECTION('ref_axis',(0.,0.,1.));
#14983=DIRECTION('',(0.,0.,1.));
#14984=DIRECTION('',(0.,0.,1.));
#14985=DIRECTION('center_axis',(8.79383703109425E-15,0.,-1.));
#14986=DIRECTION('ref_axis',(-1.,0.,-8.79383703109425E-15));
#14987=DIRECTION('',(-1.,0.,-8.79383703109425E-15));
#14988=DIRECTION('',(0.,1.,0.));
#14989=DIRECTION('',(-1.,0.,-8.79383703109425E-15));
#14990=DIRECTION('center_axis',(8.79383703109425E-15,0.,1.));
#14991=DIRECTION('ref_axis',(1.,0.,-8.79383703109425E-15));
#14992=DIRECTION('',(1.,0.,-8.79383703109425E-15));
#14993=DIRECTION('',(0.,1.,0.));
#14994=DIRECTION('',(1.,0.,-8.79383703109425E-15));
#14995=DIRECTION('center_axis',(-1.,0.,0.));
#14996=DIRECTION('ref_axis',(0.,0.,1.));
#14997=DIRECTION('',(0.,0.,1.));
#14998=DIRECTION('',(0.,0.,1.));
#14999=DIRECTION('center_axis',(8.79383703109425E-15,0.,-1.));
#15000=DIRECTION('ref_axis',(-1.,0.,-8.79383703109425E-15));
#15001=DIRECTION('',(-1.,0.,-8.79383703109425E-15));
#15002=DIRECTION('',(0.,1.,0.));
#15003=DIRECTION('',(-1.,0.,-8.79383703109425E-15));
#15004=DIRECTION('center_axis',(8.79383703109425E-15,0.,1.));
#15005=DIRECTION('ref_axis',(1.,0.,-8.79383703109425E-15));
#15006=DIRECTION('',(1.,0.,-8.79383703109425E-15));
#15007=DIRECTION('',(0.,1.,0.));
#15008=DIRECTION('',(1.,0.,-8.79383703109425E-15));
#15009=DIRECTION('center_axis',(-1.,0.,0.));
#15010=DIRECTION('ref_axis',(0.,0.,1.));
#15011=DIRECTION('',(0.,0.,1.));
#15012=DIRECTION('',(0.,0.,1.));
#15013=DIRECTION('center_axis',(8.79383703109425E-15,0.,-1.));
#15014=DIRECTION('ref_axis',(-1.,0.,-8.79383703109425E-15));
#15015=DIRECTION('',(-1.,0.,-8.79383703109425E-15));
#15016=DIRECTION('',(0.,1.,0.));
#15017=DIRECTION('',(-1.,0.,-8.79383703109425E-15));
#15018=DIRECTION('center_axis',(8.79383703109425E-15,0.,1.));
#15019=DIRECTION('ref_axis',(1.,0.,-8.79383703109425E-15));
#15020=DIRECTION('',(1.,0.,-8.79383703109425E-15));
#15021=DIRECTION('',(0.,1.,0.));
#15022=DIRECTION('',(1.,0.,-8.79383703109425E-15));
#15023=DIRECTION('center_axis',(-1.,0.,0.));
#15024=DIRECTION('ref_axis',(0.,0.,1.));
#15025=DIRECTION('',(0.,0.,1.));
#15026=DIRECTION('',(0.,0.,1.));
#15027=DIRECTION('center_axis',(8.79383703109425E-15,0.,-1.));
#15028=DIRECTION('ref_axis',(-1.,0.,-8.79383703109425E-15));
#15029=DIRECTION('',(-1.,0.,-8.79383703109425E-15));
#15030=DIRECTION('',(0.,1.,0.));
#15031=DIRECTION('',(-1.,0.,-8.79383703109425E-15));
#15032=DIRECTION('center_axis',(8.79383703109425E-15,0.,1.));
#15033=DIRECTION('ref_axis',(1.,0.,-8.79383703109425E-15));
#15034=DIRECTION('',(1.,0.,-8.79383703109425E-15));
#15035=DIRECTION('',(0.,1.,0.));
#15036=DIRECTION('',(1.,0.,-8.79383703109425E-15));
#15037=DIRECTION('center_axis',(-1.,0.,0.));
#15038=DIRECTION('ref_axis',(0.,0.,1.));
#15039=DIRECTION('',(0.,0.,1.));
#15040=DIRECTION('',(0.,0.,1.));
#15041=DIRECTION('center_axis',(8.79383703109425E-15,0.,-1.));
#15042=DIRECTION('ref_axis',(-1.,0.,-8.79383703109425E-15));
#15043=DIRECTION('',(-1.,0.,-8.79383703109425E-15));
#15044=DIRECTION('',(0.,1.,0.));
#15045=DIRECTION('',(-1.,0.,-8.79383703109425E-15));
#15046=DIRECTION('center_axis',(8.79383703109425E-15,0.,1.));
#15047=DIRECTION('ref_axis',(1.,0.,-8.79383703109425E-15));
#15048=DIRECTION('',(1.,0.,-8.79383703109425E-15));
#15049=DIRECTION('',(0.,1.,0.));
#15050=DIRECTION('',(1.,0.,-8.79383703109425E-15));
#15051=DIRECTION('center_axis',(-1.,0.,0.));
#15052=DIRECTION('ref_axis',(0.,0.,1.));
#15053=DIRECTION('',(0.,0.,1.));
#15054=DIRECTION('',(0.,0.,1.));
#15055=DIRECTION('center_axis',(8.79383703109425E-15,0.,-1.));
#15056=DIRECTION('ref_axis',(-1.,0.,-8.79383703109425E-15));
#15057=DIRECTION('',(-1.,0.,-8.79383703109425E-15));
#15058=DIRECTION('',(0.,1.,0.));
#15059=DIRECTION('',(-1.,0.,-8.79383703109425E-15));
#15060=DIRECTION('center_axis',(8.79383703109425E-15,0.,1.));
#15061=DIRECTION('ref_axis',(1.,0.,-8.79383703109425E-15));
#15062=DIRECTION('',(1.,0.,-8.79383703109425E-15));
#15063=DIRECTION('',(0.,1.,0.));
#15064=DIRECTION('',(1.,0.,-8.79383703109425E-15));
#15065=DIRECTION('center_axis',(-1.,0.,0.));
#15066=DIRECTION('ref_axis',(0.,0.,1.));
#15067=DIRECTION('',(0.,0.,1.));
#15068=DIRECTION('',(0.,0.,1.));
#15069=DIRECTION('center_axis',(-8.79383703109425E-15,0.,1.));
#15070=DIRECTION('ref_axis',(1.,0.,8.79383703109425E-15));
#15071=DIRECTION('',(1.,0.,8.79383703109425E-15));
#15072=DIRECTION('',(0.,1.,0.));
#15073=DIRECTION('',(1.,0.,8.79383703109425E-15));
#15074=DIRECTION('center_axis',(1.,0.,0.));
#15075=DIRECTION('ref_axis',(0.,0.,-1.));
#15076=DIRECTION('',(0.,0.,-1.));
#15077=DIRECTION('',(0.,1.,0.));
#15078=DIRECTION('',(0.,0.,-1.));
#15079=DIRECTION('center_axis',(-8.79383703109425E-15,0.,-1.));
#15080=DIRECTION('ref_axis',(-1.,0.,8.79383703109425E-15));
#15081=DIRECTION('',(-1.,0.,8.79383703109425E-15));
#15082=DIRECTION('',(-1.,0.,8.79383703109425E-15));
#15083=DIRECTION('center_axis',(-0.0804665687167349,0.,0.996757308134209));
#15084=DIRECTION('ref_axis',(0.996757308134209,0.,0.0804665687167349));
#15085=DIRECTION('',(0.996757308134209,0.,0.0804665687167349));
#15086=DIRECTION('',(0.,1.,0.));
#15087=DIRECTION('',(0.996757308134209,0.,0.0804665687167349));
#15088=DIRECTION('center_axis',(0.99675730813421,0.,0.0804665687167261));
#15089=DIRECTION('ref_axis',(0.0804665687167261,0.,-0.99675730813421));
#15090=DIRECTION('',(0.0804665687167261,0.,-0.99675730813421));
#15091=DIRECTION('',(0.,1.,0.));
#15092=DIRECTION('',(0.0804665687167261,0.,-0.99675730813421));
#15093=DIRECTION('center_axis',(0.0804665687167173,0.,-0.996757308134211));
#15094=DIRECTION('ref_axis',(-0.996757308134211,0.,-0.0804665687167173));
#15095=DIRECTION('',(-0.996757308134211,0.,-0.0804665687167173));
#15096=DIRECTION('',(-0.996757308134211,0.,-0.0804665687167173));
#15097=DIRECTION('center_axis',(-0.160411280857769,0.,0.987050262637912));
#15098=DIRECTION('ref_axis',(0.987050262637911,0.,0.160411280857769));
#15099=DIRECTION('',(0.987050262637911,0.,0.160411280857769));
#15100=DIRECTION('',(0.,1.,0.));
#15101=DIRECTION('',(0.987050262637911,0.,0.160411280857769));
#15102=DIRECTION('center_axis',(0.987050262637913,0.,0.160411280857761));
#15103=DIRECTION('ref_axis',(0.160411280857761,0.,-0.987050262637913));
#15104=DIRECTION('',(0.160411280857761,0.,-0.987050262637913));
#15105=DIRECTION('',(0.,1.,0.));
#15106=DIRECTION('',(0.160411280857761,0.,-0.987050262637913));
#15107=DIRECTION('center_axis',(0.160411280857752,0.,-0.987050262637914));
#15108=DIRECTION('ref_axis',(-0.987050262637914,0.,-0.160411280857752));
#15109=DIRECTION('',(-0.987050262637914,0.,-0.160411280857752));
#15110=DIRECTION('',(-0.987050262637914,0.,-0.160411280857752));
#15111=DIRECTION('center_axis',(-0.239315664287567,0.,0.97094181742605));
#15112=DIRECTION('ref_axis',(0.97094181742605,0.,0.239315664287567));
#15113=DIRECTION('',(0.97094181742605,0.,0.239315664287567));
#15114=DIRECTION('',(0.,1.,0.));
#15115=DIRECTION('',(0.97094181742605,0.,0.239315664287567));
#15116=DIRECTION('center_axis',(0.970941817426052,0.,0.239315664287558));
#15117=DIRECTION('ref_axis',(0.239315664287558,0.,-0.970941817426052));
#15118=DIRECTION('',(0.239315664287558,0.,-0.970941817426052));
#15119=DIRECTION('',(0.,1.,0.));
#15120=DIRECTION('',(0.239315664287558,0.,-0.970941817426052));
#15121=DIRECTION('center_axis',(0.23931566428755,0.,-0.970941817426054));
#15122=DIRECTION('ref_axis',(-0.970941817426054,0.,-0.23931566428755));
#15123=DIRECTION('',(-0.970941817426054,0.,-0.23931566428755));
#15124=DIRECTION('',(-0.970941817426054,0.,-0.23931566428755));
#15125=DIRECTION('center_axis',(-0.316667993801481,0.,0.948536441947143));
#15126=DIRECTION('ref_axis',(0.948536441947143,0.,0.316667993801481));
#15127=DIRECTION('',(0.948536441947143,0.,0.316667993801481));
#15128=DIRECTION('',(0.,1.,0.));
#15129=DIRECTION('',(0.948536441947143,0.,0.316667993801481));
#15130=DIRECTION('center_axis',(0.948536441947145,0.,0.316667993801473));
#15131=DIRECTION('ref_axis',(0.316667993801473,0.,-0.948536441947145));
#15132=DIRECTION('',(0.316667993801473,0.,-0.948536441947145));
#15133=DIRECTION('',(0.,1.,0.));
#15134=DIRECTION('',(0.316667993801473,0.,-0.948536441947145));
#15135=DIRECTION('center_axis',(0.316667993801465,0.,-0.948536441947148));
#15136=DIRECTION('ref_axis',(-0.948536441947148,0.,-0.316667993801465));
#15137=DIRECTION('',(-0.948536441947148,0.,-0.316667993801465));
#15138=DIRECTION('',(-0.948536441947148,0.,-0.316667993801465));
#15139=DIRECTION('center_axis',(-0.391966609860083,0.,0.919979443658821));
#15140=DIRECTION('ref_axis',(0.919979443658821,0.,0.391966609860083));
#15141=DIRECTION('',(0.919979443658821,0.,0.391966609860083));
#15142=DIRECTION('',(0.,1.,0.));
#15143=DIRECTION('',(0.919979443658821,0.,0.391966609860083));
#15144=DIRECTION('center_axis',(0.919979443658824,0.,0.391966609860075));
#15145=DIRECTION('ref_axis',(0.391966609860075,0.,-0.919979443658824));
#15146=DIRECTION('',(0.391966609860075,0.,-0.919979443658824));
#15147=DIRECTION('',(0.,1.,0.));
#15148=DIRECTION('',(0.391966609860075,0.,-0.919979443658824));
#15149=DIRECTION('center_axis',(0.391966609860067,0.,-0.919979443658828));
#15150=DIRECTION('ref_axis',(-0.919979443658828,0.,-0.391966609860067));
#15151=DIRECTION('',(-0.919979443658828,0.,-0.391966609860067));
#15152=DIRECTION('',(-0.919979443658828,0.,-0.391966609860067));
#15153=DIRECTION('center_axis',(-0.464723172043776,0.,0.885456025653206));
#15154=DIRECTION('ref_axis',(0.885456025653206,0.,0.464723172043776));
#15155=DIRECTION('',(0.885456025653206,0.,0.464723172043776));
#15156=DIRECTION('',(0.,1.,0.));
#15157=DIRECTION('',(0.885456025653206,0.,0.464723172043776));
#15158=DIRECTION('center_axis',(0.88545602565321,0.,0.464723172043769));
#15159=DIRECTION('ref_axis',(0.464723172043769,0.,-0.88545602565321));
#15160=DIRECTION('',(0.464723172043769,0.,-0.88545602565321));
#15161=DIRECTION('',(0.,1.,0.));
#15162=DIRECTION('',(0.464723172043769,0.,-0.88545602565321));
#15163=DIRECTION('center_axis',(0.464723172043761,0.,-0.885456025653214));
#15164=DIRECTION('ref_axis',(-0.885456025653214,0.,-0.464723172043761));
#15165=DIRECTION('',(-0.885456025653214,0.,-0.464723172043761));
#15166=DIRECTION('',(-0.885456025653214,0.,-0.464723172043761));
#15167=DIRECTION('center_axis',(-0.534465826127809,0.,0.84519008554379));
#15168=DIRECTION('ref_axis',(0.84519008554379,0.,0.534465826127809));
#15169=DIRECTION('',(0.84519008554379,0.,0.534465826127809));
#15170=DIRECTION('',(0.,1.,0.));
#15171=DIRECTION('',(0.84519008554379,0.,0.534465826127809));
#15172=DIRECTION('center_axis',(0.845190085543795,0.,0.534465826127801));
#15173=DIRECTION('ref_axis',(0.534465826127801,0.,-0.845190085543795));
#15174=DIRECTION('',(0.534465826127801,0.,-0.845190085543795));
#15175=DIRECTION('',(0.,1.,0.));
#15176=DIRECTION('',(0.534465826127801,0.,-0.845190085543795));
#15177=DIRECTION('center_axis',(0.534465826127794,0.,-0.845190085543799));
#15178=DIRECTION('ref_axis',(-0.845190085543799,0.,-0.534465826127794));
#15179=DIRECTION('',(-0.845190085543799,0.,-0.534465826127794));
#15180=DIRECTION('',(-0.845190085543799,0.,-0.534465826127794));
#15181=DIRECTION('center_axis',(-0.600742264237986,0.,0.799442763403496));
#15182=DIRECTION('ref_axis',(0.799442763403496,0.,0.600742264237986));
#15183=DIRECTION('',(0.799442763403496,0.,0.600742264237986));
#15184=DIRECTION('',(0.,1.,0.));
#15185=DIRECTION('',(0.799442763403496,0.,0.600742264237986));
#15186=DIRECTION('center_axis',(0.799442763403501,0.,0.600742264237979));
#15187=DIRECTION('ref_axis',(0.600742264237979,0.,-0.799442763403501));
#15188=DIRECTION('',(0.600742264237979,0.,-0.799442763403501));
#15189=DIRECTION('',(0.,1.,0.));
#15190=DIRECTION('',(0.600742264237979,0.,-0.799442763403501));
#15191=DIRECTION('center_axis',(0.600742264237972,0.,-0.799442763403506));
#15192=DIRECTION('ref_axis',(-0.799442763403506,0.,-0.600742264237972));
#15193=DIRECTION('',(-0.799442763403506,0.,-0.600742264237972));
#15194=DIRECTION('',(-0.799442763403506,0.,-0.600742264237972));
#15195=DIRECTION('center_axis',(-0.663122658240802,0.,0.748510748171095));
#15196=DIRECTION('ref_axis',(0.748510748171095,0.,0.663122658240802));
#15197=DIRECTION('',(0.748510748171095,0.,0.663122658240802));
#15198=DIRECTION('',(0.,1.,0.));
#15199=DIRECTION('',(0.748510748171095,0.,0.663122658240802));
#15200=DIRECTION('center_axis',(0.748510748171101,0.,0.663122658240796));
#15201=DIRECTION('ref_axis',(0.663122658240795,0.,-0.748510748171101));
#15202=DIRECTION('',(0.663122658240795,0.,-0.748510748171101));
#15203=DIRECTION('',(0.,1.,0.));
#15204=DIRECTION('',(0.663122658240795,0.,-0.748510748171101));
#15205=DIRECTION('center_axis',(0.663122658240789,0.,-0.748510748171107));
#15206=DIRECTION('ref_axis',(-0.748510748171107,0.,-0.663122658240789));
#15207=DIRECTION('',(-0.748510748171107,0.,-0.663122658240789));
#15208=DIRECTION('',(-0.748510748171107,0.,-0.663122658240789));
#15209=DIRECTION('center_axis',(-0.721202447343821,0.,0.692724353509593));
#15210=DIRECTION('ref_axis',(0.692724353509593,0.,0.721202447343821));
#15211=DIRECTION('',(0.692724353509593,0.,0.721202447343821));
#15212=DIRECTION('',(0.,1.,0.));
#15213=DIRECTION('',(0.692724353509593,0.,0.721202447343821));
#15214=DIRECTION('center_axis',(0.692724353509599,0.,0.721202447343815));
#15215=DIRECTION('ref_axis',(0.721202447343815,0.,-0.692724353509599));
#15216=DIRECTION('',(0.721202447343815,0.,-0.692724353509599));
#15217=DIRECTION('',(0.,1.,0.));
#15218=DIRECTION('',(0.721202447343815,0.,-0.692724353509599));
#15219=DIRECTION('center_axis',(0.721202447343809,0.,-0.692724353509606));
#15220=DIRECTION('ref_axis',(-0.692724353509606,0.,-0.721202447343808));
#15221=DIRECTION('',(-0.692724353509606,0.,-0.721202447343808));
#15222=DIRECTION('',(-0.692724353509606,0.,-0.721202447343808));
#15223=DIRECTION('center_axis',(-0.77460496182766,0.,0.632445375595371));
#15224=DIRECTION('ref_axis',(0.63244537559537,0.,0.77460496182766));
#15225=DIRECTION('',(0.63244537559537,0.,0.77460496182766));
#15226=DIRECTION('',(0.,1.,0.));
#15227=DIRECTION('',(0.63244537559537,0.,0.77460496182766));
#15228=DIRECTION('center_axis',(0.632445375595377,0.,0.774604961827655));
#15229=DIRECTION('ref_axis',(0.774604961827655,0.,-0.632445375595377));
#15230=DIRECTION('',(0.774604961827655,0.,-0.632445375595377));
#15231=DIRECTION('',(0.,1.,0.));
#15232=DIRECTION('',(0.774604961827655,0.,-0.632445375595377));
#15233=DIRECTION('center_axis',(0.774604961827649,0.,-0.632445375595384));
#15234=DIRECTION('ref_axis',(-0.632445375595384,0.,-0.774604961827649));
#15235=DIRECTION('',(-0.632445375595384,0.,-0.774604961827649));
#15236=DIRECTION('',(-0.632445375595384,0.,-0.774604961827649));
#15237=DIRECTION('center_axis',(-0.822983865893661,0.,0.568064746731148));
#15238=DIRECTION('ref_axis',(0.568064746731148,0.,0.822983865893661));
#15239=DIRECTION('',(0.568064746731148,0.,0.822983865893661));
#15240=DIRECTION('',(0.,1.,0.));
#15241=DIRECTION('',(0.568064746731148,0.,0.822983865893661));
#15242=DIRECTION('center_axis',(0.568064746731156,0.,0.822983865893656));
#15243=DIRECTION('ref_axis',(0.822983865893656,0.,-0.568064746731156));
#15244=DIRECTION('',(0.822983865893656,0.,-0.568064746731156));
#15245=DIRECTION('',(0.,1.,0.));
#15246=DIRECTION('',(0.822983865893656,0.,-0.568064746731156));
#15247=DIRECTION('center_axis',(0.822983865893652,0.,-0.568064746731163));
#15248=DIRECTION('ref_axis',(-0.568064746731163,0.,-0.822983865893651));
#15249=DIRECTION('',(-0.568064746731163,0.,-0.822983865893651));
#15250=DIRECTION('',(-0.568064746731163,0.,-0.822983865893651));
#15251=DIRECTION('center_axis',(-0.866025403784443,0.,0.499999999999992));
#15252=DIRECTION('ref_axis',(0.499999999999992,0.,0.866025403784443));
#15253=DIRECTION('',(0.499999999999992,0.,0.866025403784443));
#15254=DIRECTION('',(0.,1.,0.));
#15255=DIRECTION('',(0.499999999999992,0.,0.866025403784443));
#15256=DIRECTION('center_axis',(0.5,0.,0.866025403784439));
#15257=DIRECTION('ref_axis',(0.866025403784439,0.,-0.5));
#15258=DIRECTION('',(0.866025403784439,0.,-0.5));
#15259=DIRECTION('',(0.,1.,0.));
#15260=DIRECTION('',(0.866025403784439,0.,-0.5));
#15261=DIRECTION('center_axis',(0.866025403784434,0.,-0.500000000000007));
#15262=DIRECTION('ref_axis',(-0.500000000000007,0.,-0.866025403784434));
#15263=DIRECTION('',(-0.500000000000007,0.,-0.866025403784434));
#15264=DIRECTION('',(-0.500000000000007,0.,-0.866025403784434));
#15265=DIRECTION('center_axis',(-0.903450434610386,0.,0.428692561403046));
#15266=DIRECTION('ref_axis',(0.428692561403046,0.,0.903450434610386));
#15267=DIRECTION('',(0.428692561403046,0.,0.903450434610386));
#15268=DIRECTION('',(0.,1.,0.));
#15269=DIRECTION('',(0.428692561403046,0.,0.903450434610386));
#15270=DIRECTION('center_axis',(0.428692561403054,0.,0.903450434610382));
#15271=DIRECTION('ref_axis',(0.903450434610383,0.,-0.428692561403054));
#15272=DIRECTION('',(0.903450434610383,0.,-0.428692561403054));
#15273=DIRECTION('',(0.,1.,0.));
#15274=DIRECTION('',(0.903450434610383,0.,-0.428692561403054));
#15275=DIRECTION('center_axis',(0.903450434610379,0.,-0.428692561403062));
#15276=DIRECTION('ref_axis',(-0.428692561403062,0.,-0.903450434610379));
#15277=DIRECTION('',(-0.428692561403062,0.,-0.903450434610379));
#15278=DIRECTION('',(-0.428692561403062,0.,-0.903450434610379));
#15279=DIRECTION('center_axis',(-0.935016242685418,0.,0.354604887042527));
#15280=DIRECTION('ref_axis',(0.354604887042527,0.,0.935016242685418));
#15281=DIRECTION('',(0.354604887042527,0.,0.935016242685418));
#15282=DIRECTION('',(0.,1.,0.));
#15283=DIRECTION('',(0.354604887042527,0.,0.935016242685418));
#15284=DIRECTION('center_axis',(0.354604887042536,0.,0.935016242685415));
#15285=DIRECTION('ref_axis',(0.935016242685415,0.,-0.354604887042535));
#15286=DIRECTION('',(0.935016242685415,0.,-0.354604887042535));
#15287=DIRECTION('',(0.,1.,0.));
#15288=DIRECTION('',(0.935016242685415,0.,-0.354604887042535));
#15289=DIRECTION('center_axis',(0.935016242685412,0.,-0.354604887042544));
#15290=DIRECTION('ref_axis',(-0.354604887042544,0.,-0.935016242685412));
#15291=DIRECTION('',(-0.354604887042544,0.,-0.935016242685412));
#15292=DIRECTION('',(-0.354604887042544,0.,-0.935016242685412));
#15293=DIRECTION('center_axis',(-0.960518111631375,0.,0.278217463916444));
#15294=DIRECTION('ref_axis',(0.278217463916444,0.,0.960518111631375));
#15295=DIRECTION('',(0.278217463916444,0.,0.960518111631375));
#15296=DIRECTION('',(0.,1.,0.));
#15297=DIRECTION('',(0.278217463916444,0.,0.960518111631375));
#15298=DIRECTION('center_axis',(0.278217463916452,0.,0.960518111631372));
#15299=DIRECTION('ref_axis',(0.960518111631372,0.,-0.278217463916452));
#15300=DIRECTION('',(0.960518111631372,0.,-0.278217463916452));
#15301=DIRECTION('',(0.,1.,0.));
#15302=DIRECTION('',(0.960518111631372,0.,-0.278217463916452));
#15303=DIRECTION('center_axis',(0.96051811163137,0.,-0.278217463916461));
#15304=DIRECTION('ref_axis',(-0.278217463916461,0.,-0.96051811163137));
#15305=DIRECTION('',(-0.278217463916461,0.,-0.96051811163137));
#15306=DIRECTION('',(-0.278217463916461,0.,-0.96051811163137));
#15307=DIRECTION('center_axis',(-0.97979065204227,0.,0.200025693776036));
#15308=DIRECTION('ref_axis',(0.200025693776036,0.,0.979790652042269));
#15309=DIRECTION('',(0.200025693776036,0.,0.979790652042269));
#15310=DIRECTION('',(0.,1.,0.));
#15311=DIRECTION('',(0.200025693776036,0.,0.979790652042269));
#15312=DIRECTION('center_axis',(0.200025693776044,0.,0.979790652042268));
#15313=DIRECTION('ref_axis',(0.979790652042268,0.,-0.200025693776044));
#15314=DIRECTION('',(0.979790652042268,0.,-0.200025693776044));
#15315=DIRECTION('',(0.,1.,0.));
#15316=DIRECTION('',(0.979790652042268,0.,-0.200025693776044));
#15317=DIRECTION('center_axis',(0.979790652042266,0.,-0.200025693776053));
#15318=DIRECTION('ref_axis',(-0.200025693776053,0.,-0.979790652042266));
#15319=DIRECTION('',(-0.200025693776053,0.,-0.979790652042266));
#15320=DIRECTION('',(-0.200025693776053,0.,-0.979790652042266));
#15321=DIRECTION('center_axis',(-0.992708874098055,0.,0.120536680255314));
#15322=DIRECTION('ref_axis',(0.120536680255314,0.,0.992708874098055));
#15323=DIRECTION('',(0.120536680255314,0.,0.992708874098055));
#15324=DIRECTION('',(0.,1.,0.));
#15325=DIRECTION('',(0.120536680255314,0.,0.992708874098055));
#15326=DIRECTION('center_axis',(0.120536680255323,0.,0.992708874098054));
#15327=DIRECTION('ref_axis',(0.992708874098054,0.,-0.120536680255323));
#15328=DIRECTION('',(0.992708874098054,0.,-0.120536680255323));
#15329=DIRECTION('',(0.,1.,0.));
#15330=DIRECTION('',(0.992708874098054,0.,-0.120536680255323));
#15331=DIRECTION('center_axis',(0.992708874098053,0.,-0.120536680255332));
#15332=DIRECTION('ref_axis',(-0.120536680255332,0.,-0.992708874098053));
#15333=DIRECTION('',(-0.120536680255332,0.,-0.992708874098053));
#15334=DIRECTION('',(-0.120536680255332,0.,-0.992708874098053));
#15335=DIRECTION('center_axis',(-0.99918899817157,0.,0.0402659401094061));
#15336=DIRECTION('ref_axis',(0.0402659401094061,0.,0.99918899817157));
#15337=DIRECTION('',(0.0402659401094061,0.,0.99918899817157));
#15338=DIRECTION('',(0.,1.,0.));
#15339=DIRECTION('',(0.0402659401094061,0.,0.99918899817157));
#15340=DIRECTION('center_axis',(0.0402659401094149,0.,0.99918899817157));
#15341=DIRECTION('ref_axis',(0.99918899817157,0.,-0.0402659401094149));
#15342=DIRECTION('',(0.99918899817157,0.,-0.0402659401094149));
#15343=DIRECTION('',(0.,1.,0.));
#15344=DIRECTION('',(0.99918899817157,0.,-0.0402659401094149));
#15345=DIRECTION('center_axis',(0.999188998171569,0.,-0.0402659401094237));
#15346=DIRECTION('ref_axis',(-0.0402659401094237,0.,-0.999188998171569));
#15347=DIRECTION('',(-0.0402659401094237,0.,-0.999188998171569));
#15348=DIRECTION('',(-0.0402659401094237,0.,-0.999188998171569));
#15349=DIRECTION('center_axis',(-0.999188998171569,0.,-0.040265940109424));
#15350=DIRECTION('ref_axis',(-0.040265940109424,0.,0.999188998171569));
#15351=DIRECTION('',(-0.040265940109424,0.,0.999188998171569));
#15352=DIRECTION('',(0.,1.,0.));
#15353=DIRECTION('',(-0.040265940109424,0.,0.999188998171569));
#15354=DIRECTION('center_axis',(-0.0402659401094153,0.,0.99918899817157));
#15355=DIRECTION('ref_axis',(0.99918899817157,0.,0.0402659401094152));
#15356=DIRECTION('',(0.99918899817157,0.,0.0402659401094152));
#15357=DIRECTION('',(0.,1.,0.));
#15358=DIRECTION('',(0.99918899817157,0.,0.0402659401094152));
#15359=DIRECTION('center_axis',(0.99918899817157,0.,0.0402659401094064));
#15360=DIRECTION('ref_axis',(0.0402659401094064,0.,-0.99918899817157));
#15361=DIRECTION('',(0.0402659401094064,0.,-0.99918899817157));
#15362=DIRECTION('',(0.0402659401094064,0.,-0.99918899817157));
#15363=DIRECTION('center_axis',(-0.992708874098053,0.,-0.120536680255332));
#15364=DIRECTION('ref_axis',(-0.120536680255332,0.,0.992708874098053));
#15365=DIRECTION('',(-0.120536680255332,0.,0.992708874098053));
#15366=DIRECTION('',(0.,1.,0.));
#15367=DIRECTION('',(-0.120536680255332,0.,0.992708874098053));
#15368=DIRECTION('center_axis',(-0.120536680255323,0.,0.992708874098054));
#15369=DIRECTION('ref_axis',(0.992708874098054,0.,0.120536680255323));
#15370=DIRECTION('',(0.992708874098054,0.,0.120536680255323));
#15371=DIRECTION('',(0.,1.,0.));
#15372=DIRECTION('',(0.992708874098054,0.,0.120536680255323));
#15373=DIRECTION('center_axis',(0.992708874098055,0.,0.120536680255314));
#15374=DIRECTION('ref_axis',(0.120536680255314,0.,-0.992708874098055));
#15375=DIRECTION('',(0.120536680255314,0.,-0.992708874098055));
#15376=DIRECTION('',(0.120536680255314,0.,-0.992708874098055));
#15377=DIRECTION('center_axis',(-0.979790652042266,0.,-0.200025693776053));
#15378=DIRECTION('ref_axis',(-0.200025693776053,0.,0.979790652042266));
#15379=DIRECTION('',(-0.200025693776053,0.,0.979790652042266));
#15380=DIRECTION('',(0.,1.,0.));
#15381=DIRECTION('',(-0.200025693776053,0.,0.979790652042266));
#15382=DIRECTION('center_axis',(-0.200025693776044,0.,0.979790652042268));
#15383=DIRECTION('ref_axis',(0.979790652042268,0.,0.200025693776044));
#15384=DIRECTION('',(0.979790652042268,0.,0.200025693776044));
#15385=DIRECTION('',(0.,1.,0.));
#15386=DIRECTION('',(0.979790652042268,0.,0.200025693776044));
#15387=DIRECTION('center_axis',(0.979790652042269,0.,0.200025693776036));
#15388=DIRECTION('ref_axis',(0.200025693776036,0.,-0.979790652042269));
#15389=DIRECTION('',(0.200025693776036,0.,-0.979790652042269));
#15390=DIRECTION('',(0.200025693776036,0.,-0.979790652042269));
#15391=DIRECTION('center_axis',(-0.96051811163137,0.,-0.278217463916461));
#15392=DIRECTION('ref_axis',(-0.278217463916461,0.,0.96051811163137));
#15393=DIRECTION('',(-0.278217463916461,0.,0.96051811163137));
#15394=DIRECTION('',(0.,1.,0.));
#15395=DIRECTION('',(-0.278217463916461,0.,0.96051811163137));
#15396=DIRECTION('center_axis',(-0.278217463916453,0.,0.960518111631372));
#15397=DIRECTION('ref_axis',(0.960518111631372,0.,0.278217463916453));
#15398=DIRECTION('',(0.960518111631372,0.,0.278217463916453));
#15399=DIRECTION('',(0.,1.,0.));
#15400=DIRECTION('',(0.960518111631372,0.,0.278217463916453));
#15401=DIRECTION('center_axis',(0.960518111631375,0.,0.278217463916444));
#15402=DIRECTION('ref_axis',(0.278217463916444,0.,-0.960518111631375));
#15403=DIRECTION('',(0.278217463916444,0.,-0.960518111631375));
#15404=DIRECTION('',(0.278217463916444,0.,-0.960518111631375));
#15405=DIRECTION('center_axis',(-0.935016242685412,0.,-0.354604887042544));
#15406=DIRECTION('ref_axis',(-0.354604887042544,0.,0.935016242685412));
#15407=DIRECTION('',(-0.354604887042544,0.,0.935016242685412));
#15408=DIRECTION('',(0.,1.,0.));
#15409=DIRECTION('',(-0.354604887042544,0.,0.935016242685412));
#15410=DIRECTION('center_axis',(-0.354604887042536,0.,0.935016242685415));
#15411=DIRECTION('ref_axis',(0.935016242685415,0.,0.354604887042536));
#15412=DIRECTION('',(0.935016242685415,0.,0.354604887042536));
#15413=DIRECTION('',(0.,1.,0.));
#15414=DIRECTION('',(0.935016242685415,0.,0.354604887042536));
#15415=DIRECTION('center_axis',(0.935016242685418,0.,0.354604887042528));
#15416=DIRECTION('ref_axis',(0.354604887042528,0.,-0.935016242685418));
#15417=DIRECTION('',(0.354604887042528,0.,-0.935016242685418));
#15418=DIRECTION('',(0.354604887042528,0.,-0.935016242685418));
#15419=DIRECTION('center_axis',(-0.903450434610379,0.,-0.428692561403062));
#15420=DIRECTION('ref_axis',(-0.428692561403062,0.,0.903450434610378));
#15421=DIRECTION('',(-0.428692561403062,0.,0.903450434610378));
#15422=DIRECTION('',(0.,1.,0.));
#15423=DIRECTION('',(-0.428692561403062,0.,0.903450434610378));
#15424=DIRECTION('center_axis',(-0.428692561403054,0.,0.903450434610382));
#15425=DIRECTION('ref_axis',(0.903450434610382,0.,0.428692561403054));
#15426=DIRECTION('',(0.903450434610382,0.,0.428692561403054));
#15427=DIRECTION('',(0.,1.,0.));
#15428=DIRECTION('',(0.903450434610382,0.,0.428692561403054));
#15429=DIRECTION('center_axis',(0.903450434610386,0.,0.428692561403046));
#15430=DIRECTION('ref_axis',(0.428692561403046,0.,-0.903450434610386));
#15431=DIRECTION('',(0.428692561403046,0.,-0.903450434610386));
#15432=DIRECTION('',(0.428692561403046,0.,-0.903450434610386));
#15433=DIRECTION('center_axis',(-0.866025403784434,0.,-0.500000000000008));
#15434=DIRECTION('ref_axis',(-0.500000000000008,0.,0.866025403784434));
#15435=DIRECTION('',(-0.500000000000008,0.,0.866025403784434));
#15436=DIRECTION('',(0.,1.,0.));
#15437=DIRECTION('',(-0.500000000000008,0.,0.866025403784434));
#15438=DIRECTION('center_axis',(-0.5,0.,0.866025403784439));
#15439=DIRECTION('ref_axis',(0.866025403784439,0.,0.5));
#15440=DIRECTION('',(0.866025403784439,0.,0.5));
#15441=DIRECTION('',(0.,1.,0.));
#15442=DIRECTION('',(0.866025403784439,0.,0.5));
#15443=DIRECTION('center_axis',(0.866025403784443,0.,0.499999999999993));
#15444=DIRECTION('ref_axis',(0.499999999999992,0.,-0.866025403784443));
#15445=DIRECTION('',(0.499999999999992,0.,-0.866025403784443));
#15446=DIRECTION('',(0.499999999999992,0.,-0.866025403784443));
#15447=DIRECTION('center_axis',(-0.822983865893651,0.,-0.568064746731163));
#15448=DIRECTION('ref_axis',(-0.568064746731163,0.,0.822983865893651));
#15449=DIRECTION('',(-0.568064746731163,0.,0.822983865893651));
#15450=DIRECTION('',(0.,1.,0.));
#15451=DIRECTION('',(-0.568064746731163,0.,0.822983865893651));
#15452=DIRECTION('center_axis',(-0.568064746731156,0.,0.822983865893656));
#15453=DIRECTION('ref_axis',(0.822983865893656,0.,0.568064746731156));
#15454=DIRECTION('',(0.822983865893656,0.,0.568064746731156));
#15455=DIRECTION('',(0.,1.,0.));
#15456=DIRECTION('',(0.822983865893656,0.,0.568064746731156));
#15457=DIRECTION('center_axis',(0.822983865893661,0.,0.568064746731149));
#15458=DIRECTION('ref_axis',(0.568064746731149,0.,-0.822983865893661));
#15459=DIRECTION('',(0.568064746731149,0.,-0.822983865893661));
#15460=DIRECTION('',(0.568064746731149,0.,-0.822983865893661));
#15461=DIRECTION('center_axis',(-0.774604961827649,0.,-0.632445375595384));
#15462=DIRECTION('ref_axis',(-0.632445375595384,0.,0.774604961827649));
#15463=DIRECTION('',(-0.632445375595384,0.,0.774604961827649));
#15464=DIRECTION('',(0.,1.,0.));
#15465=DIRECTION('',(-0.632445375595384,0.,0.774604961827649));
#15466=DIRECTION('center_axis',(-0.632445375595377,0.,0.774604961827655));
#15467=DIRECTION('ref_axis',(0.774604961827654,0.,0.632445375595377));
#15468=DIRECTION('',(0.774604961827654,0.,0.632445375595377));
#15469=DIRECTION('',(0.,1.,0.));
#15470=DIRECTION('',(0.774604961827654,0.,0.632445375595377));
#15471=DIRECTION('center_axis',(0.77460496182766,0.,0.632445375595371));
#15472=DIRECTION('ref_axis',(0.63244537559537,0.,-0.77460496182766));
#15473=DIRECTION('',(0.63244537559537,0.,-0.77460496182766));
#15474=DIRECTION('',(0.63244537559537,0.,-0.77460496182766));
#15475=DIRECTION('center_axis',(-0.721202447343808,0.,-0.692724353509606));
#15476=DIRECTION('ref_axis',(-0.692724353509606,0.,0.721202447343808));
#15477=DIRECTION('',(-0.692724353509606,0.,0.721202447343808));
#15478=DIRECTION('',(0.,1.,0.));
#15479=DIRECTION('',(-0.692724353509606,0.,0.721202447343808));
#15480=DIRECTION('center_axis',(-0.692724353509599,0.,0.721202447343814));
#15481=DIRECTION('ref_axis',(0.721202447343814,0.,0.692724353509599));
#15482=DIRECTION('',(0.721202447343814,0.,0.6927243535096));
#15483=DIRECTION('',(0.,1.,0.));
#15484=DIRECTION('',(0.721202447343814,0.,0.6927243535096));
#15485=DIRECTION('center_axis',(0.721202447343821,0.,0.692724353509593));
#15486=DIRECTION('ref_axis',(0.692724353509593,0.,-0.721202447343821));
#15487=DIRECTION('',(0.692724353509593,0.,-0.721202447343821));
#15488=DIRECTION('',(0.692724353509593,0.,-0.721202447343821));
#15489=DIRECTION('center_axis',(-0.663122658240789,0.,-0.748510748171107));
#15490=DIRECTION('ref_axis',(-0.748510748171107,0.,0.663122658240789));
#15491=DIRECTION('',(-0.748510748171107,0.,0.663122658240789));
#15492=DIRECTION('',(0.,1.,0.));
#15493=DIRECTION('',(-0.748510748171107,0.,0.663122658240789));
#15494=DIRECTION('center_axis',(-0.748510748171101,0.,0.663122658240795));
#15495=DIRECTION('ref_axis',(0.663122658240795,0.,0.748510748171101));
#15496=DIRECTION('',(0.663122658240795,0.,0.748510748171101));
#15497=DIRECTION('',(0.,1.,0.));
#15498=DIRECTION('',(0.663122658240795,0.,0.748510748171101));
#15499=DIRECTION('center_axis',(0.663122658240802,0.,0.748510748171095));
#15500=DIRECTION('ref_axis',(0.748510748171095,0.,-0.663122658240802));
#15501=DIRECTION('',(0.748510748171095,0.,-0.663122658240802));
#15502=DIRECTION('',(0.748510748171095,0.,-0.663122658240802));
#15503=DIRECTION('center_axis',(-0.600742264237972,0.,-0.799442763403507));
#15504=DIRECTION('ref_axis',(-0.799442763403507,0.,0.600742264237972));
#15505=DIRECTION('',(-0.799442763403507,0.,0.600742264237972));
#15506=DIRECTION('',(0.,1.,0.));
#15507=DIRECTION('',(-0.799442763403507,0.,0.600742264237972));
#15508=DIRECTION('center_axis',(-0.799442763403501,0.,0.600742264237979));
#15509=DIRECTION('ref_axis',(0.600742264237979,0.,0.799442763403501));
#15510=DIRECTION('',(0.600742264237979,0.,0.799442763403501));
#15511=DIRECTION('',(0.,1.,0.));
#15512=DIRECTION('',(0.600742264237979,0.,0.799442763403501));
#15513=DIRECTION('center_axis',(0.600742264237986,0.,0.799442763403496));
#15514=DIRECTION('ref_axis',(0.799442763403496,0.,-0.600742264237986));
#15515=DIRECTION('',(0.799442763403496,0.,-0.600742264237986));
#15516=DIRECTION('',(0.799442763403496,0.,-0.600742264237986));
#15517=DIRECTION('center_axis',(-0.534465826127794,0.,-0.8451900855438));
#15518=DIRECTION('ref_axis',(-0.845190085543799,0.,0.534465826127793));
#15519=DIRECTION('',(-0.8451900855438,0.,0.534465826127793));
#15520=DIRECTION('',(0.,1.,0.));
#15521=DIRECTION('',(-0.8451900855438,0.,0.534465826127793));
#15522=DIRECTION('center_axis',(-0.845190085543795,0.,0.534465826127801));
#15523=DIRECTION('ref_axis',(0.534465826127801,0.,0.845190085543795));
#15524=DIRECTION('',(0.534465826127801,0.,0.845190085543795));
#15525=DIRECTION('',(0.,1.,0.));
#15526=DIRECTION('',(0.534465826127801,0.,0.845190085543795));
#15527=DIRECTION('center_axis',(0.534465826127808,0.,0.84519008554379));
#15528=DIRECTION('ref_axis',(0.84519008554379,0.,-0.534465826127808));
#15529=DIRECTION('',(0.84519008554379,0.,-0.534465826127808));
#15530=DIRECTION('',(0.84519008554379,0.,-0.534465826127808));
#15531=DIRECTION('center_axis',(-0.464723172043761,0.,-0.885456025653214));
#15532=DIRECTION('ref_axis',(-0.885456025653214,0.,0.464723172043761));
#15533=DIRECTION('',(-0.885456025653214,0.,0.464723172043761));
#15534=DIRECTION('',(0.,1.,0.));
#15535=DIRECTION('',(-0.885456025653214,0.,0.464723172043761));
#15536=DIRECTION('center_axis',(-0.88545602565321,0.,0.464723172043769));
#15537=DIRECTION('ref_axis',(0.464723172043769,0.,0.88545602565321));
#15538=DIRECTION('',(0.464723172043769,0.,0.88545602565321));
#15539=DIRECTION('',(0.,1.,0.));
#15540=DIRECTION('',(0.464723172043769,0.,0.88545602565321));
#15541=DIRECTION('center_axis',(0.464723172043776,0.,0.885456025653206));
#15542=DIRECTION('ref_axis',(0.885456025653206,0.,-0.464723172043776));
#15543=DIRECTION('',(0.885456025653206,0.,-0.464723172043776));
#15544=DIRECTION('',(0.885456025653206,0.,-0.464723172043776));
#15545=DIRECTION('center_axis',(-0.391966609860067,0.,-0.919979443658828));
#15546=DIRECTION('ref_axis',(-0.919979443658828,0.,0.391966609860067));
#15547=DIRECTION('',(-0.919979443658828,0.,0.391966609860067));
#15548=DIRECTION('',(0.,1.,0.));
#15549=DIRECTION('',(-0.919979443658828,0.,0.391966609860067));
#15550=DIRECTION('center_axis',(-0.919979443658824,0.,0.391966609860075));
#15551=DIRECTION('ref_axis',(0.391966609860075,0.,0.919979443658824));
#15552=DIRECTION('',(0.391966609860075,0.,0.919979443658824));
#15553=DIRECTION('',(0.,1.,0.));
#15554=DIRECTION('',(0.391966609860075,0.,0.919979443658824));
#15555=DIRECTION('center_axis',(0.391966609860083,0.,0.919979443658821));
#15556=DIRECTION('ref_axis',(0.919979443658821,0.,-0.391966609860083));
#15557=DIRECTION('',(0.919979443658821,0.,-0.391966609860083));
#15558=DIRECTION('',(0.919979443658821,0.,-0.391966609860083));
#15559=DIRECTION('center_axis',(-0.316667993801464,0.,-0.948536441947148));
#15560=DIRECTION('ref_axis',(-0.948536441947148,0.,0.316667993801464));
#15561=DIRECTION('',(-0.948536441947148,0.,0.316667993801464));
#15562=DIRECTION('',(0.,1.,0.));
#15563=DIRECTION('',(-0.948536441947148,0.,0.316667993801464));
#15564=DIRECTION('center_axis',(-0.948536441947146,0.,0.316667993801472));
#15565=DIRECTION('ref_axis',(0.316667993801472,0.,0.948536441947146));
#15566=DIRECTION('',(0.316667993801472,0.,0.948536441947146));
#15567=DIRECTION('',(0.,1.,0.));
#15568=DIRECTION('',(0.316667993801472,0.,0.948536441947146));
#15569=DIRECTION('center_axis',(0.316667993801481,0.,0.948536441947143));
#15570=DIRECTION('ref_axis',(0.948536441947143,0.,-0.316667993801481));
#15571=DIRECTION('',(0.948536441947143,0.,-0.316667993801481));
#15572=DIRECTION('',(0.948536441947143,0.,-0.316667993801481));
#15573=DIRECTION('center_axis',(-0.239315664287549,0.,-0.970941817426054));
#15574=DIRECTION('ref_axis',(-0.970941817426054,0.,0.239315664287549));
#15575=DIRECTION('',(-0.970941817426054,0.,0.239315664287549));
#15576=DIRECTION('',(0.,1.,0.));
#15577=DIRECTION('',(-0.970941817426054,0.,0.239315664287549));
#15578=DIRECTION('center_axis',(-0.970941817426052,0.,0.239315664287558));
#15579=DIRECTION('ref_axis',(0.239315664287558,0.,0.970941817426052));
#15580=DIRECTION('',(0.239315664287558,0.,0.970941817426052));
#15581=DIRECTION('',(0.,1.,0.));
#15582=DIRECTION('',(0.239315664287558,0.,0.970941817426052));
#15583=DIRECTION('center_axis',(0.239315664287566,0.,0.97094181742605));
#15584=DIRECTION('ref_axis',(0.97094181742605,0.,-0.239315664287566));
#15585=DIRECTION('',(0.97094181742605,0.,-0.239315664287566));
#15586=DIRECTION('',(0.97094181742605,0.,-0.239315664287566));
#15587=DIRECTION('center_axis',(-0.160411280857752,0.,-0.987050262637914));
#15588=DIRECTION('ref_axis',(-0.987050262637914,0.,0.160411280857751));
#15589=DIRECTION('',(-0.987050262637914,0.,0.160411280857751));
#15590=DIRECTION('',(0.,1.,0.));
#15591=DIRECTION('',(-0.987050262637914,0.,0.160411280857751));
#15592=DIRECTION('center_axis',(-0.987050262637913,0.,0.16041128085776));
#15593=DIRECTION('ref_axis',(0.16041128085776,0.,0.987050262637913));
#15594=DIRECTION('',(0.16041128085776,0.,0.987050262637913));
#15595=DIRECTION('',(0.,1.,0.));
#15596=DIRECTION('',(0.16041128085776,0.,0.987050262637913));
#15597=DIRECTION('center_axis',(0.160411280857769,0.,0.987050262637912));
#15598=DIRECTION('ref_axis',(0.987050262637911,0.,-0.160411280857769));
#15599=DIRECTION('',(0.987050262637911,0.,-0.160411280857769));
#15600=DIRECTION('',(0.987050262637911,0.,-0.160411280857769));
#15601=DIRECTION('center_axis',(-0.0804665687167171,0.,-0.996757308134211));
#15602=DIRECTION('ref_axis',(-0.996757308134211,0.,0.0804665687167171));
#15603=DIRECTION('',(-0.996757308134211,0.,0.0804665687167171));
#15604=DIRECTION('',(0.,1.,0.));
#15605=DIRECTION('',(-0.996757308134211,0.,0.0804665687167171));
#15606=DIRECTION('center_axis',(-0.99675730813421,0.,0.0804665687167259));
#15607=DIRECTION('ref_axis',(0.0804665687167259,0.,0.99675730813421));
#15608=DIRECTION('',(0.0804665687167259,0.,0.99675730813421));
#15609=DIRECTION('',(0.,1.,0.));
#15610=DIRECTION('',(0.0804665687167259,0.,0.99675730813421));
#15611=DIRECTION('center_axis',(0.0804665687167346,0.,0.996757308134209));
#15612=DIRECTION('ref_axis',(0.996757308134209,0.,-0.0804665687167346));
#15613=DIRECTION('',(0.996757308134209,0.,-0.0804665687167346));
#15614=DIRECTION('',(0.996757308134209,0.,-0.0804665687167346));
#15615=DIRECTION('center_axis',(-8.79383703109425E-15,0.,1.));
#15616=DIRECTION('ref_axis',(1.,0.,8.79383703109425E-15));
#15617=DIRECTION('',(1.,0.,8.79383703109425E-15));
#15618=DIRECTION('',(0.,1.,0.));
#15619=DIRECTION('',(1.,0.,8.79383703109425E-15));
#15620=DIRECTION('center_axis',(1.,0.,0.));
#15621=DIRECTION('ref_axis',(0.,0.,-1.));
#15622=DIRECTION('',(0.,0.,-1.));
#15623=DIRECTION('',(0.,1.,0.));
#15624=DIRECTION('',(0.,0.,-1.));
#15625=DIRECTION('center_axis',(-8.79383703109425E-15,0.,-1.));
#15626=DIRECTION('ref_axis',(-1.,0.,8.79383703109425E-15));
#15627=DIRECTION('',(-1.,0.,8.79383703109425E-15));
#15628=DIRECTION('',(-1.,0.,8.79383703109425E-15));
#15629=DIRECTION('center_axis',(-8.79383703109425E-15,0.,1.));
#15630=DIRECTION('ref_axis',(1.,0.,8.79383703109425E-15));
#15631=DIRECTION('',(1.,0.,8.79383703109425E-15));
#15632=DIRECTION('',(0.,1.,0.));
#15633=DIRECTION('',(1.,0.,8.79383703109425E-15));
#15634=DIRECTION('center_axis',(1.,0.,0.));
#15635=DIRECTION('ref_axis',(0.,0.,-1.));
#15636=DIRECTION('',(0.,0.,-1.));
#15637=DIRECTION('',(0.,1.,0.));
#15638=DIRECTION('',(0.,0.,-1.));
#15639=DIRECTION('center_axis',(-8.79383703109425E-15,0.,-1.));
#15640=DIRECTION('ref_axis',(-1.,0.,8.79383703109425E-15));
#15641=DIRECTION('',(-1.,0.,8.79383703109425E-15));
#15642=DIRECTION('',(-1.,0.,8.79383703109425E-15));
#15643=DIRECTION('center_axis',(-8.79383703109425E-15,0.,1.));
#15644=DIRECTION('ref_axis',(1.,0.,8.79383703109425E-15));
#15645=DIRECTION('',(1.,0.,8.79383703109425E-15));
#15646=DIRECTION('',(0.,1.,0.));
#15647=DIRECTION('',(1.,0.,8.79383703109425E-15));
#15648=DIRECTION('center_axis',(1.,0.,0.));
#15649=DIRECTION('ref_axis',(0.,0.,-1.));
#15650=DIRECTION('',(0.,0.,-1.));
#15651=DIRECTION('',(0.,1.,0.));
#15652=DIRECTION('',(0.,0.,-1.));
#15653=DIRECTION('center_axis',(-8.79383703109425E-15,0.,-1.));
#15654=DIRECTION('ref_axis',(-1.,0.,8.79383703109425E-15));
#15655=DIRECTION('',(-1.,0.,8.79383703109425E-15));
#15656=DIRECTION('',(-1.,0.,8.79383703109425E-15));
#15657=DIRECTION('center_axis',(-8.79383703109425E-15,0.,1.));
#15658=DIRECTION('ref_axis',(1.,0.,8.79383703109425E-15));
#15659=DIRECTION('',(1.,0.,8.79383703109425E-15));
#15660=DIRECTION('',(0.,1.,0.));
#15661=DIRECTION('',(1.,0.,8.79383703109425E-15));
#15662=DIRECTION('center_axis',(1.,0.,0.));
#15663=DIRECTION('ref_axis',(0.,0.,-1.));
#15664=DIRECTION('',(0.,0.,-1.));
#15665=DIRECTION('',(0.,1.,0.));
#15666=DIRECTION('',(0.,0.,-1.));
#15667=DIRECTION('center_axis',(-8.79383703109425E-15,0.,-1.));
#15668=DIRECTION('ref_axis',(-1.,0.,8.79383703109425E-15));
#15669=DIRECTION('',(-1.,0.,8.79383703109425E-15));
#15670=DIRECTION('',(-1.,0.,8.79383703109425E-15));
#15671=DIRECTION('center_axis',(-8.79383703109425E-15,0.,1.));
#15672=DIRECTION('ref_axis',(1.,0.,8.79383703109425E-15));
#15673=DIRECTION('',(1.,0.,8.79383703109425E-15));
#15674=DIRECTION('',(0.,1.,0.));
#15675=DIRECTION('',(1.,0.,8.79383703109425E-15));
#15676=DIRECTION('center_axis',(1.,0.,0.));
#15677=DIRECTION('ref_axis',(0.,0.,-1.));
#15678=DIRECTION('',(0.,0.,-1.));
#15679=DIRECTION('',(0.,1.,0.));
#15680=DIRECTION('',(0.,0.,-1.));
#15681=DIRECTION('center_axis',(-8.79383703109425E-15,0.,-1.));
#15682=DIRECTION('ref_axis',(-1.,0.,8.79383703109425E-15));
#15683=DIRECTION('',(-1.,0.,8.79383703109425E-15));
#15684=DIRECTION('',(-1.,0.,8.79383703109425E-15));
#15685=DIRECTION('center_axis',(-8.79383703109425E-15,0.,1.));
#15686=DIRECTION('ref_axis',(1.,0.,8.79383703109425E-15));
#15687=DIRECTION('',(1.,0.,8.79383703109425E-15));
#15688=DIRECTION('',(0.,1.,0.));
#15689=DIRECTION('',(1.,0.,8.79383703109425E-15));
#15690=DIRECTION('center_axis',(1.,0.,0.));
#15691=DIRECTION('ref_axis',(0.,0.,-1.));
#15692=DIRECTION('',(0.,0.,-1.));
#15693=DIRECTION('',(0.,1.,0.));
#15694=DIRECTION('',(0.,0.,-1.));
#15695=DIRECTION('center_axis',(-8.79383703109425E-15,0.,-1.));
#15696=DIRECTION('ref_axis',(-1.,0.,8.79383703109425E-15));
#15697=DIRECTION('',(-1.,0.,8.79383703109425E-15));
#15698=DIRECTION('',(-1.,0.,8.79383703109425E-15));
#15699=DIRECTION('center_axis',(-8.79383703109425E-15,0.,1.));
#15700=DIRECTION('ref_axis',(1.,0.,8.79383703109425E-15));
#15701=DIRECTION('',(1.,0.,8.79383703109425E-15));
#15702=DIRECTION('',(0.,1.,0.));
#15703=DIRECTION('',(1.,0.,8.79383703109425E-15));
#15704=DIRECTION('center_axis',(1.,0.,0.));
#15705=DIRECTION('ref_axis',(0.,0.,-1.));
#15706=DIRECTION('',(0.,0.,-1.));
#15707=DIRECTION('',(0.,1.,0.));
#15708=DIRECTION('',(0.,0.,-1.));
#15709=DIRECTION('center_axis',(-8.79383703109425E-15,0.,-1.));
#15710=DIRECTION('ref_axis',(-1.,0.,8.79383703109425E-15));
#15711=DIRECTION('',(-1.,0.,8.79383703109425E-15));
#15712=DIRECTION('',(-1.,0.,8.79383703109425E-15));
#15713=DIRECTION('center_axis',(-8.79383703109425E-15,0.,1.));
#15714=DIRECTION('ref_axis',(1.,0.,8.79383703109425E-15));
#15715=DIRECTION('',(1.,0.,8.79383703109425E-15));
#15716=DIRECTION('',(0.,1.,0.));
#15717=DIRECTION('',(1.,0.,8.79383703109425E-15));
#15718=DIRECTION('center_axis',(1.,0.,0.));
#15719=DIRECTION('ref_axis',(0.,0.,-1.));
#15720=DIRECTION('',(0.,0.,-1.));
#15721=DIRECTION('',(0.,1.,0.));
#15722=DIRECTION('',(0.,0.,-1.));
#15723=DIRECTION('center_axis',(-8.79383703109425E-15,0.,-1.));
#15724=DIRECTION('ref_axis',(-1.,0.,8.79383703109425E-15));
#15725=DIRECTION('',(-1.,0.,8.79383703109425E-15));
#15726=DIRECTION('',(-1.,0.,8.79383703109425E-15));
#15727=DIRECTION('center_axis',(-8.79383703109425E-15,0.,1.));
#15728=DIRECTION('ref_axis',(1.,0.,8.79383703109425E-15));
#15729=DIRECTION('',(1.,0.,8.79383703109425E-15));
#15730=DIRECTION('',(0.,1.,0.));
#15731=DIRECTION('',(1.,0.,8.79383703109425E-15));
#15732=DIRECTION('center_axis',(1.,0.,0.));
#15733=DIRECTION('ref_axis',(0.,0.,-1.));
#15734=DIRECTION('',(0.,0.,-1.));
#15735=DIRECTION('',(0.,1.,0.));
#15736=DIRECTION('',(0.,0.,-1.));
#15737=DIRECTION('center_axis',(-8.79383703109425E-15,0.,-1.));
#15738=DIRECTION('ref_axis',(-1.,0.,8.79383703109425E-15));
#15739=DIRECTION('',(-1.,0.,8.79383703109425E-15));
#15740=DIRECTION('',(-1.,0.,8.79383703109425E-15));
#15741=DIRECTION('center_axis',(-8.79383703109425E-15,0.,1.));
#15742=DIRECTION('ref_axis',(1.,0.,8.79383703109425E-15));
#15743=DIRECTION('',(1.,0.,8.79383703109425E-15));
#15744=DIRECTION('',(0.,1.,0.));
#15745=DIRECTION('',(1.,0.,8.79383703109425E-15));
#15746=DIRECTION('center_axis',(1.,0.,0.));
#15747=DIRECTION('ref_axis',(0.,0.,-1.));
#15748=DIRECTION('',(0.,0.,-1.));
#15749=DIRECTION('',(0.,1.,0.));
#15750=DIRECTION('',(0.,0.,-1.));
#15751=DIRECTION('center_axis',(-8.79383703109425E-15,0.,-1.));
#15752=DIRECTION('ref_axis',(-1.,0.,8.79383703109425E-15));
#15753=DIRECTION('',(-1.,0.,8.79383703109425E-15));
#15754=DIRECTION('',(-1.,0.,8.79383703109425E-15));
#15755=DIRECTION('center_axis',(-8.79383703109425E-15,0.,1.));
#15756=DIRECTION('ref_axis',(1.,0.,8.79383703109425E-15));
#15757=DIRECTION('',(1.,0.,8.79383703109425E-15));
#15758=DIRECTION('',(0.,1.,0.));
#15759=DIRECTION('',(1.,0.,8.79383703109425E-15));
#15760=DIRECTION('center_axis',(1.,0.,0.));
#15761=DIRECTION('ref_axis',(0.,0.,-1.));
#15762=DIRECTION('',(0.,0.,-1.));
#15763=DIRECTION('',(0.,1.,0.));
#15764=DIRECTION('',(0.,0.,-1.));
#15765=DIRECTION('center_axis',(-8.79383703109425E-15,0.,-1.));
#15766=DIRECTION('ref_axis',(-1.,0.,8.79383703109425E-15));
#15767=DIRECTION('',(-1.,0.,8.79383703109425E-15));
#15768=DIRECTION('',(-1.,0.,8.79383703109425E-15));
#15769=DIRECTION('center_axis',(-8.79383703109425E-15,0.,1.));
#15770=DIRECTION('ref_axis',(1.,0.,8.79383703109425E-15));
#15771=DIRECTION('',(1.,0.,8.79383703109425E-15));
#15772=DIRECTION('',(0.,1.,0.));
#15773=DIRECTION('',(1.,0.,8.79383703109425E-15));
#15774=DIRECTION('center_axis',(1.,0.,0.));
#15775=DIRECTION('ref_axis',(0.,0.,-1.));
#15776=DIRECTION('',(0.,0.,-1.));
#15777=DIRECTION('',(0.,1.,0.));
#15778=DIRECTION('',(0.,0.,-1.));
#15779=DIRECTION('center_axis',(-8.79383703109425E-15,0.,-1.));
#15780=DIRECTION('ref_axis',(-1.,0.,8.79383703109425E-15));
#15781=DIRECTION('',(-1.,0.,8.79383703109425E-15));
#15782=DIRECTION('',(-1.,0.,8.79383703109425E-15));
#15783=DIRECTION('center_axis',(-8.79383703109425E-15,0.,1.));
#15784=DIRECTION('ref_axis',(1.,0.,8.79383703109425E-15));
#15785=DIRECTION('',(1.,0.,8.79383703109425E-15));
#15786=DIRECTION('',(0.,1.,0.));
#15787=DIRECTION('',(1.,0.,8.79383703109425E-15));
#15788=DIRECTION('center_axis',(1.,0.,0.));
#15789=DIRECTION('ref_axis',(0.,0.,-1.));
#15790=DIRECTION('',(0.,0.,-1.));
#15791=DIRECTION('',(0.,1.,0.));
#15792=DIRECTION('',(0.,0.,-1.));
#15793=DIRECTION('center_axis',(-8.79383703109425E-15,0.,-1.));
#15794=DIRECTION('ref_axis',(-1.,0.,8.79383703109425E-15));
#15795=DIRECTION('',(-1.,0.,8.79383703109425E-15));
#15796=DIRECTION('',(-1.,0.,8.79383703109425E-15));
#15797=DIRECTION('center_axis',(-8.79383703109425E-15,0.,1.));
#15798=DIRECTION('ref_axis',(1.,0.,8.79383703109425E-15));
#15799=DIRECTION('',(1.,0.,8.79383703109425E-15));
#15800=DIRECTION('',(0.,1.,0.));
#15801=DIRECTION('',(1.,0.,8.79383703109425E-15));
#15802=DIRECTION('center_axis',(1.,0.,0.));
#15803=DIRECTION('ref_axis',(0.,0.,-1.));
#15804=DIRECTION('',(0.,0.,-1.));
#15805=DIRECTION('',(0.,1.,0.));
#15806=DIRECTION('',(0.,0.,-1.));
#15807=DIRECTION('center_axis',(-8.79383703109425E-15,0.,-1.));
#15808=DIRECTION('ref_axis',(-1.,0.,8.79383703109425E-15));
#15809=DIRECTION('',(-1.,0.,8.79383703109425E-15));
#15810=DIRECTION('',(-1.,0.,8.79383703109425E-15));
#15811=DIRECTION('center_axis',(-8.79383703109425E-15,0.,1.));
#15812=DIRECTION('ref_axis',(1.,0.,8.79383703109425E-15));
#15813=DIRECTION('',(1.,0.,8.79383703109425E-15));
#15814=DIRECTION('',(0.,1.,0.));
#15815=DIRECTION('',(1.,0.,8.79383703109425E-15));
#15816=DIRECTION('center_axis',(1.,0.,0.));
#15817=DIRECTION('ref_axis',(0.,0.,-1.));
#15818=DIRECTION('',(0.,0.,-1.));
#15819=DIRECTION('',(0.,1.,0.));
#15820=DIRECTION('',(0.,0.,-1.));
#15821=DIRECTION('center_axis',(-8.79383703109425E-15,0.,-1.));
#15822=DIRECTION('ref_axis',(-1.,0.,8.79383703109425E-15));
#15823=DIRECTION('',(-1.,0.,8.79383703109425E-15));
#15824=DIRECTION('',(-1.,0.,8.79383703109425E-15));
#15825=DIRECTION('center_axis',(-8.79383703109425E-15,0.,1.));
#15826=DIRECTION('ref_axis',(1.,0.,8.79383703109425E-15));
#15827=DIRECTION('',(1.,0.,8.79383703109425E-15));
#15828=DIRECTION('',(0.,1.,0.));
#15829=DIRECTION('',(1.,0.,8.79383703109425E-15));
#15830=DIRECTION('center_axis',(1.,0.,0.));
#15831=DIRECTION('ref_axis',(0.,0.,-1.));
#15832=DIRECTION('',(0.,0.,-1.));
#15833=DIRECTION('',(0.,1.,0.));
#15834=DIRECTION('',(0.,0.,-1.));
#15835=DIRECTION('center_axis',(-8.79383703109425E-15,0.,-1.));
#15836=DIRECTION('ref_axis',(-1.,0.,8.79383703109425E-15));
#15837=DIRECTION('',(-1.,0.,8.79383703109425E-15));
#15838=DIRECTION('',(-1.,0.,8.79383703109425E-15));
#15839=DIRECTION('center_axis',(-8.79383703109425E-15,0.,1.));
#15840=DIRECTION('ref_axis',(1.,0.,8.79383703109425E-15));
#15841=DIRECTION('',(1.,0.,8.79383703109425E-15));
#15842=DIRECTION('',(0.,1.,0.));
#15843=DIRECTION('',(1.,0.,8.79383703109425E-15));
#15844=DIRECTION('center_axis',(1.,0.,0.));
#15845=DIRECTION('ref_axis',(0.,0.,-1.));
#15846=DIRECTION('',(0.,0.,-1.));
#15847=DIRECTION('',(0.,1.,0.));
#15848=DIRECTION('',(0.,0.,-1.));
#15849=DIRECTION('center_axis',(-8.79383703109425E-15,0.,-1.));
#15850=DIRECTION('ref_axis',(-1.,0.,8.79383703109425E-15));
#15851=DIRECTION('',(-1.,0.,8.79383703109425E-15));
#15852=DIRECTION('',(-1.,0.,8.79383703109425E-15));
#15853=DIRECTION('center_axis',(-8.79383703109425E-15,0.,1.));
#15854=DIRECTION('ref_axis',(1.,0.,8.79383703109425E-15));
#15855=DIRECTION('',(1.,0.,8.79383703109425E-15));
#15856=DIRECTION('',(0.,1.,0.));
#15857=DIRECTION('',(1.,0.,8.79383703109425E-15));
#15858=DIRECTION('center_axis',(1.,0.,0.));
#15859=DIRECTION('ref_axis',(0.,0.,-1.));
#15860=DIRECTION('',(0.,0.,-1.));
#15861=DIRECTION('',(0.,1.,0.));
#15862=DIRECTION('',(0.,0.,-1.));
#15863=DIRECTION('center_axis',(-8.79383703109425E-15,0.,-1.));
#15864=DIRECTION('ref_axis',(-1.,0.,8.79383703109425E-15));
#15865=DIRECTION('',(-1.,0.,8.79383703109425E-15));
#15866=DIRECTION('',(-1.,0.,8.79383703109425E-15));
#15867=DIRECTION('center_axis',(-8.79383703109425E-15,0.,1.));
#15868=DIRECTION('ref_axis',(1.,0.,8.79383703109425E-15));
#15869=DIRECTION('',(1.,0.,8.79383703109425E-15));
#15870=DIRECTION('',(0.,1.,0.));
#15871=DIRECTION('',(1.,0.,8.79383703109425E-15));
#15872=DIRECTION('center_axis',(-8.79383703109425E-15,0.,-1.));
#15873=DIRECTION('ref_axis',(-1.,0.,8.79383703109425E-15));
#15874=DIRECTION('',(-1.,0.,8.79383703109425E-15));
#15875=DIRECTION('',(0.,1.,0.));
#15876=DIRECTION('',(-1.,0.,8.79383703109425E-15));
#15877=DIRECTION('center_axis',(1.,0.,0.));
#15878=DIRECTION('ref_axis',(0.,0.,-1.));
#15879=DIRECTION('',(0.,0.,-1.));
#15880=DIRECTION('',(0.,0.,-1.));
#15881=DIRECTION('center_axis',(-8.79383703109425E-15,0.,1.));
#15882=DIRECTION('ref_axis',(1.,0.,8.79383703109425E-15));
#15883=DIRECTION('',(1.,0.,8.79383703109425E-15));
#15884=DIRECTION('',(0.,1.,0.));
#15885=DIRECTION('',(1.,0.,8.79383703109425E-15));
#15886=DIRECTION('center_axis',(-8.79383703109425E-15,0.,-1.));
#15887=DIRECTION('ref_axis',(-1.,0.,8.79383703109425E-15));
#15888=DIRECTION('',(-1.,0.,8.79383703109425E-15));
#15889=DIRECTION('',(0.,1.,0.));
#15890=DIRECTION('',(-1.,0.,8.79383703109425E-15));
#15891=DIRECTION('center_axis',(1.,0.,0.));
#15892=DIRECTION('ref_axis',(0.,0.,-1.));
#15893=DIRECTION('',(0.,0.,-1.));
#15894=DIRECTION('',(0.,0.,-1.));
#15895=DIRECTION('center_axis',(-8.79383703109425E-15,0.,1.));
#15896=DIRECTION('ref_axis',(1.,0.,8.79383703109425E-15));
#15897=DIRECTION('',(1.,0.,8.79383703109425E-15));
#15898=DIRECTION('',(0.,1.,0.));
#15899=DIRECTION('',(1.,0.,8.79383703109425E-15));
#15900=DIRECTION('center_axis',(-8.79383703109425E-15,0.,-1.));
#15901=DIRECTION('ref_axis',(-1.,0.,8.79383703109425E-15));
#15902=DIRECTION('',(-1.,0.,8.79383703109425E-15));
#15903=DIRECTION('',(0.,1.,0.));
#15904=DIRECTION('',(-1.,0.,8.79383703109425E-15));
#15905=DIRECTION('center_axis',(1.,0.,0.));
#15906=DIRECTION('ref_axis',(0.,0.,-1.));
#15907=DIRECTION('',(0.,0.,-1.));
#15908=DIRECTION('',(0.,0.,-1.));
#15909=DIRECTION('center_axis',(-8.79383703109425E-15,0.,1.));
#15910=DIRECTION('ref_axis',(1.,0.,8.79383703109425E-15));
#15911=DIRECTION('',(1.,0.,8.79383703109425E-15));
#15912=DIRECTION('',(0.,1.,0.));
#15913=DIRECTION('',(1.,0.,8.79383703109425E-15));
#15914=DIRECTION('center_axis',(-8.79383703109425E-15,0.,-1.));
#15915=DIRECTION('ref_axis',(-1.,0.,8.79383703109425E-15));
#15916=DIRECTION('',(-1.,0.,8.79383703109425E-15));
#15917=DIRECTION('',(0.,1.,0.));
#15918=DIRECTION('',(-1.,0.,8.79383703109425E-15));
#15919=DIRECTION('center_axis',(1.,0.,0.));
#15920=DIRECTION('ref_axis',(0.,0.,-1.));
#15921=DIRECTION('',(0.,0.,-1.));
#15922=DIRECTION('',(0.,0.,-1.));
#15923=DIRECTION('center_axis',(-8.79383703109425E-15,0.,1.));
#15924=DIRECTION('ref_axis',(1.,0.,8.79383703109425E-15));
#15925=DIRECTION('',(1.,0.,8.79383703109425E-15));
#15926=DIRECTION('',(0.,1.,0.));
#15927=DIRECTION('',(1.,0.,8.79383703109425E-15));
#15928=DIRECTION('center_axis',(-8.79383703109425E-15,0.,-1.));
#15929=DIRECTION('ref_axis',(-1.,0.,8.79383703109425E-15));
#15930=DIRECTION('',(-1.,0.,8.79383703109425E-15));
#15931=DIRECTION('',(0.,1.,0.));
#15932=DIRECTION('',(-1.,0.,8.79383703109425E-15));
#15933=DIRECTION('center_axis',(1.,0.,0.));
#15934=DIRECTION('ref_axis',(0.,0.,-1.));
#15935=DIRECTION('',(0.,0.,-1.));
#15936=DIRECTION('',(0.,0.,-1.));
#15937=DIRECTION('center_axis',(-8.79383703109425E-15,0.,1.));
#15938=DIRECTION('ref_axis',(1.,0.,8.79383703109425E-15));
#15939=DIRECTION('',(1.,0.,8.79383703109425E-15));
#15940=DIRECTION('',(0.,1.,0.));
#15941=DIRECTION('',(1.,0.,8.79383703109425E-15));
#15942=DIRECTION('center_axis',(-8.79383703109425E-15,0.,-1.));
#15943=DIRECTION('ref_axis',(-1.,0.,8.79383703109425E-15));
#15944=DIRECTION('',(-1.,0.,8.79383703109425E-15));
#15945=DIRECTION('',(0.,1.,0.));
#15946=DIRECTION('',(-1.,0.,8.79383703109425E-15));
#15947=DIRECTION('center_axis',(1.,0.,0.));
#15948=DIRECTION('ref_axis',(0.,0.,-1.));
#15949=DIRECTION('',(0.,0.,-1.));
#15950=DIRECTION('',(0.,0.,-1.));
#15951=DIRECTION('center_axis',(-8.79383703109425E-15,0.,1.));
#15952=DIRECTION('ref_axis',(1.,0.,8.79383703109425E-15));
#15953=DIRECTION('',(1.,0.,8.79383703109425E-15));
#15954=DIRECTION('',(0.,1.,0.));
#15955=DIRECTION('',(1.,0.,8.79383703109425E-15));
#15956=DIRECTION('center_axis',(-8.79383703109425E-15,0.,-1.));
#15957=DIRECTION('ref_axis',(-1.,0.,8.79383703109425E-15));
#15958=DIRECTION('',(-1.,0.,8.79383703109425E-15));
#15959=DIRECTION('',(0.,1.,0.));
#15960=DIRECTION('',(-1.,0.,8.79383703109425E-15));
#15961=DIRECTION('center_axis',(1.,0.,0.));
#15962=DIRECTION('ref_axis',(0.,0.,-1.));
#15963=DIRECTION('',(0.,0.,-1.));
#15964=DIRECTION('',(0.,0.,-1.));
#15965=DIRECTION('center_axis',(-8.79383703109425E-15,0.,1.));
#15966=DIRECTION('ref_axis',(1.,0.,8.79383703109425E-15));
#15967=DIRECTION('',(1.,0.,8.79383703109425E-15));
#15968=DIRECTION('',(0.,1.,0.));
#15969=DIRECTION('',(1.,0.,8.79383703109425E-15));
#15970=DIRECTION('center_axis',(-8.79383703109425E-15,0.,-1.));
#15971=DIRECTION('ref_axis',(-1.,0.,8.79383703109425E-15));
#15972=DIRECTION('',(-1.,0.,8.79383703109425E-15));
#15973=DIRECTION('',(0.,1.,0.));
#15974=DIRECTION('',(-1.,0.,8.79383703109425E-15));
#15975=DIRECTION('center_axis',(1.,0.,0.));
#15976=DIRECTION('ref_axis',(0.,0.,-1.));
#15977=DIRECTION('',(0.,0.,-1.));
#15978=DIRECTION('',(0.,0.,-1.));
#15979=DIRECTION('center_axis',(-8.79383703109425E-15,0.,1.));
#15980=DIRECTION('ref_axis',(1.,0.,8.79383703109425E-15));
#15981=DIRECTION('',(1.,0.,8.79383703109425E-15));
#15982=DIRECTION('',(0.,1.,0.));
#15983=DIRECTION('',(1.,0.,8.79383703109425E-15));
#15984=DIRECTION('center_axis',(-8.79383703109425E-15,0.,-1.));
#15985=DIRECTION('ref_axis',(-1.,0.,8.79383703109425E-15));
#15986=DIRECTION('',(-1.,0.,8.79383703109425E-15));
#15987=DIRECTION('',(0.,1.,0.));
#15988=DIRECTION('',(-1.,0.,8.79383703109425E-15));
#15989=DIRECTION('center_axis',(1.,0.,0.));
#15990=DIRECTION('ref_axis',(0.,0.,-1.));
#15991=DIRECTION('',(0.,0.,-1.));
#15992=DIRECTION('',(0.,0.,-1.));
#15993=DIRECTION('center_axis',(-8.79383703109425E-15,0.,1.));
#15994=DIRECTION('ref_axis',(1.,0.,8.79383703109425E-15));
#15995=DIRECTION('',(1.,0.,8.79383703109425E-15));
#15996=DIRECTION('',(0.,1.,0.));
#15997=DIRECTION('',(1.,0.,8.79383703109425E-15));
#15998=DIRECTION('center_axis',(-8.79383703109425E-15,0.,-1.));
#15999=DIRECTION('ref_axis',(-1.,0.,8.79383703109425E-15));
#16000=DIRECTION('',(-1.,0.,8.79383703109425E-15));
#16001=DIRECTION('',(0.,1.,0.));
#16002=DIRECTION('',(-1.,0.,8.79383703109425E-15));
#16003=DIRECTION('center_axis',(1.,0.,0.));
#16004=DIRECTION('ref_axis',(0.,0.,-1.));
#16005=DIRECTION('',(0.,0.,-1.));
#16006=DIRECTION('',(0.,0.,-1.));
#16007=DIRECTION('center_axis',(-8.79383703109425E-15,0.,1.));
#16008=DIRECTION('ref_axis',(1.,0.,8.79383703109425E-15));
#16009=DIRECTION('',(1.,0.,8.79383703109425E-15));
#16010=DIRECTION('',(0.,1.,0.));
#16011=DIRECTION('',(1.,0.,8.79383703109425E-15));
#16012=DIRECTION('center_axis',(-8.79383703109425E-15,0.,-1.));
#16013=DIRECTION('ref_axis',(-1.,0.,8.79383703109425E-15));
#16014=DIRECTION('',(-1.,0.,8.79383703109425E-15));
#16015=DIRECTION('',(0.,1.,0.));
#16016=DIRECTION('',(-1.,0.,8.79383703109425E-15));
#16017=DIRECTION('center_axis',(1.,0.,0.));
#16018=DIRECTION('ref_axis',(0.,0.,-1.));
#16019=DIRECTION('',(0.,0.,-1.));
#16020=DIRECTION('',(0.,0.,-1.));
#16021=DIRECTION('center_axis',(-8.79383703109425E-15,0.,1.));
#16022=DIRECTION('ref_axis',(1.,0.,8.79383703109425E-15));
#16023=DIRECTION('',(1.,0.,8.79383703109425E-15));
#16024=DIRECTION('',(0.,1.,0.));
#16025=DIRECTION('',(1.,0.,8.79383703109425E-15));
#16026=DIRECTION('center_axis',(-8.79383703109425E-15,0.,-1.));
#16027=DIRECTION('ref_axis',(-1.,0.,8.79383703109425E-15));
#16028=DIRECTION('',(-1.,0.,8.79383703109425E-15));
#16029=DIRECTION('',(0.,1.,0.));
#16030=DIRECTION('',(-1.,0.,8.79383703109425E-15));
#16031=DIRECTION('center_axis',(1.,0.,0.));
#16032=DIRECTION('ref_axis',(0.,0.,-1.));
#16033=DIRECTION('',(0.,0.,-1.));
#16034=DIRECTION('',(0.,0.,-1.));
#16035=DIRECTION('center_axis',(-8.79383703109425E-15,0.,1.));
#16036=DIRECTION('ref_axis',(1.,0.,8.79383703109425E-15));
#16037=DIRECTION('',(1.,0.,8.79383703109425E-15));
#16038=DIRECTION('',(0.,1.,0.));
#16039=DIRECTION('',(1.,0.,8.79383703109425E-15));
#16040=DIRECTION('center_axis',(-8.79383703109425E-15,0.,-1.));
#16041=DIRECTION('ref_axis',(-1.,0.,8.79383703109425E-15));
#16042=DIRECTION('',(-1.,0.,8.79383703109425E-15));
#16043=DIRECTION('',(0.,1.,0.));
#16044=DIRECTION('',(-1.,0.,8.79383703109425E-15));
#16045=DIRECTION('center_axis',(1.,0.,0.));
#16046=DIRECTION('ref_axis',(0.,0.,-1.));
#16047=DIRECTION('',(0.,0.,-1.));
#16048=DIRECTION('',(0.,0.,-1.));
#16049=DIRECTION('center_axis',(-8.79383703109425E-15,0.,1.));
#16050=DIRECTION('ref_axis',(1.,0.,8.79383703109425E-15));
#16051=DIRECTION('',(1.,0.,8.79383703109425E-15));
#16052=DIRECTION('',(0.,1.,0.));
#16053=DIRECTION('',(1.,0.,8.79383703109425E-15));
#16054=DIRECTION('center_axis',(-8.79383703109425E-15,0.,-1.));
#16055=DIRECTION('ref_axis',(-1.,0.,8.79383703109425E-15));
#16056=DIRECTION('',(-1.,0.,8.79383703109425E-15));
#16057=DIRECTION('',(0.,1.,0.));
#16058=DIRECTION('',(-1.,0.,8.79383703109425E-15));
#16059=DIRECTION('center_axis',(1.,0.,0.));
#16060=DIRECTION('ref_axis',(0.,0.,-1.));
#16061=DIRECTION('',(0.,0.,-1.));
#16062=DIRECTION('',(0.,0.,-1.));
#16063=DIRECTION('center_axis',(-8.79383703109425E-15,0.,1.));
#16064=DIRECTION('ref_axis',(1.,0.,8.79383703109425E-15));
#16065=DIRECTION('',(1.,0.,8.79383703109425E-15));
#16066=DIRECTION('',(0.,1.,0.));
#16067=DIRECTION('',(1.,0.,8.79383703109425E-15));
#16068=DIRECTION('center_axis',(-8.79383703109425E-15,0.,-1.));
#16069=DIRECTION('ref_axis',(-1.,0.,8.79383703109425E-15));
#16070=DIRECTION('',(-1.,0.,8.79383703109425E-15));
#16071=DIRECTION('',(0.,1.,0.));
#16072=DIRECTION('',(-1.,0.,8.79383703109425E-15));
#16073=DIRECTION('center_axis',(1.,0.,0.));
#16074=DIRECTION('ref_axis',(0.,0.,-1.));
#16075=DIRECTION('',(0.,0.,-1.));
#16076=DIRECTION('',(0.,0.,-1.));
#16077=DIRECTION('center_axis',(-8.79383703109425E-15,0.,1.));
#16078=DIRECTION('ref_axis',(1.,0.,8.79383703109425E-15));
#16079=DIRECTION('',(1.,0.,8.79383703109425E-15));
#16080=DIRECTION('',(0.,1.,0.));
#16081=DIRECTION('',(1.,0.,8.79383703109425E-15));
#16082=DIRECTION('center_axis',(-8.79383703109425E-15,0.,-1.));
#16083=DIRECTION('ref_axis',(-1.,0.,8.79383703109425E-15));
#16084=DIRECTION('',(-1.,0.,8.79383703109425E-15));
#16085=DIRECTION('',(0.,1.,0.));
#16086=DIRECTION('',(-1.,0.,8.79383703109425E-15));
#16087=DIRECTION('center_axis',(1.,0.,0.));
#16088=DIRECTION('ref_axis',(0.,0.,-1.));
#16089=DIRECTION('',(0.,0.,-1.));
#16090=DIRECTION('',(0.,0.,-1.));
#16091=DIRECTION('center_axis',(-8.79383703109425E-15,0.,1.));
#16092=DIRECTION('ref_axis',(1.,0.,8.79383703109425E-15));
#16093=DIRECTION('',(1.,0.,8.79383703109425E-15));
#16094=DIRECTION('',(0.,1.,0.));
#16095=DIRECTION('',(1.,0.,8.79383703109425E-15));
#16096=DIRECTION('center_axis',(-8.79383703109425E-15,0.,-1.));
#16097=DIRECTION('ref_axis',(-1.,0.,8.79383703109425E-15));
#16098=DIRECTION('',(-1.,0.,8.79383703109425E-15));
#16099=DIRECTION('',(0.,1.,0.));
#16100=DIRECTION('',(-1.,0.,8.79383703109425E-15));
#16101=DIRECTION('center_axis',(1.,0.,0.));
#16102=DIRECTION('ref_axis',(0.,0.,-1.));
#16103=DIRECTION('',(0.,0.,-1.));
#16104=DIRECTION('',(0.,0.,-1.));
#16105=DIRECTION('center_axis',(-8.79383703109425E-15,0.,1.));
#16106=DIRECTION('ref_axis',(1.,0.,8.79383703109425E-15));
#16107=DIRECTION('',(1.,0.,8.79383703109425E-15));
#16108=DIRECTION('',(0.,1.,0.));
#16109=DIRECTION('',(1.,0.,8.79383703109425E-15));
#16110=DIRECTION('center_axis',(-8.79383703109425E-15,0.,-1.));
#16111=DIRECTION('ref_axis',(-1.,0.,8.79383703109425E-15));
#16112=DIRECTION('',(-1.,0.,8.79383703109425E-15));
#16113=DIRECTION('',(0.,1.,0.));
#16114=DIRECTION('',(-1.,0.,8.79383703109425E-15));
#16115=DIRECTION('center_axis',(1.,0.,0.));
#16116=DIRECTION('ref_axis',(0.,0.,-1.));
#16117=DIRECTION('',(0.,0.,-1.));
#16118=DIRECTION('',(0.,0.,-1.));
#16119=DIRECTION('center_axis',(-8.79383703109425E-15,0.,-1.));
#16120=DIRECTION('ref_axis',(-1.,0.,8.79383703109425E-15));
#16121=DIRECTION('',(-1.,0.,8.79383703109425E-15));
#16122=DIRECTION('',(0.,1.,0.));
#16123=DIRECTION('',(-1.,0.,8.79383703109425E-15));
#16124=DIRECTION('center_axis',(1.,0.,0.));
#16125=DIRECTION('ref_axis',(0.,0.,-1.));
#16126=DIRECTION('',(0.,0.,-1.));
#16127=DIRECTION('',(0.,0.,-1.));
#16128=DIRECTION('',(0.,1.,0.));
#16129=DIRECTION('center_axis',(-8.79383703109425E-15,0.,1.));
#16130=DIRECTION('ref_axis',(1.,0.,8.79383703109425E-15));
#16131=DIRECTION('',(1.,0.,8.79383703109425E-15));
#16132=DIRECTION('',(1.,0.,8.79383703109425E-15));
#16133=DIRECTION('center_axis',(0.0804665687167171,0.,-0.996757308134211));
#16134=DIRECTION('ref_axis',(-0.996757308134211,0.,-0.0804665687167171));
#16135=DIRECTION('',(-0.996757308134211,0.,-0.0804665687167171));
#16136=DIRECTION('',(-0.996757308134211,0.,-0.0804665687167171));
#16137=DIRECTION('',(0.,1.,0.));
#16138=DIRECTION('center_axis',(0.99675730813421,0.,0.0804665687167259));
#16139=DIRECTION('ref_axis',(0.0804665687167259,0.,-0.99675730813421));
#16140=DIRECTION('',(0.0804665687167259,0.,-0.99675730813421));
#16141=DIRECTION('',(0.0804665687167259,0.,-0.99675730813421));
#16142=DIRECTION('',(0.,1.,0.));
#16143=DIRECTION('center_axis',(-0.0804665687167346,0.,0.996757308134209));
#16144=DIRECTION('ref_axis',(0.996757308134209,0.,0.0804665687167346));
#16145=DIRECTION('',(0.996757308134209,0.,0.0804665687167346));
#16146=DIRECTION('',(0.996757308134209,0.,0.0804665687167346));
#16147=DIRECTION('center_axis',(0.160411280857752,0.,-0.987050262637914));
#16148=DIRECTION('ref_axis',(-0.987050262637914,0.,-0.160411280857751));
#16149=DIRECTION('',(-0.987050262637914,0.,-0.160411280857751));
#16150=DIRECTION('',(-0.987050262637914,0.,-0.160411280857751));
#16151=DIRECTION('',(0.,1.,0.));
#16152=DIRECTION('center_axis',(0.987050262637913,0.,0.16041128085776));
#16153=DIRECTION('ref_axis',(0.16041128085776,0.,-0.987050262637913));
#16154=DIRECTION('',(0.16041128085776,0.,-0.987050262637913));
#16155=DIRECTION('',(0.16041128085776,0.,-0.987050262637913));
#16156=DIRECTION('',(0.,1.,0.));
#16157=DIRECTION('center_axis',(-0.160411280857769,0.,0.987050262637912));
#16158=DIRECTION('ref_axis',(0.987050262637911,0.,0.160411280857769));
#16159=DIRECTION('',(0.987050262637911,0.,0.160411280857769));
#16160=DIRECTION('',(0.987050262637911,0.,0.160411280857769));
#16161=DIRECTION('center_axis',(0.239315664287549,0.,-0.970941817426054));
#16162=DIRECTION('ref_axis',(-0.970941817426054,0.,-0.239315664287549));
#16163=DIRECTION('',(-0.970941817426054,0.,-0.239315664287549));
#16164=DIRECTION('',(-0.970941817426054,0.,-0.239315664287549));
#16165=DIRECTION('',(0.,1.,0.));
#16166=DIRECTION('center_axis',(0.970941817426052,0.,0.239315664287558));
#16167=DIRECTION('ref_axis',(0.239315664287558,0.,-0.970941817426052));
#16168=DIRECTION('',(0.239315664287558,0.,-0.970941817426052));
#16169=DIRECTION('',(0.239315664287558,0.,-0.970941817426052));
#16170=DIRECTION('',(0.,1.,0.));
#16171=DIRECTION('center_axis',(-0.239315664287566,0.,0.97094181742605));
#16172=DIRECTION('ref_axis',(0.97094181742605,0.,0.239315664287566));
#16173=DIRECTION('',(0.97094181742605,0.,0.239315664287566));
#16174=DIRECTION('',(0.97094181742605,0.,0.239315664287566));
#16175=DIRECTION('center_axis',(0.316667993801464,0.,-0.948536441947148));
#16176=DIRECTION('ref_axis',(-0.948536441947148,0.,-0.316667993801464));
#16177=DIRECTION('',(-0.948536441947148,0.,-0.316667993801464));
#16178=DIRECTION('',(-0.948536441947148,0.,-0.316667993801464));
#16179=DIRECTION('',(0.,1.,0.));
#16180=DIRECTION('center_axis',(0.948536441947146,0.,0.316667993801472));
#16181=DIRECTION('ref_axis',(0.316667993801472,0.,-0.948536441947146));
#16182=DIRECTION('',(0.316667993801472,0.,-0.948536441947146));
#16183=DIRECTION('',(0.316667993801472,0.,-0.948536441947146));
#16184=DIRECTION('',(0.,1.,0.));
#16185=DIRECTION('center_axis',(-0.316667993801481,0.,0.948536441947143));
#16186=DIRECTION('ref_axis',(0.948536441947143,0.,0.316667993801481));
#16187=DIRECTION('',(0.948536441947143,0.,0.316667993801481));
#16188=DIRECTION('',(0.948536441947143,0.,0.316667993801481));
#16189=DIRECTION('center_axis',(0.391966609860067,0.,-0.919979443658828));
#16190=DIRECTION('ref_axis',(-0.919979443658828,0.,-0.391966609860067));
#16191=DIRECTION('',(-0.919979443658828,0.,-0.391966609860067));
#16192=DIRECTION('',(-0.919979443658828,0.,-0.391966609860067));
#16193=DIRECTION('',(0.,1.,0.));
#16194=DIRECTION('center_axis',(0.919979443658824,0.,0.391966609860075));
#16195=DIRECTION('ref_axis',(0.391966609860075,0.,-0.919979443658824));
#16196=DIRECTION('',(0.391966609860075,0.,-0.919979443658824));
#16197=DIRECTION('',(0.391966609860075,0.,-0.919979443658824));
#16198=DIRECTION('',(0.,1.,0.));
#16199=DIRECTION('center_axis',(-0.391966609860083,0.,0.919979443658821));
#16200=DIRECTION('ref_axis',(0.919979443658821,0.,0.391966609860083));
#16201=DIRECTION('',(0.919979443658821,0.,0.391966609860083));
#16202=DIRECTION('',(0.919979443658821,0.,0.391966609860083));
#16203=DIRECTION('center_axis',(0.464723172043761,0.,-0.885456025653214));
#16204=DIRECTION('ref_axis',(-0.885456025653214,0.,-0.464723172043761));
#16205=DIRECTION('',(-0.885456025653214,0.,-0.464723172043761));
#16206=DIRECTION('',(-0.885456025653214,0.,-0.464723172043761));
#16207=DIRECTION('',(0.,1.,0.));
#16208=DIRECTION('center_axis',(0.88545602565321,0.,0.464723172043769));
#16209=DIRECTION('ref_axis',(0.464723172043769,0.,-0.88545602565321));
#16210=DIRECTION('',(0.464723172043769,0.,-0.88545602565321));
#16211=DIRECTION('',(0.464723172043769,0.,-0.88545602565321));
#16212=DIRECTION('',(0.,1.,0.));
#16213=DIRECTION('center_axis',(-0.464723172043776,0.,0.885456025653206));
#16214=DIRECTION('ref_axis',(0.885456025653206,0.,0.464723172043776));
#16215=DIRECTION('',(0.885456025653206,0.,0.464723172043776));
#16216=DIRECTION('',(0.885456025653206,0.,0.464723172043776));
#16217=DIRECTION('center_axis',(0.534465826127794,0.,-0.8451900855438));
#16218=DIRECTION('ref_axis',(-0.845190085543799,0.,-0.534465826127793));
#16219=DIRECTION('',(-0.8451900855438,0.,-0.534465826127793));
#16220=DIRECTION('',(-0.8451900855438,0.,-0.534465826127793));
#16221=DIRECTION('',(0.,1.,0.));
#16222=DIRECTION('center_axis',(0.845190085543795,0.,0.534465826127801));
#16223=DIRECTION('ref_axis',(0.534465826127801,0.,-0.845190085543795));
#16224=DIRECTION('',(0.534465826127801,0.,-0.845190085543795));
#16225=DIRECTION('',(0.534465826127801,0.,-0.845190085543795));
#16226=DIRECTION('',(0.,1.,0.));
#16227=DIRECTION('center_axis',(-0.534465826127808,0.,0.84519008554379));
#16228=DIRECTION('ref_axis',(0.84519008554379,0.,0.534465826127808));
#16229=DIRECTION('',(0.84519008554379,0.,0.534465826127808));
#16230=DIRECTION('',(0.84519008554379,0.,0.534465826127808));
#16231=DIRECTION('center_axis',(0.600742264237972,0.,-0.799442763403507));
#16232=DIRECTION('ref_axis',(-0.799442763403507,0.,-0.600742264237972));
#16233=DIRECTION('',(-0.799442763403507,0.,-0.600742264237972));
#16234=DIRECTION('',(-0.799442763403507,0.,-0.600742264237972));
#16235=DIRECTION('',(0.,1.,0.));
#16236=DIRECTION('center_axis',(0.799442763403501,0.,0.600742264237979));
#16237=DIRECTION('ref_axis',(0.600742264237979,0.,-0.799442763403501));
#16238=DIRECTION('',(0.600742264237979,0.,-0.799442763403501));
#16239=DIRECTION('',(0.600742264237979,0.,-0.799442763403501));
#16240=DIRECTION('',(0.,1.,0.));
#16241=DIRECTION('center_axis',(-0.600742264237986,0.,0.799442763403496));
#16242=DIRECTION('ref_axis',(0.799442763403496,0.,0.600742264237986));
#16243=DIRECTION('',(0.799442763403496,0.,0.600742264237986));
#16244=DIRECTION('',(0.799442763403496,0.,0.600742264237986));
#16245=DIRECTION('center_axis',(0.663122658240789,0.,-0.748510748171107));
#16246=DIRECTION('ref_axis',(-0.748510748171107,0.,-0.663122658240789));
#16247=DIRECTION('',(-0.748510748171107,0.,-0.663122658240789));
#16248=DIRECTION('',(-0.748510748171107,0.,-0.663122658240789));
#16249=DIRECTION('',(0.,1.,0.));
#16250=DIRECTION('center_axis',(0.748510748171101,0.,0.663122658240795));
#16251=DIRECTION('ref_axis',(0.663122658240795,0.,-0.748510748171101));
#16252=DIRECTION('',(0.663122658240795,0.,-0.748510748171101));
#16253=DIRECTION('',(0.663122658240795,0.,-0.748510748171101));
#16254=DIRECTION('',(0.,1.,0.));
#16255=DIRECTION('center_axis',(-0.663122658240802,0.,0.748510748171095));
#16256=DIRECTION('ref_axis',(0.748510748171095,0.,0.663122658240802));
#16257=DIRECTION('',(0.748510748171095,0.,0.663122658240802));
#16258=DIRECTION('',(0.748510748171095,0.,0.663122658240802));
#16259=DIRECTION('center_axis',(0.721202447343808,0.,-0.692724353509606));
#16260=DIRECTION('ref_axis',(-0.692724353509606,0.,-0.721202447343808));
#16261=DIRECTION('',(-0.692724353509606,0.,-0.721202447343808));
#16262=DIRECTION('',(-0.692724353509606,0.,-0.721202447343808));
#16263=DIRECTION('',(0.,1.,0.));
#16264=DIRECTION('center_axis',(0.692724353509599,0.,0.721202447343814));
#16265=DIRECTION('ref_axis',(0.721202447343814,0.,-0.692724353509599));
#16266=DIRECTION('',(0.721202447343814,0.,-0.6927243535096));
#16267=DIRECTION('',(0.721202447343814,0.,-0.6927243535096));
#16268=DIRECTION('',(0.,1.,0.));
#16269=DIRECTION('center_axis',(-0.721202447343821,0.,0.692724353509593));
#16270=DIRECTION('ref_axis',(0.692724353509593,0.,0.721202447343821));
#16271=DIRECTION('',(0.692724353509593,0.,0.721202447343821));
#16272=DIRECTION('',(0.692724353509593,0.,0.721202447343821));
#16273=DIRECTION('center_axis',(0.774604961827649,0.,-0.632445375595384));
#16274=DIRECTION('ref_axis',(-0.632445375595384,0.,-0.774604961827649));
#16275=DIRECTION('',(-0.632445375595384,0.,-0.774604961827649));
#16276=DIRECTION('',(-0.632445375595384,0.,-0.774604961827649));
#16277=DIRECTION('',(0.,1.,0.));
#16278=DIRECTION('center_axis',(0.632445375595377,0.,0.774604961827655));
#16279=DIRECTION('ref_axis',(0.774604961827654,0.,-0.632445375595377));
#16280=DIRECTION('',(0.774604961827654,0.,-0.632445375595377));
#16281=DIRECTION('',(0.774604961827654,0.,-0.632445375595377));
#16282=DIRECTION('',(0.,1.,0.));
#16283=DIRECTION('center_axis',(-0.77460496182766,0.,0.632445375595371));
#16284=DIRECTION('ref_axis',(0.63244537559537,0.,0.77460496182766));
#16285=DIRECTION('',(0.63244537559537,0.,0.77460496182766));
#16286=DIRECTION('',(0.63244537559537,0.,0.77460496182766));
#16287=DIRECTION('center_axis',(0.822983865893651,0.,-0.568064746731163));
#16288=DIRECTION('ref_axis',(-0.568064746731163,0.,-0.822983865893651));
#16289=DIRECTION('',(-0.568064746731163,0.,-0.822983865893651));
#16290=DIRECTION('',(-0.568064746731163,0.,-0.822983865893651));
#16291=DIRECTION('',(0.,1.,0.));
#16292=DIRECTION('center_axis',(0.568064746731156,0.,0.822983865893656));
#16293=DIRECTION('ref_axis',(0.822983865893656,0.,-0.568064746731156));
#16294=DIRECTION('',(0.822983865893656,0.,-0.568064746731156));
#16295=DIRECTION('',(0.822983865893656,0.,-0.568064746731156));
#16296=DIRECTION('',(0.,1.,0.));
#16297=DIRECTION('center_axis',(-0.822983865893661,0.,0.568064746731149));
#16298=DIRECTION('ref_axis',(0.568064746731149,0.,0.822983865893661));
#16299=DIRECTION('',(0.568064746731149,0.,0.822983865893661));
#16300=DIRECTION('',(0.568064746731149,0.,0.822983865893661));
#16301=DIRECTION('center_axis',(0.866025403784434,0.,-0.500000000000008));
#16302=DIRECTION('ref_axis',(-0.500000000000008,0.,-0.866025403784434));
#16303=DIRECTION('',(-0.500000000000008,0.,-0.866025403784434));
#16304=DIRECTION('',(-0.500000000000008,0.,-0.866025403784434));
#16305=DIRECTION('',(0.,1.,0.));
#16306=DIRECTION('center_axis',(0.5,0.,0.866025403784439));
#16307=DIRECTION('ref_axis',(0.866025403784439,0.,-0.5));
#16308=DIRECTION('',(0.866025403784439,0.,-0.5));
#16309=DIRECTION('',(0.866025403784439,0.,-0.5));
#16310=DIRECTION('',(0.,1.,0.));
#16311=DIRECTION('center_axis',(-0.866025403784443,0.,0.499999999999993));
#16312=DIRECTION('ref_axis',(0.499999999999992,0.,0.866025403784443));
#16313=DIRECTION('',(0.499999999999992,0.,0.866025403784443));
#16314=DIRECTION('',(0.499999999999992,0.,0.866025403784443));
#16315=DIRECTION('center_axis',(0.903450434610379,0.,-0.428692561403062));
#16316=DIRECTION('ref_axis',(-0.428692561403062,0.,-0.903450434610378));
#16317=DIRECTION('',(-0.428692561403062,0.,-0.903450434610378));
#16318=DIRECTION('',(-0.428692561403062,0.,-0.903450434610378));
#16319=DIRECTION('',(0.,1.,0.));
#16320=DIRECTION('center_axis',(0.428692561403054,0.,0.903450434610382));
#16321=DIRECTION('ref_axis',(0.903450434610382,0.,-0.428692561403054));
#16322=DIRECTION('',(0.903450434610382,0.,-0.428692561403054));
#16323=DIRECTION('',(0.903450434610382,0.,-0.428692561403054));
#16324=DIRECTION('',(0.,1.,0.));
#16325=DIRECTION('center_axis',(-0.903450434610386,0.,0.428692561403046));
#16326=DIRECTION('ref_axis',(0.428692561403046,0.,0.903450434610386));
#16327=DIRECTION('',(0.428692561403046,0.,0.903450434610386));
#16328=DIRECTION('',(0.428692561403046,0.,0.903450434610386));
#16329=DIRECTION('center_axis',(0.935016242685412,0.,-0.354604887042544));
#16330=DIRECTION('ref_axis',(-0.354604887042544,0.,-0.935016242685412));
#16331=DIRECTION('',(-0.354604887042544,0.,-0.935016242685412));
#16332=DIRECTION('',(-0.354604887042544,0.,-0.935016242685412));
#16333=DIRECTION('',(0.,1.,0.));
#16334=DIRECTION('center_axis',(0.354604887042536,0.,0.935016242685415));
#16335=DIRECTION('ref_axis',(0.935016242685415,0.,-0.354604887042536));
#16336=DIRECTION('',(0.935016242685415,0.,-0.354604887042536));
#16337=DIRECTION('',(0.935016242685415,0.,-0.354604887042536));
#16338=DIRECTION('',(0.,1.,0.));
#16339=DIRECTION('center_axis',(-0.935016242685418,0.,0.354604887042528));
#16340=DIRECTION('ref_axis',(0.354604887042528,0.,0.935016242685418));
#16341=DIRECTION('',(0.354604887042528,0.,0.935016242685418));
#16342=DIRECTION('',(0.354604887042528,0.,0.935016242685418));
#16343=DIRECTION('center_axis',(0.96051811163137,0.,-0.278217463916461));
#16344=DIRECTION('ref_axis',(-0.278217463916461,0.,-0.96051811163137));
#16345=DIRECTION('',(-0.278217463916461,0.,-0.96051811163137));
#16346=DIRECTION('',(-0.278217463916461,0.,-0.96051811163137));
#16347=DIRECTION('',(0.,1.,0.));
#16348=DIRECTION('center_axis',(0.278217463916453,0.,0.960518111631372));
#16349=DIRECTION('ref_axis',(0.960518111631372,0.,-0.278217463916453));
#16350=DIRECTION('',(0.960518111631372,0.,-0.278217463916453));
#16351=DIRECTION('',(0.960518111631372,0.,-0.278217463916453));
#16352=DIRECTION('',(0.,1.,0.));
#16353=DIRECTION('center_axis',(-0.960518111631375,0.,0.278217463916444));
#16354=DIRECTION('ref_axis',(0.278217463916444,0.,0.960518111631375));
#16355=DIRECTION('',(0.278217463916444,0.,0.960518111631375));
#16356=DIRECTION('',(0.278217463916444,0.,0.960518111631375));
#16357=DIRECTION('center_axis',(0.979790652042266,0.,-0.200025693776053));
#16358=DIRECTION('ref_axis',(-0.200025693776053,0.,-0.979790652042266));
#16359=DIRECTION('',(-0.200025693776053,0.,-0.979790652042266));
#16360=DIRECTION('',(-0.200025693776053,0.,-0.979790652042266));
#16361=DIRECTION('',(0.,1.,0.));
#16362=DIRECTION('center_axis',(0.200025693776044,0.,0.979790652042268));
#16363=DIRECTION('ref_axis',(0.979790652042268,0.,-0.200025693776044));
#16364=DIRECTION('',(0.979790652042268,0.,-0.200025693776044));
#16365=DIRECTION('',(0.979790652042268,0.,-0.200025693776044));
#16366=DIRECTION('',(0.,1.,0.));
#16367=DIRECTION('center_axis',(-0.979790652042269,0.,0.200025693776036));
#16368=DIRECTION('ref_axis',(0.200025693776036,0.,0.979790652042269));
#16369=DIRECTION('',(0.200025693776036,0.,0.979790652042269));
#16370=DIRECTION('',(0.200025693776036,0.,0.979790652042269));
#16371=DIRECTION('center_axis',(0.992708874098053,0.,-0.120536680255332));
#16372=DIRECTION('ref_axis',(-0.120536680255332,0.,-0.992708874098053));
#16373=DIRECTION('',(-0.120536680255332,0.,-0.992708874098053));
#16374=DIRECTION('',(-0.120536680255332,0.,-0.992708874098053));
#16375=DIRECTION('',(0.,1.,0.));
#16376=DIRECTION('center_axis',(0.120536680255323,0.,0.992708874098054));
#16377=DIRECTION('ref_axis',(0.992708874098054,0.,-0.120536680255323));
#16378=DIRECTION('',(0.992708874098054,0.,-0.120536680255323));
#16379=DIRECTION('',(0.992708874098054,0.,-0.120536680255323));
#16380=DIRECTION('',(0.,1.,0.));
#16381=DIRECTION('center_axis',(-0.992708874098055,0.,0.120536680255314));
#16382=DIRECTION('ref_axis',(0.120536680255314,0.,0.992708874098055));
#16383=DIRECTION('',(0.120536680255314,0.,0.992708874098055));
#16384=DIRECTION('',(0.120536680255314,0.,0.992708874098055));
#16385=DIRECTION('center_axis',(0.999188998171569,0.,-0.040265940109424));
#16386=DIRECTION('ref_axis',(-0.040265940109424,0.,-0.999188998171569));
#16387=DIRECTION('',(-0.040265940109424,0.,-0.999188998171569));
#16388=DIRECTION('',(-0.040265940109424,0.,-0.999188998171569));
#16389=DIRECTION('',(0.,1.,0.));
#16390=DIRECTION('center_axis',(0.0402659401094153,0.,0.99918899817157));
#16391=DIRECTION('ref_axis',(0.99918899817157,0.,-0.0402659401094152));
#16392=DIRECTION('',(0.99918899817157,0.,-0.0402659401094152));
#16393=DIRECTION('',(0.99918899817157,0.,-0.0402659401094152));
#16394=DIRECTION('',(0.,1.,0.));
#16395=DIRECTION('center_axis',(-0.99918899817157,0.,0.0402659401094064));
#16396=DIRECTION('ref_axis',(0.0402659401094064,0.,0.99918899817157));
#16397=DIRECTION('',(0.0402659401094064,0.,0.99918899817157));
#16398=DIRECTION('',(0.0402659401094064,0.,0.99918899817157));
#16399=DIRECTION('center_axis',(0.99918899817157,0.,0.0402659401094061));
#16400=DIRECTION('ref_axis',(0.0402659401094061,0.,-0.99918899817157));
#16401=DIRECTION('',(0.0402659401094061,0.,-0.99918899817157));
#16402=DIRECTION('',(0.0402659401094061,0.,-0.99918899817157));
#16403=DIRECTION('',(0.,1.,0.));
#16404=DIRECTION('center_axis',(-0.0402659401094149,0.,0.99918899817157));
#16405=DIRECTION('ref_axis',(0.99918899817157,0.,0.0402659401094149));
#16406=DIRECTION('',(0.99918899817157,0.,0.0402659401094149));
#16407=DIRECTION('',(0.99918899817157,0.,0.0402659401094149));
#16408=DIRECTION('',(0.,1.,0.));
#16409=DIRECTION('center_axis',(-0.999188998171569,0.,-0.0402659401094237));
#16410=DIRECTION('ref_axis',(-0.0402659401094237,0.,0.999188998171569));
#16411=DIRECTION('',(-0.0402659401094237,0.,0.999188998171569));
#16412=DIRECTION('',(-0.0402659401094237,0.,0.999188998171569));
#16413=DIRECTION('center_axis',(0.992708874098055,0.,0.120536680255314));
#16414=DIRECTION('ref_axis',(0.120536680255314,0.,-0.992708874098055));
#16415=DIRECTION('',(0.120536680255314,0.,-0.992708874098055));
#16416=DIRECTION('',(0.120536680255314,0.,-0.992708874098055));
#16417=DIRECTION('',(0.,1.,0.));
#16418=DIRECTION('center_axis',(-0.120536680255323,0.,0.992708874098054));
#16419=DIRECTION('ref_axis',(0.992708874098054,0.,0.120536680255323));
#16420=DIRECTION('',(0.992708874098054,0.,0.120536680255323));
#16421=DIRECTION('',(0.992708874098054,0.,0.120536680255323));
#16422=DIRECTION('',(0.,1.,0.));
#16423=DIRECTION('center_axis',(-0.992708874098053,0.,-0.120536680255332));
#16424=DIRECTION('ref_axis',(-0.120536680255332,0.,0.992708874098053));
#16425=DIRECTION('',(-0.120536680255332,0.,0.992708874098053));
#16426=DIRECTION('',(-0.120536680255332,0.,0.992708874098053));
#16427=DIRECTION('center_axis',(0.97979065204227,0.,0.200025693776036));
#16428=DIRECTION('ref_axis',(0.200025693776036,0.,-0.979790652042269));
#16429=DIRECTION('',(0.200025693776036,0.,-0.979790652042269));
#16430=DIRECTION('',(0.200025693776036,0.,-0.979790652042269));
#16431=DIRECTION('',(0.,1.,0.));
#16432=DIRECTION('center_axis',(-0.200025693776044,0.,0.979790652042268));
#16433=DIRECTION('ref_axis',(0.979790652042268,0.,0.200025693776044));
#16434=DIRECTION('',(0.979790652042268,0.,0.200025693776044));
#16435=DIRECTION('',(0.979790652042268,0.,0.200025693776044));
#16436=DIRECTION('',(0.,1.,0.));
#16437=DIRECTION('center_axis',(-0.979790652042266,0.,-0.200025693776053));
#16438=DIRECTION('ref_axis',(-0.200025693776053,0.,0.979790652042266));
#16439=DIRECTION('',(-0.200025693776053,0.,0.979790652042266));
#16440=DIRECTION('',(-0.200025693776053,0.,0.979790652042266));
#16441=DIRECTION('center_axis',(0.960518111631375,0.,0.278217463916444));
#16442=DIRECTION('ref_axis',(0.278217463916444,0.,-0.960518111631375));
#16443=DIRECTION('',(0.278217463916444,0.,-0.960518111631375));
#16444=DIRECTION('',(0.278217463916444,0.,-0.960518111631375));
#16445=DIRECTION('',(0.,1.,0.));
#16446=DIRECTION('center_axis',(-0.278217463916452,0.,0.960518111631372));
#16447=DIRECTION('ref_axis',(0.960518111631372,0.,0.278217463916452));
#16448=DIRECTION('',(0.960518111631372,0.,0.278217463916452));
#16449=DIRECTION('',(0.960518111631372,0.,0.278217463916452));
#16450=DIRECTION('',(0.,1.,0.));
#16451=DIRECTION('center_axis',(-0.96051811163137,0.,-0.278217463916461));
#16452=DIRECTION('ref_axis',(-0.278217463916461,0.,0.96051811163137));
#16453=DIRECTION('',(-0.278217463916461,0.,0.96051811163137));
#16454=DIRECTION('',(-0.278217463916461,0.,0.96051811163137));
#16455=DIRECTION('center_axis',(0.935016242685418,0.,0.354604887042527));
#16456=DIRECTION('ref_axis',(0.354604887042527,0.,-0.935016242685418));
#16457=DIRECTION('',(0.354604887042527,0.,-0.935016242685418));
#16458=DIRECTION('',(0.354604887042527,0.,-0.935016242685418));
#16459=DIRECTION('',(0.,1.,0.));
#16460=DIRECTION('center_axis',(-0.354604887042536,0.,0.935016242685415));
#16461=DIRECTION('ref_axis',(0.935016242685415,0.,0.354604887042535));
#16462=DIRECTION('',(0.935016242685415,0.,0.354604887042535));
#16463=DIRECTION('',(0.935016242685415,0.,0.354604887042535));
#16464=DIRECTION('',(0.,1.,0.));
#16465=DIRECTION('center_axis',(-0.935016242685412,0.,-0.354604887042544));
#16466=DIRECTION('ref_axis',(-0.354604887042544,0.,0.935016242685412));
#16467=DIRECTION('',(-0.354604887042544,0.,0.935016242685412));
#16468=DIRECTION('',(-0.354604887042544,0.,0.935016242685412));
#16469=DIRECTION('center_axis',(0.903450434610386,0.,0.428692561403046));
#16470=DIRECTION('ref_axis',(0.428692561403046,0.,-0.903450434610386));
#16471=DIRECTION('',(0.428692561403046,0.,-0.903450434610386));
#16472=DIRECTION('',(0.428692561403046,0.,-0.903450434610386));
#16473=DIRECTION('',(0.,1.,0.));
#16474=DIRECTION('center_axis',(-0.428692561403054,0.,0.903450434610382));
#16475=DIRECTION('ref_axis',(0.903450434610383,0.,0.428692561403054));
#16476=DIRECTION('',(0.903450434610383,0.,0.428692561403054));
#16477=DIRECTION('',(0.903450434610383,0.,0.428692561403054));
#16478=DIRECTION('',(0.,1.,0.));
#16479=DIRECTION('center_axis',(-0.903450434610379,0.,-0.428692561403062));
#16480=DIRECTION('ref_axis',(-0.428692561403062,0.,0.903450434610379));
#16481=DIRECTION('',(-0.428692561403062,0.,0.903450434610379));
#16482=DIRECTION('',(-0.428692561403062,0.,0.903450434610379));
#16483=DIRECTION('center_axis',(0.866025403784443,0.,0.499999999999992));
#16484=DIRECTION('ref_axis',(0.499999999999992,0.,-0.866025403784443));
#16485=DIRECTION('',(0.499999999999992,0.,-0.866025403784443));
#16486=DIRECTION('',(0.499999999999992,0.,-0.866025403784443));
#16487=DIRECTION('',(0.,1.,0.));
#16488=DIRECTION('center_axis',(-0.5,0.,0.866025403784439));
#16489=DIRECTION('ref_axis',(0.866025403784439,0.,0.5));
#16490=DIRECTION('',(0.866025403784439,0.,0.5));
#16491=DIRECTION('',(0.866025403784439,0.,0.5));
#16492=DIRECTION('',(0.,1.,0.));
#16493=DIRECTION('center_axis',(-0.866025403784434,0.,-0.500000000000007));
#16494=DIRECTION('ref_axis',(-0.500000000000007,0.,0.866025403784434));
#16495=DIRECTION('',(-0.500000000000007,0.,0.866025403784434));
#16496=DIRECTION('',(-0.500000000000007,0.,0.866025403784434));
#16497=DIRECTION('center_axis',(0.822983865893661,0.,0.568064746731148));
#16498=DIRECTION('ref_axis',(0.568064746731148,0.,-0.822983865893661));
#16499=DIRECTION('',(0.568064746731148,0.,-0.822983865893661));
#16500=DIRECTION('',(0.568064746731148,0.,-0.822983865893661));
#16501=DIRECTION('',(0.,1.,0.));
#16502=DIRECTION('center_axis',(-0.568064746731156,0.,0.822983865893656));
#16503=DIRECTION('ref_axis',(0.822983865893656,0.,0.568064746731156));
#16504=DIRECTION('',(0.822983865893656,0.,0.568064746731156));
#16505=DIRECTION('',(0.822983865893656,0.,0.568064746731156));
#16506=DIRECTION('',(0.,1.,0.));
#16507=DIRECTION('center_axis',(-0.822983865893652,0.,-0.568064746731163));
#16508=DIRECTION('ref_axis',(-0.568064746731163,0.,0.822983865893651));
#16509=DIRECTION('',(-0.568064746731163,0.,0.822983865893651));
#16510=DIRECTION('',(-0.568064746731163,0.,0.822983865893651));
#16511=DIRECTION('center_axis',(0.77460496182766,0.,0.632445375595371));
#16512=DIRECTION('ref_axis',(0.63244537559537,0.,-0.77460496182766));
#16513=DIRECTION('',(0.63244537559537,0.,-0.77460496182766));
#16514=DIRECTION('',(0.63244537559537,0.,-0.77460496182766));
#16515=DIRECTION('',(0.,1.,0.));
#16516=DIRECTION('center_axis',(-0.632445375595377,0.,0.774604961827655));
#16517=DIRECTION('ref_axis',(0.774604961827655,0.,0.632445375595377));
#16518=DIRECTION('',(0.774604961827655,0.,0.632445375595377));
#16519=DIRECTION('',(0.774604961827655,0.,0.632445375595377));
#16520=DIRECTION('',(0.,1.,0.));
#16521=DIRECTION('center_axis',(-0.774604961827649,0.,-0.632445375595384));
#16522=DIRECTION('ref_axis',(-0.632445375595384,0.,0.774604961827649));
#16523=DIRECTION('',(-0.632445375595384,0.,0.774604961827649));
#16524=DIRECTION('',(-0.632445375595384,0.,0.774604961827649));
#16525=DIRECTION('center_axis',(0.721202447343821,0.,0.692724353509593));
#16526=DIRECTION('ref_axis',(0.692724353509593,0.,-0.721202447343821));
#16527=DIRECTION('',(0.692724353509593,0.,-0.721202447343821));
#16528=DIRECTION('',(0.692724353509593,0.,-0.721202447343821));
#16529=DIRECTION('',(0.,1.,0.));
#16530=DIRECTION('center_axis',(-0.692724353509599,0.,0.721202447343815));
#16531=DIRECTION('ref_axis',(0.721202447343815,0.,0.692724353509599));
#16532=DIRECTION('',(0.721202447343815,0.,0.692724353509599));
#16533=DIRECTION('',(0.721202447343815,0.,0.692724353509599));
#16534=DIRECTION('',(0.,1.,0.));
#16535=DIRECTION('center_axis',(-0.721202447343809,0.,-0.692724353509606));
#16536=DIRECTION('ref_axis',(-0.692724353509606,0.,0.721202447343808));
#16537=DIRECTION('',(-0.692724353509606,0.,0.721202447343808));
#16538=DIRECTION('',(-0.692724353509606,0.,0.721202447343808));
#16539=DIRECTION('center_axis',(0.663122658240802,0.,0.748510748171095));
#16540=DIRECTION('ref_axis',(0.748510748171095,0.,-0.663122658240802));
#16541=DIRECTION('',(0.748510748171095,0.,-0.663122658240802));
#16542=DIRECTION('',(0.748510748171095,0.,-0.663122658240802));
#16543=DIRECTION('',(0.,1.,0.));
#16544=DIRECTION('center_axis',(-0.748510748171101,0.,0.663122658240796));
#16545=DIRECTION('ref_axis',(0.663122658240795,0.,0.748510748171101));
#16546=DIRECTION('',(0.663122658240795,0.,0.748510748171101));
#16547=DIRECTION('',(0.663122658240795,0.,0.748510748171101));
#16548=DIRECTION('',(0.,1.,0.));
#16549=DIRECTION('center_axis',(-0.663122658240789,0.,-0.748510748171107));
#16550=DIRECTION('ref_axis',(-0.748510748171107,0.,0.663122658240789));
#16551=DIRECTION('',(-0.748510748171107,0.,0.663122658240789));
#16552=DIRECTION('',(-0.748510748171107,0.,0.663122658240789));
#16553=DIRECTION('center_axis',(0.600742264237986,0.,0.799442763403496));
#16554=DIRECTION('ref_axis',(0.799442763403496,0.,-0.600742264237986));
#16555=DIRECTION('',(0.799442763403496,0.,-0.600742264237986));
#16556=DIRECTION('',(0.799442763403496,0.,-0.600742264237986));
#16557=DIRECTION('',(0.,1.,0.));
#16558=DIRECTION('center_axis',(-0.799442763403501,0.,0.600742264237979));
#16559=DIRECTION('ref_axis',(0.600742264237979,0.,0.799442763403501));
#16560=DIRECTION('',(0.600742264237979,0.,0.799442763403501));
#16561=DIRECTION('',(0.600742264237979,0.,0.799442763403501));
#16562=DIRECTION('',(0.,1.,0.));
#16563=DIRECTION('center_axis',(-0.600742264237972,0.,-0.799442763403506));
#16564=DIRECTION('ref_axis',(-0.799442763403506,0.,0.600742264237972));
#16565=DIRECTION('',(-0.799442763403506,0.,0.600742264237972));
#16566=DIRECTION('',(-0.799442763403506,0.,0.600742264237972));
#16567=DIRECTION('center_axis',(0.534465826127809,0.,0.84519008554379));
#16568=DIRECTION('ref_axis',(0.84519008554379,0.,-0.534465826127809));
#16569=DIRECTION('',(0.84519008554379,0.,-0.534465826127809));
#16570=DIRECTION('',(0.84519008554379,0.,-0.534465826127809));
#16571=DIRECTION('',(0.,1.,0.));
#16572=DIRECTION('center_axis',(-0.845190085543795,0.,0.534465826127801));
#16573=DIRECTION('ref_axis',(0.534465826127801,0.,0.845190085543795));
#16574=DIRECTION('',(0.534465826127801,0.,0.845190085543795));
#16575=DIRECTION('',(0.534465826127801,0.,0.845190085543795));
#16576=DIRECTION('',(0.,1.,0.));
#16577=DIRECTION('center_axis',(-0.534465826127794,0.,-0.845190085543799));
#16578=DIRECTION('ref_axis',(-0.845190085543799,0.,0.534465826127794));
#16579=DIRECTION('',(-0.845190085543799,0.,0.534465826127794));
#16580=DIRECTION('',(-0.845190085543799,0.,0.534465826127794));
#16581=DIRECTION('center_axis',(0.464723172043776,0.,0.885456025653206));
#16582=DIRECTION('ref_axis',(0.885456025653206,0.,-0.464723172043776));
#16583=DIRECTION('',(0.885456025653206,0.,-0.464723172043776));
#16584=DIRECTION('',(0.885456025653206,0.,-0.464723172043776));
#16585=DIRECTION('',(0.,1.,0.));
#16586=DIRECTION('center_axis',(-0.88545602565321,0.,0.464723172043769));
#16587=DIRECTION('ref_axis',(0.464723172043769,0.,0.88545602565321));
#16588=DIRECTION('',(0.464723172043769,0.,0.88545602565321));
#16589=DIRECTION('',(0.464723172043769,0.,0.88545602565321));
#16590=DIRECTION('',(0.,1.,0.));
#16591=DIRECTION('center_axis',(-0.464723172043761,0.,-0.885456025653214));
#16592=DIRECTION('ref_axis',(-0.885456025653214,0.,0.464723172043761));
#16593=DIRECTION('',(-0.885456025653214,0.,0.464723172043761));
#16594=DIRECTION('',(-0.885456025653214,0.,0.464723172043761));
#16595=DIRECTION('center_axis',(0.391966609860083,0.,0.919979443658821));
#16596=DIRECTION('ref_axis',(0.919979443658821,0.,-0.391966609860083));
#16597=DIRECTION('',(0.919979443658821,0.,-0.391966609860083));
#16598=DIRECTION('',(0.919979443658821,0.,-0.391966609860083));
#16599=DIRECTION('',(0.,1.,0.));
#16600=DIRECTION('center_axis',(-0.919979443658824,0.,0.391966609860075));
#16601=DIRECTION('ref_axis',(0.391966609860075,0.,0.919979443658824));
#16602=DIRECTION('',(0.391966609860075,0.,0.919979443658824));
#16603=DIRECTION('',(0.391966609860075,0.,0.919979443658824));
#16604=DIRECTION('',(0.,1.,0.));
#16605=DIRECTION('center_axis',(-0.391966609860067,0.,-0.919979443658828));
#16606=DIRECTION('ref_axis',(-0.919979443658828,0.,0.391966609860067));
#16607=DIRECTION('',(-0.919979443658828,0.,0.391966609860067));
#16608=DIRECTION('',(-0.919979443658828,0.,0.391966609860067));
#16609=DIRECTION('center_axis',(0.316667993801481,0.,0.948536441947143));
#16610=DIRECTION('ref_axis',(0.948536441947143,0.,-0.316667993801481));
#16611=DIRECTION('',(0.948536441947143,0.,-0.316667993801481));
#16612=DIRECTION('',(0.948536441947143,0.,-0.316667993801481));
#16613=DIRECTION('',(0.,1.,0.));
#16614=DIRECTION('center_axis',(-0.948536441947145,0.,0.316667993801473));
#16615=DIRECTION('ref_axis',(0.316667993801473,0.,0.948536441947145));
#16616=DIRECTION('',(0.316667993801473,0.,0.948536441947145));
#16617=DIRECTION('',(0.316667993801473,0.,0.948536441947145));
#16618=DIRECTION('',(0.,1.,0.));
#16619=DIRECTION('center_axis',(-0.316667993801465,0.,-0.948536441947148));
#16620=DIRECTION('ref_axis',(-0.948536441947148,0.,0.316667993801465));
#16621=DIRECTION('',(-0.948536441947148,0.,0.316667993801465));
#16622=DIRECTION('',(-0.948536441947148,0.,0.316667993801465));
#16623=DIRECTION('center_axis',(0.239315664287567,0.,0.97094181742605));
#16624=DIRECTION('ref_axis',(0.97094181742605,0.,-0.239315664287567));
#16625=DIRECTION('',(0.97094181742605,0.,-0.239315664287567));
#16626=DIRECTION('',(0.97094181742605,0.,-0.239315664287567));
#16627=DIRECTION('',(0.,1.,0.));
#16628=DIRECTION('center_axis',(-0.970941817426052,0.,0.239315664287558));
#16629=DIRECTION('ref_axis',(0.239315664287558,0.,0.970941817426052));
#16630=DIRECTION('',(0.239315664287558,0.,0.970941817426052));
#16631=DIRECTION('',(0.239315664287558,0.,0.970941817426052));
#16632=DIRECTION('',(0.,1.,0.));
#16633=DIRECTION('center_axis',(-0.23931566428755,0.,-0.970941817426054));
#16634=DIRECTION('ref_axis',(-0.970941817426054,0.,0.23931566428755));
#16635=DIRECTION('',(-0.970941817426054,0.,0.23931566428755));
#16636=DIRECTION('',(-0.970941817426054,0.,0.23931566428755));
#16637=DIRECTION('center_axis',(0.160411280857769,0.,0.987050262637912));
#16638=DIRECTION('ref_axis',(0.987050262637911,0.,-0.160411280857769));
#16639=DIRECTION('',(0.987050262637911,0.,-0.160411280857769));
#16640=DIRECTION('',(0.987050262637911,0.,-0.160411280857769));
#16641=DIRECTION('',(0.,1.,0.));
#16642=DIRECTION('center_axis',(-0.987050262637913,0.,0.160411280857761));
#16643=DIRECTION('ref_axis',(0.160411280857761,0.,0.987050262637913));
#16644=DIRECTION('',(0.160411280857761,0.,0.987050262637913));
#16645=DIRECTION('',(0.160411280857761,0.,0.987050262637913));
#16646=DIRECTION('',(0.,1.,0.));
#16647=DIRECTION('center_axis',(-0.160411280857752,0.,-0.987050262637914));
#16648=DIRECTION('ref_axis',(-0.987050262637914,0.,0.160411280857752));
#16649=DIRECTION('',(-0.987050262637914,0.,0.160411280857752));
#16650=DIRECTION('',(-0.987050262637914,0.,0.160411280857752));
#16651=DIRECTION('center_axis',(0.0804665687167349,0.,0.996757308134209));
#16652=DIRECTION('ref_axis',(0.996757308134209,0.,-0.0804665687167349));
#16653=DIRECTION('',(0.996757308134209,0.,-0.0804665687167349));
#16654=DIRECTION('',(0.996757308134209,0.,-0.0804665687167349));
#16655=DIRECTION('',(0.,1.,0.));
#16656=DIRECTION('center_axis',(-0.99675730813421,0.,0.0804665687167261));
#16657=DIRECTION('ref_axis',(0.0804665687167261,0.,0.99675730813421));
#16658=DIRECTION('',(0.0804665687167261,0.,0.99675730813421));
#16659=DIRECTION('',(0.0804665687167261,0.,0.99675730813421));
#16660=DIRECTION('',(0.,1.,0.));
#16661=DIRECTION('center_axis',(-0.0804665687167173,0.,-0.996757308134211));
#16662=DIRECTION('ref_axis',(-0.996757308134211,0.,0.0804665687167173));
#16663=DIRECTION('',(-0.996757308134211,0.,0.0804665687167173));
#16664=DIRECTION('',(-0.996757308134211,0.,0.0804665687167173));
#16665=DIRECTION('center_axis',(8.92341756042469E-15,0.,1.));
#16666=DIRECTION('ref_axis',(1.,0.,-8.92341756042469E-15));
#16667=DIRECTION('',(1.,0.,-8.92341756042469E-15));
#16668=DIRECTION('',(1.,0.,-8.92341756042469E-15));
#16669=DIRECTION('',(0.,1.,0.));
#16670=DIRECTION('center_axis',(-1.,0.,1.2490009027033E-16));
#16671=DIRECTION('ref_axis',(1.2490009027033E-16,0.,1.));
#16672=DIRECTION('',(1.2490009027033E-16,0.,1.));
#16673=DIRECTION('',(1.2490009027033E-16,0.,1.));
#16674=DIRECTION('',(0.,1.,0.));
#16675=DIRECTION('center_axis',(8.67361737988403E-15,0.,-1.));
#16676=DIRECTION('ref_axis',(-1.,0.,-8.67361737988403E-15));
#16677=DIRECTION('',(-1.,0.,-8.67361737988403E-15));
#16678=DIRECTION('',(-1.,0.,-8.67361737988403E-15));
#16679=DIRECTION('center_axis',(8.79383703109425E-15,0.,-1.));
#16680=DIRECTION('ref_axis',(-1.,0.,-8.79383703109425E-15));
#16681=DIRECTION('',(-1.,0.,-8.79383703109425E-15));
#16682=DIRECTION('',(0.,1.,0.));
#16683=DIRECTION('',(-1.,0.,-8.79383703109425E-15));
#16684=DIRECTION('center_axis',(-1.,0.,0.));
#16685=DIRECTION('ref_axis',(0.,0.,1.));
#16686=DIRECTION('',(0.,0.,1.));
#16687=DIRECTION('',(0.,1.,0.));
#16688=DIRECTION('',(0.,0.,1.));
#16689=DIRECTION('center_axis',(8.79383703109425E-15,0.,1.));
#16690=DIRECTION('ref_axis',(1.,0.,-8.79383703109425E-15));
#16691=DIRECTION('',(1.,0.,-8.79383703109425E-15));
#16692=DIRECTION('',(1.,0.,-8.79383703109425E-15));
#16693=DIRECTION('center_axis',(8.79383703109425E-15,0.,-1.));
#16694=DIRECTION('ref_axis',(-1.,0.,-8.79383703109425E-15));
#16695=DIRECTION('',(-1.,0.,-8.79383703109425E-15));
#16696=DIRECTION('',(0.,1.,0.));
#16697=DIRECTION('',(-1.,0.,-8.79383703109425E-15));
#16698=DIRECTION('center_axis',(-1.,0.,0.));
#16699=DIRECTION('ref_axis',(0.,0.,1.));
#16700=DIRECTION('',(0.,0.,1.));
#16701=DIRECTION('',(0.,1.,0.));
#16702=DIRECTION('',(0.,0.,1.));
#16703=DIRECTION('center_axis',(8.79383703109425E-15,0.,1.));
#16704=DIRECTION('ref_axis',(1.,0.,-8.79383703109425E-15));
#16705=DIRECTION('',(1.,0.,-8.79383703109425E-15));
#16706=DIRECTION('',(1.,0.,-8.79383703109425E-15));
#16707=DIRECTION('center_axis',(8.79383703109425E-15,0.,-1.));
#16708=DIRECTION('ref_axis',(-1.,0.,-8.79383703109425E-15));
#16709=DIRECTION('',(-1.,0.,-8.79383703109425E-15));
#16710=DIRECTION('',(0.,1.,0.));
#16711=DIRECTION('',(-1.,0.,-8.79383703109425E-15));
#16712=DIRECTION('center_axis',(-1.,0.,0.));
#16713=DIRECTION('ref_axis',(0.,0.,1.));
#16714=DIRECTION('',(0.,0.,1.));
#16715=DIRECTION('',(0.,1.,0.));
#16716=DIRECTION('',(0.,0.,1.));
#16717=DIRECTION('center_axis',(8.79383703109425E-15,0.,1.));
#16718=DIRECTION('ref_axis',(1.,0.,-8.79383703109425E-15));
#16719=DIRECTION('',(1.,0.,-8.79383703109425E-15));
#16720=DIRECTION('',(1.,0.,-8.79383703109425E-15));
#16721=DIRECTION('center_axis',(8.79383703109425E-15,0.,-1.));
#16722=DIRECTION('ref_axis',(-1.,0.,-8.79383703109425E-15));
#16723=DIRECTION('',(-1.,0.,-8.79383703109425E-15));
#16724=DIRECTION('',(0.,1.,0.));
#16725=DIRECTION('',(-1.,0.,-8.79383703109425E-15));
#16726=DIRECTION('center_axis',(-1.,0.,0.));
#16727=DIRECTION('ref_axis',(0.,0.,1.));
#16728=DIRECTION('',(0.,0.,1.));
#16729=DIRECTION('',(0.,1.,0.));
#16730=DIRECTION('',(0.,0.,1.));
#16731=DIRECTION('center_axis',(8.79383703109425E-15,0.,1.));
#16732=DIRECTION('ref_axis',(1.,0.,-8.79383703109425E-15));
#16733=DIRECTION('',(1.,0.,-8.79383703109425E-15));
#16734=DIRECTION('',(1.,0.,-8.79383703109425E-15));
#16735=DIRECTION('center_axis',(8.79383703109425E-15,0.,-1.));
#16736=DIRECTION('ref_axis',(-1.,0.,-8.79383703109425E-15));
#16737=DIRECTION('',(-1.,0.,-8.79383703109425E-15));
#16738=DIRECTION('',(0.,1.,0.));
#16739=DIRECTION('',(-1.,0.,-8.79383703109425E-15));
#16740=DIRECTION('center_axis',(-1.,0.,0.));
#16741=DIRECTION('ref_axis',(0.,0.,1.));
#16742=DIRECTION('',(0.,0.,1.));
#16743=DIRECTION('',(0.,1.,0.));
#16744=DIRECTION('',(0.,0.,1.));
#16745=DIRECTION('center_axis',(8.79383703109425E-15,0.,1.));
#16746=DIRECTION('ref_axis',(1.,0.,-8.79383703109425E-15));
#16747=DIRECTION('',(1.,0.,-8.79383703109425E-15));
#16748=DIRECTION('',(1.,0.,-8.79383703109425E-15));
#16749=DIRECTION('center_axis',(8.79383703109425E-15,0.,-1.));
#16750=DIRECTION('ref_axis',(-1.,0.,-8.79383703109425E-15));
#16751=DIRECTION('',(-1.,0.,-8.79383703109425E-15));
#16752=DIRECTION('',(0.,1.,0.));
#16753=DIRECTION('',(-1.,0.,-8.79383703109425E-15));
#16754=DIRECTION('center_axis',(-1.,0.,0.));
#16755=DIRECTION('ref_axis',(0.,0.,1.));
#16756=DIRECTION('',(0.,0.,1.));
#16757=DIRECTION('',(0.,1.,0.));
#16758=DIRECTION('',(0.,0.,1.));
#16759=DIRECTION('center_axis',(8.79383703109425E-15,0.,1.));
#16760=DIRECTION('ref_axis',(1.,0.,-8.79383703109425E-15));
#16761=DIRECTION('',(1.,0.,-8.79383703109425E-15));
#16762=DIRECTION('',(1.,0.,-8.79383703109425E-15));
#16763=DIRECTION('center_axis',(8.79383703109425E-15,0.,-1.));
#16764=DIRECTION('ref_axis',(-1.,0.,-8.79383703109425E-15));
#16765=DIRECTION('',(-1.,0.,-8.79383703109425E-15));
#16766=DIRECTION('',(0.,1.,0.));
#16767=DIRECTION('',(-1.,0.,-8.79383703109425E-15));
#16768=DIRECTION('center_axis',(-1.,0.,0.));
#16769=DIRECTION('ref_axis',(0.,0.,1.));
#16770=DIRECTION('',(0.,0.,1.));
#16771=DIRECTION('',(0.,1.,0.));
#16772=DIRECTION('',(0.,0.,1.));
#16773=DIRECTION('center_axis',(8.79383703109425E-15,0.,1.));
#16774=DIRECTION('ref_axis',(1.,0.,-8.79383703109425E-15));
#16775=DIRECTION('',(1.,0.,-8.79383703109425E-15));
#16776=DIRECTION('',(1.,0.,-8.79383703109425E-15));
#16777=DIRECTION('center_axis',(8.79383703109425E-15,0.,-1.));
#16778=DIRECTION('ref_axis',(-1.,0.,-8.79383703109425E-15));
#16779=DIRECTION('',(-1.,0.,-8.79383703109425E-15));
#16780=DIRECTION('',(0.,1.,0.));
#16781=DIRECTION('',(-1.,0.,-8.79383703109425E-15));
#16782=DIRECTION('center_axis',(-1.,0.,0.));
#16783=DIRECTION('ref_axis',(0.,0.,1.));
#16784=DIRECTION('',(0.,0.,1.));
#16785=DIRECTION('',(0.,1.,0.));
#16786=DIRECTION('',(0.,0.,1.));
#16787=DIRECTION('center_axis',(8.79383703109425E-15,0.,1.));
#16788=DIRECTION('ref_axis',(1.,0.,-8.79383703109425E-15));
#16789=DIRECTION('',(1.,0.,-8.79383703109425E-15));
#16790=DIRECTION('',(1.,0.,-8.79383703109425E-15));
#16791=DIRECTION('center_axis',(8.79383703109425E-15,0.,-1.));
#16792=DIRECTION('ref_axis',(-1.,0.,-8.79383703109425E-15));
#16793=DIRECTION('',(-1.,0.,-8.79383703109425E-15));
#16794=DIRECTION('',(0.,1.,0.));
#16795=DIRECTION('',(-1.,0.,-8.79383703109425E-15));
#16796=DIRECTION('center_axis',(-1.,0.,0.));
#16797=DIRECTION('ref_axis',(0.,0.,1.));
#16798=DIRECTION('',(0.,0.,1.));
#16799=DIRECTION('',(0.,1.,0.));
#16800=DIRECTION('',(0.,0.,1.));
#16801=DIRECTION('center_axis',(8.79383703109425E-15,0.,1.));
#16802=DIRECTION('ref_axis',(1.,0.,-8.79383703109425E-15));
#16803=DIRECTION('',(1.,0.,-8.79383703109425E-15));
#16804=DIRECTION('',(1.,0.,-8.79383703109425E-15));
#16805=DIRECTION('center_axis',(8.79383703109425E-15,0.,-1.));
#16806=DIRECTION('ref_axis',(-1.,0.,-8.79383703109425E-15));
#16807=DIRECTION('',(-1.,0.,-8.79383703109425E-15));
#16808=DIRECTION('',(0.,1.,0.));
#16809=DIRECTION('',(-1.,0.,-8.79383703109425E-15));
#16810=DIRECTION('center_axis',(-1.,0.,0.));
#16811=DIRECTION('ref_axis',(0.,0.,1.));
#16812=DIRECTION('',(0.,0.,1.));
#16813=DIRECTION('',(0.,1.,0.));
#16814=DIRECTION('',(0.,0.,1.));
#16815=DIRECTION('center_axis',(8.79383703109425E-15,0.,1.));
#16816=DIRECTION('ref_axis',(1.,0.,-8.79383703109425E-15));
#16817=DIRECTION('',(1.,0.,-8.79383703109425E-15));
#16818=DIRECTION('',(1.,0.,-8.79383703109425E-15));
#16819=DIRECTION('center_axis',(8.79383703109425E-15,0.,-1.));
#16820=DIRECTION('ref_axis',(-1.,0.,-8.79383703109425E-15));
#16821=DIRECTION('',(-1.,0.,-8.79383703109425E-15));
#16822=DIRECTION('',(0.,1.,0.));
#16823=DIRECTION('',(-1.,0.,-8.79383703109425E-15));
#16824=DIRECTION('center_axis',(-1.,0.,0.));
#16825=DIRECTION('ref_axis',(0.,0.,1.));
#16826=DIRECTION('',(0.,0.,1.));
#16827=DIRECTION('',(0.,1.,0.));
#16828=DIRECTION('',(0.,0.,1.));
#16829=DIRECTION('center_axis',(8.79383703109425E-15,0.,1.));
#16830=DIRECTION('ref_axis',(1.,0.,-8.79383703109425E-15));
#16831=DIRECTION('',(1.,0.,-8.79383703109425E-15));
#16832=DIRECTION('',(1.,0.,-8.79383703109425E-15));
#16833=DIRECTION('center_axis',(8.79383703109425E-15,0.,-1.));
#16834=DIRECTION('ref_axis',(-1.,0.,-8.79383703109425E-15));
#16835=DIRECTION('',(-1.,0.,-8.79383703109425E-15));
#16836=DIRECTION('',(0.,1.,0.));
#16837=DIRECTION('',(-1.,0.,-8.79383703109425E-15));
#16838=DIRECTION('center_axis',(-1.,0.,0.));
#16839=DIRECTION('ref_axis',(0.,0.,1.));
#16840=DIRECTION('',(0.,0.,1.));
#16841=DIRECTION('',(0.,1.,0.));
#16842=DIRECTION('',(0.,0.,1.));
#16843=DIRECTION('center_axis',(8.79383703109425E-15,0.,1.));
#16844=DIRECTION('ref_axis',(1.,0.,-8.79383703109425E-15));
#16845=DIRECTION('',(1.,0.,-8.79383703109425E-15));
#16846=DIRECTION('',(1.,0.,-8.79383703109425E-15));
#16847=DIRECTION('center_axis',(8.79383703109425E-15,0.,-1.));
#16848=DIRECTION('ref_axis',(-1.,0.,-8.79383703109425E-15));
#16849=DIRECTION('',(-1.,0.,-8.79383703109425E-15));
#16850=DIRECTION('',(0.,1.,0.));
#16851=DIRECTION('',(-1.,0.,-8.79383703109425E-15));
#16852=DIRECTION('center_axis',(-1.,0.,0.));
#16853=DIRECTION('ref_axis',(0.,0.,1.));
#16854=DIRECTION('',(0.,0.,1.));
#16855=DIRECTION('',(0.,1.,0.));
#16856=DIRECTION('',(0.,0.,1.));
#16857=DIRECTION('center_axis',(8.79383703109425E-15,0.,1.));
#16858=DIRECTION('ref_axis',(1.,0.,-8.79383703109425E-15));
#16859=DIRECTION('',(1.,0.,-8.79383703109425E-15));
#16860=DIRECTION('',(1.,0.,-8.79383703109425E-15));
#16861=DIRECTION('center_axis',(8.79383703109425E-15,0.,-1.));
#16862=DIRECTION('ref_axis',(-1.,0.,-8.79383703109425E-15));
#16863=DIRECTION('',(-1.,0.,-8.79383703109425E-15));
#16864=DIRECTION('',(0.,1.,0.));
#16865=DIRECTION('',(-1.,0.,-8.79383703109425E-15));
#16866=DIRECTION('center_axis',(-1.,0.,0.));
#16867=DIRECTION('ref_axis',(0.,0.,1.));
#16868=DIRECTION('',(0.,0.,1.));
#16869=DIRECTION('',(0.,1.,0.));
#16870=DIRECTION('',(0.,0.,1.));
#16871=DIRECTION('center_axis',(8.79383703109425E-15,0.,1.));
#16872=DIRECTION('ref_axis',(1.,0.,-8.79383703109425E-15));
#16873=DIRECTION('',(1.,0.,-8.79383703109425E-15));
#16874=DIRECTION('',(1.,0.,-8.79383703109425E-15));
#16875=DIRECTION('center_axis',(8.79383703109425E-15,0.,-1.));
#16876=DIRECTION('ref_axis',(-1.,0.,-8.79383703109425E-15));
#16877=DIRECTION('',(-1.,0.,-8.79383703109425E-15));
#16878=DIRECTION('',(0.,1.,0.));
#16879=DIRECTION('',(-1.,0.,-8.79383703109425E-15));
#16880=DIRECTION('center_axis',(-1.,0.,0.));
#16881=DIRECTION('ref_axis',(0.,0.,1.));
#16882=DIRECTION('',(0.,0.,1.));
#16883=DIRECTION('',(0.,1.,0.));
#16884=DIRECTION('',(0.,0.,1.));
#16885=DIRECTION('center_axis',(8.79383703109425E-15,0.,1.));
#16886=DIRECTION('ref_axis',(1.,0.,-8.79383703109425E-15));
#16887=DIRECTION('',(1.,0.,-8.79383703109425E-15));
#16888=DIRECTION('',(1.,0.,-8.79383703109425E-15));
#16889=DIRECTION('center_axis',(8.79383703109425E-15,0.,-1.));
#16890=DIRECTION('ref_axis',(-1.,0.,-8.79383703109425E-15));
#16891=DIRECTION('',(-1.,0.,-8.79383703109425E-15));
#16892=DIRECTION('',(0.,1.,0.));
#16893=DIRECTION('',(-1.,0.,-8.79383703109425E-15));
#16894=DIRECTION('center_axis',(-1.,0.,0.));
#16895=DIRECTION('ref_axis',(0.,0.,1.));
#16896=DIRECTION('',(0.,0.,1.));
#16897=DIRECTION('',(0.,1.,0.));
#16898=DIRECTION('',(0.,0.,1.));
#16899=DIRECTION('center_axis',(8.79383703109425E-15,0.,1.));
#16900=DIRECTION('ref_axis',(1.,0.,-8.79383703109425E-15));
#16901=DIRECTION('',(1.,0.,-8.79383703109425E-15));
#16902=DIRECTION('',(1.,0.,-8.79383703109425E-15));
#16903=DIRECTION('center_axis',(8.79383703109425E-15,0.,-1.));
#16904=DIRECTION('ref_axis',(-1.,0.,-8.79383703109425E-15));
#16905=DIRECTION('',(-1.,0.,-8.79383703109425E-15));
#16906=DIRECTION('',(0.,1.,0.));
#16907=DIRECTION('',(-1.,0.,-8.79383703109425E-15));
#16908=DIRECTION('center_axis',(-1.,0.,0.));
#16909=DIRECTION('ref_axis',(0.,0.,1.));
#16910=DIRECTION('',(0.,0.,1.));
#16911=DIRECTION('',(0.,1.,0.));
#16912=DIRECTION('',(0.,0.,1.));
#16913=DIRECTION('center_axis',(8.79383703109425E-15,0.,1.));
#16914=DIRECTION('ref_axis',(1.,0.,-8.79383703109425E-15));
#16915=DIRECTION('',(1.,0.,-8.79383703109425E-15));
#16916=DIRECTION('',(1.,0.,-8.79383703109425E-15));
#16917=DIRECTION('center_axis',(8.79383703109425E-15,0.,-1.));
#16918=DIRECTION('ref_axis',(-1.,0.,-8.79383703109425E-15));
#16919=DIRECTION('',(-1.,0.,-8.79383703109425E-15));
#16920=DIRECTION('',(0.,1.,0.));
#16921=DIRECTION('',(-1.,0.,-8.79383703109425E-15));
#16922=DIRECTION('center_axis',(-1.,0.,0.));
#16923=DIRECTION('ref_axis',(0.,0.,1.));
#16924=DIRECTION('',(0.,0.,1.));
#16925=DIRECTION('',(0.,1.,0.));
#16926=DIRECTION('',(0.,0.,1.));
#16927=DIRECTION('center_axis',(8.79383703109425E-15,0.,1.));
#16928=DIRECTION('ref_axis',(1.,0.,-8.79383703109425E-15));
#16929=DIRECTION('',(1.,0.,-8.79383703109425E-15));
#16930=DIRECTION('',(1.,0.,-8.79383703109425E-15));
#16931=DIRECTION('center_axis',(8.79383703109425E-15,0.,-1.));
#16932=DIRECTION('ref_axis',(-1.,0.,-8.79383703109425E-15));
#16933=DIRECTION('',(-1.,0.,-8.79383703109425E-15));
#16934=DIRECTION('',(0.,1.,0.));
#16935=DIRECTION('',(-1.,0.,-8.79383703109425E-15));
#16936=DIRECTION('center_axis',(-1.,0.,0.));
#16937=DIRECTION('ref_axis',(0.,0.,1.));
#16938=DIRECTION('',(0.,0.,1.));
#16939=DIRECTION('',(0.,1.,0.));
#16940=DIRECTION('',(0.,0.,1.));
#16941=DIRECTION('center_axis',(8.79383703109425E-15,0.,1.));
#16942=DIRECTION('ref_axis',(1.,0.,-8.79383703109425E-15));
#16943=DIRECTION('',(1.,0.,-8.79383703109425E-15));
#16944=DIRECTION('',(1.,0.,-8.79383703109425E-15));
#16945=DIRECTION('center_axis',(-8.79383703109425E-15,0.,1.));
#16946=DIRECTION('ref_axis',(1.,0.,8.79383703109425E-15));
#16947=DIRECTION('',(1.,0.,8.79383703109425E-15));
#16948=DIRECTION('',(0.,1.,0.));
#16949=DIRECTION('',(1.,0.,8.79383703109425E-15));
#16950=DIRECTION('center_axis',(0.,1.,0.));
#16951=DIRECTION('ref_axis',(0.,0.,1.));
#16952=DIRECTION('',(-1.,0.,8.79383703109425E-15));
#16953=DIRECTION('',(0.,0.,-1.));
#16954=DIRECTION('center_axis',(-8.79383703109425E-15,0.,-1.));
#16955=DIRECTION('ref_axis',(-1.,0.,8.79383703109425E-15));
#16956=DIRECTION('',(-1.,0.,8.79383703109425E-15));
#16957=DIRECTION('',(0.,1.,0.));
#16958=DIRECTION('center_axis',(1.,0.,0.));
#16959=DIRECTION('ref_axis',(0.,0.,-1.));
#16960=DIRECTION('',(0.,0.,-1.));
#16961=DIRECTION('center_axis',(0.,1.,0.));
#16962=DIRECTION('ref_axis',(0.,0.,1.));
#16963=CARTESIAN_POINT('',(0.,0.,0.));
#16964=CARTESIAN_POINT('Origin',(8.88178419700125E-15,3.,0.));
#16965=CARTESIAN_POINT('',(48.,3.,-76.));
#16966=CARTESIAN_POINT('',(48.,3.,76.));
#16967=CARTESIAN_POINT('',(48.,3.,-38.));
#16968=CARTESIAN_POINT('',(-48.,3.,-76.));
#16969=CARTESIAN_POINT('Origin',(-2.79219470205596E-14,3.,-76.));
#16970=CARTESIAN_POINT('',(-48.,3.,76.));
#16971=CARTESIAN_POINT('',(-48.,3.,38.));
#16972=CARTESIAN_POINT('Origin',(0.,3.,76.));
#16973=CARTESIAN_POINT('Origin',(-48.,0.,76.));
#16974=CARTESIAN_POINT('',(-48.,95.,-76.));
#16975=CARTESIAN_POINT('',(-48.,0.,-76.));
#16976=CARTESIAN_POINT('',(-48.,95.,76.));
#16977=CARTESIAN_POINT('',(-48.,95.,76.));
#16978=CARTESIAN_POINT('',(-48.,0.,76.));
#16979=CARTESIAN_POINT('Origin',(-2.79219470205596E-14,0.,-76.));
#16980=CARTESIAN_POINT('',(48.,95.,-76.));
#16981=CARTESIAN_POINT('',(48.,0.,-76.));
#16982=CARTESIAN_POINT('Origin',(-2.79219470205596E-14,95.,-76.));
#16983=CARTESIAN_POINT('Origin',(0.,0.,76.));
#16984=CARTESIAN_POINT('',(49.9083634053892,0.,79.0257663815322));
#16985=CARTESIAN_POINT('',(49.9083634053892,95.,79.0257663815322));
#16986=CARTESIAN_POINT('',(49.9083634053892,0.,79.0257663815322));
#16987=CARTESIAN_POINT('',(49.9899989998,0.,77.));
#16988=CARTESIAN_POINT('Origin',(0.,0.,76.));
#16989=CARTESIAN_POINT('',(49.9899989998,95.,77.));
#16990=CARTESIAN_POINT('',(49.9899989998,0.,77.));
#16991=CARTESIAN_POINT('Origin',(0.,95.,76.));
#16992=CARTESIAN_POINT('Origin',(0.,0.,76.));
#16993=CARTESIAN_POINT('',(49.5030529228793,0.,83.0319095069981));
#16994=CARTESIAN_POINT('',(49.5030529228793,95.,83.0319095069981));
#16995=CARTESIAN_POINT('',(49.5030529228793,0.,83.0319095069981));
#16996=CARTESIAN_POINT('',(49.7474302679557,0.,81.0192809978006));
#16997=CARTESIAN_POINT('Origin',(0.,0.,76.));
#16998=CARTESIAN_POINT('',(49.7474302679557,95.,81.0192809978006));
#16999=CARTESIAN_POINT('',(49.7474302679557,0.,81.0192809978006));
#17000=CARTESIAN_POINT('Origin',(0.,95.,76.));
#17001=CARTESIAN_POINT('Origin',(0.,0.,76.));
#17002=CARTESIAN_POINT('',(48.7766961462799,0.,86.9924480009454));
#17003=CARTESIAN_POINT('',(48.7766961462799,95.,86.9924480009454));
#17004=CARTESIAN_POINT('',(48.7766961462799,0.,86.9924480009454));
#17005=CARTESIAN_POINT('',(49.1822303611638,0.,85.006010032274));
#17006=CARTESIAN_POINT('Origin',(0.,0.,76.));
#17007=CARTESIAN_POINT('',(49.1822303611638,95.,85.006010032274));
#17008=CARTESIAN_POINT('',(49.1822303611638,0.,85.006010032274));
#17009=CARTESIAN_POINT('Origin',(0.,95.,76.));
#17010=CARTESIAN_POINT('Origin',(0.,0.,76.));
#17011=CARTESIAN_POINT('',(47.7340037780131,0.,90.8816962514571));
#17012=CARTESIAN_POINT('',(47.7340037780131,95.,90.8816962514571));
#17013=CARTESIAN_POINT('',(47.7340037780131,0.,90.8816962514571));
#17014=CARTESIAN_POINT('',(48.2980648177048,0.,88.9343316357975));
#17015=CARTESIAN_POINT('Origin',(0.,0.,76.));
#17016=CARTESIAN_POINT('',(48.2980648177048,95.,88.9343316357975));
#17017=CARTESIAN_POINT('',(48.2980648177048,0.,88.9343316357975));
#17018=CARTESIAN_POINT('Origin',(0.,95.,76.));
#17019=CARTESIAN_POINT('Origin',(0.,0.,76.));
#17020=CARTESIAN_POINT('',(46.3817380782012,0.,94.6744309912013));
#17021=CARTESIAN_POINT('',(46.3817380782012,95.,94.6744309912013));
#17022=CARTESIAN_POINT('',(46.3817380782012,0.,94.6744309912013));
#17023=CARTESIAN_POINT('',(47.1006677904102,0.,92.7787691353514));
#17024=CARTESIAN_POINT('Origin',(0.,0.,76.));
#17025=CARTESIAN_POINT('',(47.1006677904102,95.,92.7787691353514));
#17026=CARTESIAN_POINT('',(47.1006677904102,0.,92.7787691353514));
#17027=CARTESIAN_POINT('Origin',(0.,95.,76.));
#17028=CARTESIAN_POINT('Origin',(0.,0.,76.));
#17029=CARTESIAN_POINT('',(44.7286690088146,0.,98.3460548799986));
#17030=CARTESIAN_POINT('',(44.7286690088146,95.,98.3460548799986));
#17031=CARTESIAN_POINT('',(44.7286690088146,0.,98.3460548799986));
#17032=CARTESIAN_POINT('',(45.5978048584811,0.,96.514389878519));
#17033=CARTESIAN_POINT('Origin',(0.,0.,76.));
#17034=CARTESIAN_POINT('',(45.5978048584811,95.,96.514389878519));
#17035=CARTESIAN_POINT('',(45.5978048584811,0.,96.514389878519));
#17036=CARTESIAN_POINT('Origin',(0.,95.,76.));
#17037=CARTESIAN_POINT('Origin',(0.,0.,76.));
#17038=CARTESIAN_POINT('',(42.785517357103,0.,101.872756028012));
#17039=CARTESIAN_POINT('',(42.785517357103,95.,101.872756028012));
#17040=CARTESIAN_POINT('',(42.785517357103,0.,101.872756028012));
#17041=CARTESIAN_POINT('',(43.7992226647271,0.,100.116966931305));
#17042=CARTESIAN_POINT('Origin',(0.,0.,76.));
#17043=CARTESIAN_POINT('',(43.7992226647271,95.,100.116966931305));
#17044=CARTESIAN_POINT('',(43.7992226647271,0.,100.116966931305));
#17045=CARTESIAN_POINT('Origin',(0.,95.,76.));
#17046=CARTESIAN_POINT('Origin',(0.,0.,76.));
#17047=CARTESIAN_POINT('',(40.5648852071763,0.,105.231662424991));
#17048=CARTESIAN_POINT('',(40.5648852071763,95.,105.231662424991));
#17049=CARTESIAN_POINT('',(40.5648852071763,0.,105.231662424991));
#17050=CARTESIAN_POINT('',(41.7165857048474,0.,103.5631361991));
#17051=CARTESIAN_POINT('Origin',(0.,0.,76.));
#17052=CARTESIAN_POINT('',(41.7165857048474,95.,103.5631361991));
#17053=CARTESIAN_POINT('',(41.7165857048474,0.,103.5631361991));
#17054=CARTESIAN_POINT('Origin',(0.,95.,76.));
#17055=CARTESIAN_POINT('Origin',(0.,0.,76.));
#17056=CARTESIAN_POINT('',(38.0811742106537,0.,108.400990274031));
#17057=CARTESIAN_POINT('',(38.0811742106537,95.,108.400990274031));
#17058=CARTESIAN_POINT('',(38.0811742106537,0.,108.400990274031));
#17059=CARTESIAN_POINT('',(39.3634006787004,0.,106.830547951798));
#17060=CARTESIAN_POINT('Origin',(0.,0.,76.));
#17061=CARTESIAN_POINT('',(39.3634006787004,95.,106.830547951798));
#17062=CARTESIAN_POINT('',(39.3634006787004,0.,106.830547951798));
#17063=CARTESIAN_POINT('Origin',(0.,95.,76.));
#17064=CARTESIAN_POINT('Origin',(0.,0.,76.));
#17065=CARTESIAN_POINT('',(35.3504921864258,0.,111.360185267861));
#17066=CARTESIAN_POINT('',(35.3504921864258,95.,111.360185267861));
#17067=CARTESIAN_POINT('',(35.3504921864258,0.,111.360185267861));
#17068=CARTESIAN_POINT('',(36.7549288941721,0.,109.898011770373));
#17069=CARTESIAN_POINT('Origin',(0.,0.,76.));
#17070=CARTESIAN_POINT('',(36.7549288941721,95.,109.898011770373));
#17071=CARTESIAN_POINT('',(36.7549288941721,0.,109.898011770373));
#17072=CARTESIAN_POINT('Origin',(0.,95.,76.));
#17073=CARTESIAN_POINT('Origin',(0.,0.,76.));
#17074=CARTESIAN_POINT('',(32.3905486552687,0.,114.090055891409));
#17075=CARTESIAN_POINT('',(32.3905486552687,95.,114.090055891409));
#17076=CARTESIAN_POINT('',(32.3905486552687,0.,114.090055891409));
#17077=CARTESIAN_POINT('',(33.9080872917382,0.,112.74563397488));
#17078=CARTESIAN_POINT('Origin',(0.,0.,76.));
#17079=CARTESIAN_POINT('',(33.9080872917382,95.,112.74563397488));
#17080=CARTESIAN_POINT('',(33.9080872917382,0.,112.74563397488));
#17081=CARTESIAN_POINT('Origin',(0.,95.,76.));
#17082=CARTESIAN_POINT('Origin',(0.,0.,76.));
#17083=CARTESIAN_POINT('',(29.2205399868058,0.,116.572897886144));
#17084=CARTESIAN_POINT('',(29.2205399868058,95.,116.572897886144));
#17085=CARTESIAN_POINT('',(29.2205399868058,0.,116.572897886144));
#17086=CARTESIAN_POINT('',(30.8413387316134,0.,115.3549466426));
#17087=CARTESIAN_POINT('Origin',(0.,0.,76.));
#17088=CARTESIAN_POINT('',(30.8413387316134,95.,115.3549466426));
#17089=CARTESIAN_POINT('',(30.8413387316134,0.,115.3549466426));
#17090=CARTESIAN_POINT('Origin',(0.,95.,76.));
#17091=CARTESIAN_POINT('Origin',(0.,0.,76.));
#17092=CARTESIAN_POINT('',(25.8610249036844,0.,118.792609068985));
#17093=CARTESIAN_POINT('',(25.8610249036844,95.,118.792609068985));
#17094=CARTESIAN_POINT('',(25.8610249036844,0.,118.792609068985));
#17095=CARTESIAN_POINT('',(27.5745722550185,0.,117.709027379607));
#17096=CARTESIAN_POINT('Origin',(0.,0.,76.));
#17097=CARTESIAN_POINT('',(27.5745722550185,95.,117.709027379607));
#17098=CARTESIAN_POINT('',(27.5745722550185,0.,117.709027379607));
#17099=CARTESIAN_POINT('Origin',(0.,95.,76.));
#17100=CARTESIAN_POINT('Origin',(0.,0.,76.));
#17101=CARTESIAN_POINT('',(22.3337911503708,0.,120.734793761139));
#17102=CARTESIAN_POINT('',(22.3337911503708,95.,120.734793761139));
#17103=CARTESIAN_POINT('',(22.3337911503708,0.,120.734793761139));
#17104=CARTESIAN_POINT('',(24.1289740961156,0.,119.792609068985));
#17105=CARTESIAN_POINT('Origin',(0.,0.,76.));
#17106=CARTESIAN_POINT('',(24.1289740961156,95.,119.792609068985));
#17107=CARTESIAN_POINT('',(24.1289740961156,0.,119.792609068985));
#17108=CARTESIAN_POINT('Origin',(0.,95.,76.));
#17109=CARTESIAN_POINT('Origin',(0.,0.,76.));
#17110=CARTESIAN_POINT('',(18.661714191266,0.,122.386856149598));
#17111=CARTESIAN_POINT('',(18.661714191266,95.,122.386856149598));
#17112=CARTESIAN_POINT('',(18.661714191266,0.,122.386856149598));
#17113=CARTESIAN_POINT('',(20.52689028115,0.,121.592178883945));
#17114=CARTESIAN_POINT('Origin',(0.,0.,76.));
#17115=CARTESIAN_POINT('',(20.52689028115,95.,121.592178883945));
#17116=CARTESIAN_POINT('',(20.52689028115,0.,121.592178883945));
#17117=CARTESIAN_POINT('Origin',(0.,95.,76.));
#17118=CARTESIAN_POINT('Origin',(0.,0.,76.));
#17119=CARTESIAN_POINT('',(14.8686088545417,0.,123.738081975826));
#17120=CARTESIAN_POINT('',(14.8686088545417,95.,123.738081975826));
#17121=CARTESIAN_POINT('',(14.8686088545417,0.,123.738081975826));
#17122=CARTESIAN_POINT('',(16.7916817058952,0.,123.096065923683));
#17123=CARTESIAN_POINT('Origin',(0.,0.,76.));
#17124=CARTESIAN_POINT('',(16.7916817058952,95.,123.096065923683));
#17125=CARTESIAN_POINT('',(16.7916817058952,0.,123.096065923683));
#17126=CARTESIAN_POINT('Origin',(0.,95.,76.));
#17127=CARTESIAN_POINT('Origin',(0.,0.,76.));
#17128=CARTESIAN_POINT('',(10.979074883841,0.,124.77970802183));
#17129=CARTESIAN_POINT('',(10.979074883841,95.,124.77970802183));
#17130=CARTESIAN_POINT('',(10.979074883841,0.,124.77970802183));
#17131=CARTESIAN_POINT('',(12.947572631279,0.,124.294516903659));
#17132=CARTESIAN_POINT('Origin',(0.,0.,76.));
#17133=CARTESIAN_POINT('',(12.947572631279,95.,124.294516903659));
#17134=CARTESIAN_POINT('',(12.947572631279,0.,124.294516903659));
#17135=CARTESIAN_POINT('Origin',(0.,95.,76.));
#17136=CARTESIAN_POINT('Origin',(0.,0.,76.));
#17137=CARTESIAN_POINT('',(7.0183373995009,0.,125.504978942999));
#17138=CARTESIAN_POINT('',(7.0183373995009,95.,125.504978942999));
#17139=CARTESIAN_POINT('',(7.0183373995009,0.,125.504978942999));
#17140=CARTESIAN_POINT('',(9.01949357975651,0.,125.179759409382));
#17141=CARTESIAN_POINT('Origin',(0.,0.,76.));
#17142=CARTESIAN_POINT('',(9.01949357975651,95.,125.179759409382));
#17143=CARTESIAN_POINT('',(9.01949357975651,0.,125.179759409382));
#17144=CARTESIAN_POINT('Origin',(0.,95.,76.));
#17145=CARTESIAN_POINT('Origin',(0.,0.,76.));
#17146=CARTESIAN_POINT('',(3.01208330396726,0.,125.909191079098));
#17147=CARTESIAN_POINT('',(3.01208330396726,95.,125.909191079098));
#17148=CARTESIAN_POINT('',(3.01208330396726,0.,125.909191079098));
#17149=CARTESIAN_POINT('',(5.0329196513048,0.,125.74605230351));
#17150=CARTESIAN_POINT('Origin',(0.,0.,76.));
#17151=CARTESIAN_POINT('',(5.0329196513048,95.,125.74605230351));
#17152=CARTESIAN_POINT('',(5.0329196513048,0.,125.74605230351));
#17153=CARTESIAN_POINT('Origin',(0.,95.,76.));
#17154=CARTESIAN_POINT('Origin',(0.,0.,76.));
#17155=CARTESIAN_POINT('',(-1.01370530762406,0.,125.989722959317));
#17156=CARTESIAN_POINT('',(-1.01370530762406,95.,125.989722959317));
#17157=CARTESIAN_POINT('',(-1.01370530762406,0.,125.989722959317));
#17158=CARTESIAN_POINT('',(1.01370530762413,0.,125.989722959317));
#17159=CARTESIAN_POINT('Origin',(0.,0.,76.));
#17160=CARTESIAN_POINT('',(1.01370530762413,95.,125.989722959317));
#17161=CARTESIAN_POINT('',(1.01370530762413,0.,125.989722959317));
#17162=CARTESIAN_POINT('Origin',(0.,95.,76.));
#17163=CARTESIAN_POINT('Origin',(0.,0.,76.));
#17164=CARTESIAN_POINT('',(-5.03291965130473,0.,125.74605230351));
#17165=CARTESIAN_POINT('',(-5.03291965130473,95.,125.74605230351));
#17166=CARTESIAN_POINT('',(-5.03291965130473,0.,125.74605230351));
#17167=CARTESIAN_POINT('',(-3.01208330396719,0.,125.909191079099));
#17168=CARTESIAN_POINT('Origin',(0.,0.,76.));
#17169=CARTESIAN_POINT('',(-3.01208330396719,95.,125.909191079099));
#17170=CARTESIAN_POINT('',(-3.01208330396719,0.,125.909191079099));
#17171=CARTESIAN_POINT('Origin',(0.,95.,76.));
#17172=CARTESIAN_POINT('Origin',(0.,0.,76.));
#17173=CARTESIAN_POINT('',(-9.01949357975647,0.,125.179759409382));
#17174=CARTESIAN_POINT('',(-9.01949357975647,95.,125.179759409382));
#17175=CARTESIAN_POINT('',(-9.01949357975647,0.,125.179759409382));
#17176=CARTESIAN_POINT('',(-7.01833739950083,0.,125.504978942999));
#17177=CARTESIAN_POINT('Origin',(0.,0.,76.));
#17178=CARTESIAN_POINT('',(-7.01833739950083,95.,125.504978942999));
#17179=CARTESIAN_POINT('',(-7.01833739950083,0.,125.504978942999));
#17180=CARTESIAN_POINT('Origin',(0.,95.,76.));
#17181=CARTESIAN_POINT('Origin',(0.,0.,76.));
#17182=CARTESIAN_POINT('',(-12.947572631279,0.,124.294516903659));
#17183=CARTESIAN_POINT('',(-12.947572631279,95.,124.294516903659));
#17184=CARTESIAN_POINT('',(-12.947572631279,0.,124.294516903659));
#17185=CARTESIAN_POINT('',(-10.979074883841,0.,124.77970802183));
#17186=CARTESIAN_POINT('Origin',(0.,0.,76.));
#17187=CARTESIAN_POINT('',(-10.979074883841,95.,124.77970802183));
#17188=CARTESIAN_POINT('',(-10.979074883841,0.,124.77970802183));
#17189=CARTESIAN_POINT('Origin',(0.,95.,76.));
#17190=CARTESIAN_POINT('Origin',(0.,0.,76.));
#17191=CARTESIAN_POINT('',(-16.7916817058951,0.,123.096065923683));
#17192=CARTESIAN_POINT('',(-16.7916817058951,95.,123.096065923683));
#17193=CARTESIAN_POINT('',(-16.7916817058951,0.,123.096065923683));
#17194=CARTESIAN_POINT('',(-14.8686088545417,0.,123.738081975826));
#17195=CARTESIAN_POINT('Origin',(0.,0.,76.));
#17196=CARTESIAN_POINT('',(-14.8686088545417,95.,123.738081975826));
#17197=CARTESIAN_POINT('',(-14.8686088545417,0.,123.738081975826));
#17198=CARTESIAN_POINT('Origin',(0.,95.,76.));
#17199=CARTESIAN_POINT('Origin',(0.,0.,76.));
#17200=CARTESIAN_POINT('',(-20.52689028115,0.,121.592178883945));
#17201=CARTESIAN_POINT('',(-20.52689028115,95.,121.592178883945));
#17202=CARTESIAN_POINT('',(-20.52689028115,0.,121.592178883945));
#17203=CARTESIAN_POINT('',(-18.6617141912659,0.,122.386856149598));
#17204=CARTESIAN_POINT('Origin',(0.,0.,76.));
#17205=CARTESIAN_POINT('',(-18.6617141912659,95.,122.386856149598));
#17206=CARTESIAN_POINT('',(-18.6617141912659,0.,122.386856149598));
#17207=CARTESIAN_POINT('Origin',(0.,95.,76.));
#17208=CARTESIAN_POINT('Origin',(0.,0.,76.));
#17209=CARTESIAN_POINT('',(-24.1289740961155,0.,119.792609068985));
#17210=CARTESIAN_POINT('',(-24.1289740961155,95.,119.792609068985));
#17211=CARTESIAN_POINT('',(-24.1289740961155,0.,119.792609068985));
#17212=CARTESIAN_POINT('',(-22.3337911503707,0.,120.734793761139));
#17213=CARTESIAN_POINT('Origin',(0.,0.,76.));
#17214=CARTESIAN_POINT('',(-22.3337911503707,95.,120.734793761139));
#17215=CARTESIAN_POINT('',(-22.3337911503707,0.,120.734793761139));
#17216=CARTESIAN_POINT('Origin',(0.,95.,76.));
#17217=CARTESIAN_POINT('Origin',(0.,0.,76.));
#17218=CARTESIAN_POINT('',(-27.5745722550184,0.,117.709027379607));
#17219=CARTESIAN_POINT('',(-27.5745722550184,95.,117.709027379607));
#17220=CARTESIAN_POINT('',(-27.5745722550184,0.,117.709027379607));
#17221=CARTESIAN_POINT('',(-25.8610249036844,0.,118.792609068985));
#17222=CARTESIAN_POINT('Origin',(0.,0.,76.));
#17223=CARTESIAN_POINT('',(-25.8610249036844,95.,118.792609068985));
#17224=CARTESIAN_POINT('',(-25.8610249036844,0.,118.792609068985));
#17225=CARTESIAN_POINT('Origin',(0.,95.,76.));
#17226=CARTESIAN_POINT('Origin',(0.,0.,76.));
#17227=CARTESIAN_POINT('',(-30.8413387316134,0.,115.3549466426));
#17228=CARTESIAN_POINT('',(-30.8413387316134,95.,115.3549466426));
#17229=CARTESIAN_POINT('',(-30.8413387316134,0.,115.3549466426));
#17230=CARTESIAN_POINT('',(-29.2205399868057,0.,116.572897886144));
#17231=CARTESIAN_POINT('Origin',(0.,0.,76.));
#17232=CARTESIAN_POINT('',(-29.2205399868057,95.,116.572897886144));
#17233=CARTESIAN_POINT('',(-29.2205399868057,0.,116.572897886144));
#17234=CARTESIAN_POINT('Origin',(0.,95.,76.));
#17235=CARTESIAN_POINT('Origin',(0.,0.,76.));
#17236=CARTESIAN_POINT('',(-33.9080872917381,0.,112.74563397488));
#17237=CARTESIAN_POINT('',(-33.9080872917381,95.,112.74563397488));
#17238=CARTESIAN_POINT('',(-33.9080872917381,0.,112.74563397488));
#17239=CARTESIAN_POINT('',(-32.3905486552687,0.,114.090055891409));
#17240=CARTESIAN_POINT('Origin',(0.,0.,76.));
#17241=CARTESIAN_POINT('',(-32.3905486552687,95.,114.090055891409));
#17242=CARTESIAN_POINT('',(-32.3905486552687,0.,114.090055891409));
#17243=CARTESIAN_POINT('Origin',(0.,95.,76.));
#17244=CARTESIAN_POINT('Origin',(0.,0.,76.));
#17245=CARTESIAN_POINT('',(-36.7549288941721,0.,109.898011770373));
#17246=CARTESIAN_POINT('',(-36.7549288941721,95.,109.898011770373));
#17247=CARTESIAN_POINT('',(-36.7549288941721,0.,109.898011770373));
#17248=CARTESIAN_POINT('',(-35.3504921864258,0.,111.360185267861));
#17249=CARTESIAN_POINT('Origin',(0.,0.,76.));
#17250=CARTESIAN_POINT('',(-35.3504921864258,95.,111.360185267861));
#17251=CARTESIAN_POINT('',(-35.3504921864258,0.,111.360185267861));
#17252=CARTESIAN_POINT('Origin',(0.,95.,76.));
#17253=CARTESIAN_POINT('Origin',(0.,0.,76.));
#17254=CARTESIAN_POINT('',(-39.3634006787004,0.,106.830547951798));
#17255=CARTESIAN_POINT('',(-39.3634006787004,95.,106.830547951798));
#17256=CARTESIAN_POINT('',(-39.3634006787004,0.,106.830547951798));
#17257=CARTESIAN_POINT('',(-38.0811742106536,0.,108.400990274031));
#17258=CARTESIAN_POINT('Origin',(0.,0.,76.));
#17259=CARTESIAN_POINT('',(-38.0811742106536,95.,108.400990274031));
#17260=CARTESIAN_POINT('',(-38.0811742106536,0.,108.400990274031));
#17261=CARTESIAN_POINT('Origin',(0.,95.,76.));
#17262=CARTESIAN_POINT('Origin',(0.,0.,76.));
#17263=CARTESIAN_POINT('',(-41.7165857048474,0.,103.5631361991));
#17264=CARTESIAN_POINT('',(-41.7165857048474,95.,103.5631361991));
#17265=CARTESIAN_POINT('',(-41.7165857048474,0.,103.5631361991));
#17266=CARTESIAN_POINT('',(-40.5648852071763,0.,105.231662424991));
#17267=CARTESIAN_POINT('Origin',(0.,0.,76.));
#17268=CARTESIAN_POINT('',(-40.5648852071763,95.,105.231662424991));
#17269=CARTESIAN_POINT('',(-40.5648852071763,0.,105.231662424991));
#17270=CARTESIAN_POINT('Origin',(0.,95.,76.));
#17271=CARTESIAN_POINT('Origin',(0.,0.,76.));
#17272=CARTESIAN_POINT('',(-43.799222664727,0.,100.116966931305));
#17273=CARTESIAN_POINT('',(-43.799222664727,95.,100.116966931305));
#17274=CARTESIAN_POINT('',(-43.799222664727,0.,100.116966931305));
#17275=CARTESIAN_POINT('',(-42.7855173571029,0.,101.872756028012));
#17276=CARTESIAN_POINT('Origin',(0.,0.,76.));
#17277=CARTESIAN_POINT('',(-42.7855173571029,95.,101.872756028012));
#17278=CARTESIAN_POINT('',(-42.7855173571029,0.,101.872756028012));
#17279=CARTESIAN_POINT('Origin',(0.,95.,76.));
#17280=CARTESIAN_POINT('Origin',(0.,0.,76.));
#17281=CARTESIAN_POINT('',(-45.5978048584811,0.,96.514389878519));
#17282=CARTESIAN_POINT('',(-45.5978048584811,95.,96.514389878519));
#17283=CARTESIAN_POINT('',(-45.5978048584811,0.,96.514389878519));
#17284=CARTESIAN_POINT('',(-44.7286690088146,0.,98.3460548799987));
#17285=CARTESIAN_POINT('Origin',(0.,0.,76.));
#17286=CARTESIAN_POINT('',(-44.7286690088146,95.,98.3460548799987));
#17287=CARTESIAN_POINT('',(-44.7286690088146,0.,98.3460548799987));
#17288=CARTESIAN_POINT('Origin',(0.,95.,76.));
#17289=CARTESIAN_POINT('Origin',(0.,0.,76.));
#17290=CARTESIAN_POINT('',(-47.1006677904101,0.,92.7787691353515));
#17291=CARTESIAN_POINT('',(-47.1006677904101,95.,92.7787691353515));
#17292=CARTESIAN_POINT('',(-47.1006677904101,0.,92.7787691353515));
#17293=CARTESIAN_POINT('',(-46.3817380782012,0.,94.6744309912013));
#17294=CARTESIAN_POINT('Origin',(0.,0.,76.));
#17295=CARTESIAN_POINT('',(-46.3817380782012,95.,94.6744309912013));
#17296=CARTESIAN_POINT('',(-46.3817380782012,0.,94.6744309912013));
#17297=CARTESIAN_POINT('Origin',(0.,95.,76.));
#17298=CARTESIAN_POINT('Origin',(0.,0.,76.));
#17299=CARTESIAN_POINT('',(-48.2980648177047,0.,88.9343316357976));
#17300=CARTESIAN_POINT('',(-48.2980648177047,95.,88.9343316357976));
#17301=CARTESIAN_POINT('',(-48.2980648177047,0.,88.9343316357976));
#17302=CARTESIAN_POINT('',(-47.7340037780131,0.,90.8816962514572));
#17303=CARTESIAN_POINT('Origin',(0.,0.,76.));
#17304=CARTESIAN_POINT('',(-47.7340037780131,95.,90.8816962514572));
#17305=CARTESIAN_POINT('',(-47.7340037780131,0.,90.8816962514572));
#17306=CARTESIAN_POINT('Origin',(0.,95.,76.));
#17307=CARTESIAN_POINT('Origin',(0.,0.,76.));
#17308=CARTESIAN_POINT('',(-49.1822303611638,0.,85.006010032274));
#17309=CARTESIAN_POINT('',(-49.1822303611638,95.,85.006010032274));
#17310=CARTESIAN_POINT('',(-49.1822303611638,0.,85.006010032274));
#17311=CARTESIAN_POINT('',(-48.7766961462799,0.,86.9924480009455));
#17312=CARTESIAN_POINT('Origin',(0.,0.,76.));
#17313=CARTESIAN_POINT('',(-48.7766961462799,95.,86.9924480009455));
#17314=CARTESIAN_POINT('',(-48.7766961462799,0.,86.9924480009455));
#17315=CARTESIAN_POINT('Origin',(0.,95.,76.));
#17316=CARTESIAN_POINT('Origin',(0.,0.,76.));
#17317=CARTESIAN_POINT('',(-49.7474302679557,0.,81.0192809978007));
#17318=CARTESIAN_POINT('',(-49.7474302679557,95.,81.0192809978007));
#17319=CARTESIAN_POINT('',(-49.7474302679557,0.,81.0192809978007));
#17320=CARTESIAN_POINT('',(-49.5030529228793,0.,83.0319095069982));
#17321=CARTESIAN_POINT('Origin',(0.,0.,76.));
#17322=CARTESIAN_POINT('',(-49.5030529228793,95.,83.0319095069982));
#17323=CARTESIAN_POINT('',(-49.5030529228793,0.,83.0319095069982));
#17324=CARTESIAN_POINT('Origin',(0.,95.,76.));
#17325=CARTESIAN_POINT('Origin',(50.,0.,76.));
#17326=CARTESIAN_POINT('',(50.,0.,6.99999999999998));
#17327=CARTESIAN_POINT('',(50.,95.,6.99999999999998));
#17328=CARTESIAN_POINT('',(50.,0.,6.99999999999999));
#17329=CARTESIAN_POINT('',(50.,0.,4.99999999999997));
#17330=CARTESIAN_POINT('',(50.,0.,76.));
#17331=CARTESIAN_POINT('',(50.,95.,4.99999999999997));
#17332=CARTESIAN_POINT('',(50.,0.,4.99999999999998));
#17333=CARTESIAN_POINT('',(50.,95.,76.));
#17334=CARTESIAN_POINT('Origin',(50.,0.,76.));
#17335=CARTESIAN_POINT('',(50.,0.,11.));
#17336=CARTESIAN_POINT('',(50.,95.,11.));
#17337=CARTESIAN_POINT('',(50.,0.,11.));
#17338=CARTESIAN_POINT('',(50.,0.,8.99999999999997));
#17339=CARTESIAN_POINT('',(50.,0.,76.));
#17340=CARTESIAN_POINT('',(50.,95.,8.99999999999997));
#17341=CARTESIAN_POINT('',(50.,0.,8.99999999999997));
#17342=CARTESIAN_POINT('',(50.,95.,76.));
#17343=CARTESIAN_POINT('Origin',(50.,0.,76.));
#17344=CARTESIAN_POINT('',(50.,0.,15.));
#17345=CARTESIAN_POINT('',(50.,95.,15.));
#17346=CARTESIAN_POINT('',(50.,0.,15.));
#17347=CARTESIAN_POINT('',(50.,0.,13.));
#17348=CARTESIAN_POINT('',(50.,0.,76.));
#17349=CARTESIAN_POINT('',(50.,95.,13.));
#17350=CARTESIAN_POINT('',(50.,0.,13.));
#17351=CARTESIAN_POINT('',(50.,95.,76.));
#17352=CARTESIAN_POINT('Origin',(50.,0.,76.));
#17353=CARTESIAN_POINT('',(50.,0.,19.));
#17354=CARTESIAN_POINT('',(50.,95.,19.));
#17355=CARTESIAN_POINT('',(50.,0.,19.));
#17356=CARTESIAN_POINT('',(50.,0.,17.));
#17357=CARTESIAN_POINT('',(50.,0.,76.));
#17358=CARTESIAN_POINT('',(50.,95.,17.));
#17359=CARTESIAN_POINT('',(50.,0.,17.));
#17360=CARTESIAN_POINT('',(50.,95.,76.));
#17361=CARTESIAN_POINT('Origin',(50.,0.,76.));
#17362=CARTESIAN_POINT('',(50.,0.,23.));
#17363=CARTESIAN_POINT('',(50.,95.,23.));
#17364=CARTESIAN_POINT('',(50.,0.,23.));
#17365=CARTESIAN_POINT('',(50.,0.,21.));
#17366=CARTESIAN_POINT('',(50.,0.,76.));
#17367=CARTESIAN_POINT('',(50.,95.,21.));
#17368=CARTESIAN_POINT('',(50.,0.,21.));
#17369=CARTESIAN_POINT('',(50.,95.,76.));
#17370=CARTESIAN_POINT('Origin',(50.,0.,76.));
#17371=CARTESIAN_POINT('',(50.,0.,27.));
#17372=CARTESIAN_POINT('',(50.,95.,27.));
#17373=CARTESIAN_POINT('',(50.,0.,27.));
#17374=CARTESIAN_POINT('',(50.,0.,25.));
#17375=CARTESIAN_POINT('',(50.,0.,76.));
#17376=CARTESIAN_POINT('',(50.,95.,25.));
#17377=CARTESIAN_POINT('',(50.,0.,25.));
#17378=CARTESIAN_POINT('',(50.,95.,76.));
#17379=CARTESIAN_POINT('Origin',(50.,0.,76.));
#17380=CARTESIAN_POINT('',(50.,0.,31.));
#17381=CARTESIAN_POINT('',(50.,95.,31.));
#17382=CARTESIAN_POINT('',(50.,0.,31.));
#17383=CARTESIAN_POINT('',(50.,0.,29.));
#17384=CARTESIAN_POINT('',(50.,0.,76.));
#17385=CARTESIAN_POINT('',(50.,95.,29.));
#17386=CARTESIAN_POINT('',(50.,0.,29.));
#17387=CARTESIAN_POINT('',(50.,95.,76.));
#17388=CARTESIAN_POINT('Origin',(50.,0.,76.));
#17389=CARTESIAN_POINT('',(50.,0.,35.));
#17390=CARTESIAN_POINT('',(50.,95.,35.));
#17391=CARTESIAN_POINT('',(50.,0.,35.));
#17392=CARTESIAN_POINT('',(50.,0.,33.));
#17393=CARTESIAN_POINT('',(50.,0.,76.));
#17394=CARTESIAN_POINT('',(50.,95.,33.));
#17395=CARTESIAN_POINT('',(50.,0.,33.));
#17396=CARTESIAN_POINT('',(50.,95.,76.));
#17397=CARTESIAN_POINT('Origin',(50.,0.,76.));
#17398=CARTESIAN_POINT('',(50.,0.,39.));
#17399=CARTESIAN_POINT('',(50.,95.,39.));
#17400=CARTESIAN_POINT('',(50.,0.,39.));
#17401=CARTESIAN_POINT('',(50.,0.,37.));
#17402=CARTESIAN_POINT('',(50.,0.,76.));
#17403=CARTESIAN_POINT('',(50.,95.,37.));
#17404=CARTESIAN_POINT('',(50.,0.,37.));
#17405=CARTESIAN_POINT('',(50.,95.,76.));
#17406=CARTESIAN_POINT('Origin',(50.,0.,76.));
#17407=CARTESIAN_POINT('',(50.,0.,43.));
#17408=CARTESIAN_POINT('',(50.,95.,43.));
#17409=CARTESIAN_POINT('',(50.,0.,43.));
#17410=CARTESIAN_POINT('',(50.,0.,41.));
#17411=CARTESIAN_POINT('',(50.,0.,76.));
#17412=CARTESIAN_POINT('',(50.,95.,41.));
#17413=CARTESIAN_POINT('',(50.,0.,41.));
#17414=CARTESIAN_POINT('',(50.,95.,76.));
#17415=CARTESIAN_POINT('Origin',(50.,0.,76.));
#17416=CARTESIAN_POINT('',(50.,0.,47.));
#17417=CARTESIAN_POINT('',(50.,95.,47.));
#17418=CARTESIAN_POINT('',(50.,0.,47.));
#17419=CARTESIAN_POINT('',(50.,0.,45.));
#17420=CARTESIAN_POINT('',(50.,0.,76.));
#17421=CARTESIAN_POINT('',(50.,95.,45.));
#17422=CARTESIAN_POINT('',(50.,0.,45.));
#17423=CARTESIAN_POINT('',(50.,95.,76.));
#17424=CARTESIAN_POINT('Origin',(50.,0.,76.));
#17425=CARTESIAN_POINT('',(50.,0.,51.));
#17426=CARTESIAN_POINT('',(50.,95.,51.));
#17427=CARTESIAN_POINT('',(50.,0.,51.));
#17428=CARTESIAN_POINT('',(50.,0.,49.));
#17429=CARTESIAN_POINT('',(50.,0.,76.));
#17430=CARTESIAN_POINT('',(50.,95.,49.));
#17431=CARTESIAN_POINT('',(50.,0.,49.));
#17432=CARTESIAN_POINT('',(50.,95.,76.));
#17433=CARTESIAN_POINT('Origin',(50.,0.,76.));
#17434=CARTESIAN_POINT('',(50.,0.,55.));
#17435=CARTESIAN_POINT('',(50.,95.,55.));
#17436=CARTESIAN_POINT('',(50.,0.,55.));
#17437=CARTESIAN_POINT('',(50.,0.,53.));
#17438=CARTESIAN_POINT('',(50.,0.,76.));
#17439=CARTESIAN_POINT('',(50.,95.,53.));
#17440=CARTESIAN_POINT('',(50.,0.,53.));
#17441=CARTESIAN_POINT('',(50.,95.,76.));
#17442=CARTESIAN_POINT('Origin',(50.,0.,76.));
#17443=CARTESIAN_POINT('',(50.,0.,59.));
#17444=CARTESIAN_POINT('',(50.,95.,59.));
#17445=CARTESIAN_POINT('',(50.,0.,59.));
#17446=CARTESIAN_POINT('',(50.,0.,57.));
#17447=CARTESIAN_POINT('',(50.,0.,76.));
#17448=CARTESIAN_POINT('',(50.,95.,57.));
#17449=CARTESIAN_POINT('',(50.,0.,57.));
#17450=CARTESIAN_POINT('',(50.,95.,76.));
#17451=CARTESIAN_POINT('Origin',(50.,0.,76.));
#17452=CARTESIAN_POINT('',(50.,0.,63.));
#17453=CARTESIAN_POINT('',(50.,95.,63.));
#17454=CARTESIAN_POINT('',(50.,0.,63.));
#17455=CARTESIAN_POINT('',(50.,0.,61.));
#17456=CARTESIAN_POINT('',(50.,0.,76.));
#17457=CARTESIAN_POINT('',(50.,95.,61.));
#17458=CARTESIAN_POINT('',(50.,0.,61.));
#17459=CARTESIAN_POINT('',(50.,95.,76.));
#17460=CARTESIAN_POINT('Origin',(50.,0.,76.));
#17461=CARTESIAN_POINT('',(50.,0.,67.));
#17462=CARTESIAN_POINT('',(50.,95.,67.));
#17463=CARTESIAN_POINT('',(50.,0.,67.));
#17464=CARTESIAN_POINT('',(50.,0.,65.));
#17465=CARTESIAN_POINT('',(50.,0.,76.));
#17466=CARTESIAN_POINT('',(50.,95.,65.));
#17467=CARTESIAN_POINT('',(50.,0.,65.));
#17468=CARTESIAN_POINT('',(50.,95.,76.));
#17469=CARTESIAN_POINT('Origin',(50.,0.,76.));
#17470=CARTESIAN_POINT('',(50.,0.,71.));
#17471=CARTESIAN_POINT('',(50.,95.,71.));
#17472=CARTESIAN_POINT('',(50.,0.,71.));
#17473=CARTESIAN_POINT('',(50.,0.,69.));
#17474=CARTESIAN_POINT('',(50.,0.,76.));
#17475=CARTESIAN_POINT('',(50.,95.,69.));
#17476=CARTESIAN_POINT('',(50.,0.,69.));
#17477=CARTESIAN_POINT('',(50.,95.,76.));
#17478=CARTESIAN_POINT('Origin',(50.,0.,76.));
#17479=CARTESIAN_POINT('',(50.,0.,75.));
#17480=CARTESIAN_POINT('',(50.,95.,75.));
#17481=CARTESIAN_POINT('',(50.,0.,75.));
#17482=CARTESIAN_POINT('',(50.,0.,73.));
#17483=CARTESIAN_POINT('',(50.,0.,76.));
#17484=CARTESIAN_POINT('',(50.,95.,73.));
#17485=CARTESIAN_POINT('',(50.,0.,73.));
#17486=CARTESIAN_POINT('',(50.,95.,76.));
#17487=CARTESIAN_POINT('Origin',(50.,0.,76.));
#17488=CARTESIAN_POINT('',(50.,0.,-73.));
#17489=CARTESIAN_POINT('',(50.,95.,-73.));
#17490=CARTESIAN_POINT('',(50.,0.,-73.));
#17491=CARTESIAN_POINT('',(50.,0.,-75.));
#17492=CARTESIAN_POINT('',(50.,0.,76.));
#17493=CARTESIAN_POINT('',(50.,95.,-75.));
#17494=CARTESIAN_POINT('',(50.,0.,-75.));
#17495=CARTESIAN_POINT('',(50.,95.,76.));
#17496=CARTESIAN_POINT('Origin',(50.,0.,76.));
#17497=CARTESIAN_POINT('',(50.,0.,-69.));
#17498=CARTESIAN_POINT('',(50.,95.,-69.));
#17499=CARTESIAN_POINT('',(50.,0.,-69.));
#17500=CARTESIAN_POINT('',(50.,0.,-71.));
#17501=CARTESIAN_POINT('',(50.,0.,76.));
#17502=CARTESIAN_POINT('',(50.,95.,-71.));
#17503=CARTESIAN_POINT('',(50.,0.,-71.));
#17504=CARTESIAN_POINT('',(50.,95.,76.));
#17505=CARTESIAN_POINT('Origin',(50.,0.,76.));
#17506=CARTESIAN_POINT('',(50.,0.,-65.));
#17507=CARTESIAN_POINT('',(50.,95.,-65.));
#17508=CARTESIAN_POINT('',(50.,0.,-65.));
#17509=CARTESIAN_POINT('',(50.,0.,-67.));
#17510=CARTESIAN_POINT('',(50.,0.,76.));
#17511=CARTESIAN_POINT('',(50.,95.,-67.));
#17512=CARTESIAN_POINT('',(50.,0.,-67.));
#17513=CARTESIAN_POINT('',(50.,95.,76.));
#17514=CARTESIAN_POINT('Origin',(50.,0.,76.));
#17515=CARTESIAN_POINT('',(50.,0.,-61.));
#17516=CARTESIAN_POINT('',(50.,95.,-61.));
#17517=CARTESIAN_POINT('',(50.,0.,-61.));
#17518=CARTESIAN_POINT('',(50.,0.,-63.));
#17519=CARTESIAN_POINT('',(50.,0.,76.));
#17520=CARTESIAN_POINT('',(50.,95.,-63.));
#17521=CARTESIAN_POINT('',(50.,0.,-63.));
#17522=CARTESIAN_POINT('',(50.,95.,76.));
#17523=CARTESIAN_POINT('Origin',(50.,0.,76.));
#17524=CARTESIAN_POINT('',(50.,0.,-57.));
#17525=CARTESIAN_POINT('',(50.,95.,-57.));
#17526=CARTESIAN_POINT('',(50.,0.,-57.));
#17527=CARTESIAN_POINT('',(50.,0.,-59.));
#17528=CARTESIAN_POINT('',(50.,0.,76.));
#17529=CARTESIAN_POINT('',(50.,95.,-59.));
#17530=CARTESIAN_POINT('',(50.,0.,-59.));
#17531=CARTESIAN_POINT('',(50.,95.,76.));
#17532=CARTESIAN_POINT('Origin',(50.,0.,76.));
#17533=CARTESIAN_POINT('',(50.,0.,-53.));
#17534=CARTESIAN_POINT('',(50.,95.,-53.));
#17535=CARTESIAN_POINT('',(50.,0.,-53.));
#17536=CARTESIAN_POINT('',(50.,0.,-55.));
#17537=CARTESIAN_POINT('',(50.,0.,76.));
#17538=CARTESIAN_POINT('',(50.,95.,-55.));
#17539=CARTESIAN_POINT('',(50.,0.,-55.));
#17540=CARTESIAN_POINT('',(50.,95.,76.));
#17541=CARTESIAN_POINT('Origin',(50.,0.,76.));
#17542=CARTESIAN_POINT('',(50.,0.,-49.));
#17543=CARTESIAN_POINT('',(50.,95.,-49.));
#17544=CARTESIAN_POINT('',(50.,0.,-49.));
#17545=CARTESIAN_POINT('',(50.,0.,-51.));
#17546=CARTESIAN_POINT('',(50.,0.,76.));
#17547=CARTESIAN_POINT('',(50.,95.,-51.));
#17548=CARTESIAN_POINT('',(50.,0.,-51.));
#17549=CARTESIAN_POINT('',(50.,95.,76.));
#17550=CARTESIAN_POINT('Origin',(50.,0.,76.));
#17551=CARTESIAN_POINT('',(50.,0.,-45.));
#17552=CARTESIAN_POINT('',(50.,95.,-45.));
#17553=CARTESIAN_POINT('',(50.,0.,-45.));
#17554=CARTESIAN_POINT('',(50.,0.,-47.));
#17555=CARTESIAN_POINT('',(50.,0.,76.));
#17556=CARTESIAN_POINT('',(50.,95.,-47.));
#17557=CARTESIAN_POINT('',(50.,0.,-47.));
#17558=CARTESIAN_POINT('',(50.,95.,76.));
#17559=CARTESIAN_POINT('Origin',(50.,0.,76.));
#17560=CARTESIAN_POINT('',(50.,0.,-41.));
#17561=CARTESIAN_POINT('',(50.,95.,-41.));
#17562=CARTESIAN_POINT('',(50.,0.,-41.));
#17563=CARTESIAN_POINT('',(50.,0.,-43.));
#17564=CARTESIAN_POINT('',(50.,0.,76.));
#17565=CARTESIAN_POINT('',(50.,95.,-43.));
#17566=CARTESIAN_POINT('',(50.,0.,-43.));
#17567=CARTESIAN_POINT('',(50.,95.,76.));
#17568=CARTESIAN_POINT('Origin',(50.,0.,76.));
#17569=CARTESIAN_POINT('',(50.,0.,-37.));
#17570=CARTESIAN_POINT('',(50.,95.,-37.));
#17571=CARTESIAN_POINT('',(50.,0.,-37.));
#17572=CARTESIAN_POINT('',(50.,0.,-39.));
#17573=CARTESIAN_POINT('',(50.,0.,76.));
#17574=CARTESIAN_POINT('',(50.,95.,-39.));
#17575=CARTESIAN_POINT('',(50.,0.,-39.));
#17576=CARTESIAN_POINT('',(50.,95.,76.));
#17577=CARTESIAN_POINT('Origin',(50.,0.,76.));
#17578=CARTESIAN_POINT('',(50.,0.,-33.));
#17579=CARTESIAN_POINT('',(50.,95.,-33.));
#17580=CARTESIAN_POINT('',(50.,0.,-33.));
#17581=CARTESIAN_POINT('',(50.,0.,-35.));
#17582=CARTESIAN_POINT('',(50.,0.,76.));
#17583=CARTESIAN_POINT('',(50.,95.,-35.));
#17584=CARTESIAN_POINT('',(50.,0.,-35.));
#17585=CARTESIAN_POINT('',(50.,95.,76.));
#17586=CARTESIAN_POINT('Origin',(50.,0.,76.));
#17587=CARTESIAN_POINT('',(50.,0.,-29.));
#17588=CARTESIAN_POINT('',(50.,95.,-29.));
#17589=CARTESIAN_POINT('',(50.,0.,-29.));
#17590=CARTESIAN_POINT('',(50.,0.,-31.));
#17591=CARTESIAN_POINT('',(50.,0.,76.));
#17592=CARTESIAN_POINT('',(50.,95.,-31.));
#17593=CARTESIAN_POINT('',(50.,0.,-31.));
#17594=CARTESIAN_POINT('',(50.,95.,76.));
#17595=CARTESIAN_POINT('Origin',(50.,0.,76.));
#17596=CARTESIAN_POINT('',(50.,0.,-25.));
#17597=CARTESIAN_POINT('',(50.,95.,-25.));
#17598=CARTESIAN_POINT('',(50.,0.,-25.));
#17599=CARTESIAN_POINT('',(50.,0.,-27.));
#17600=CARTESIAN_POINT('',(50.,0.,76.));
#17601=CARTESIAN_POINT('',(50.,95.,-27.));
#17602=CARTESIAN_POINT('',(50.,0.,-27.));
#17603=CARTESIAN_POINT('',(50.,95.,76.));
#17604=CARTESIAN_POINT('Origin',(50.,0.,76.));
#17605=CARTESIAN_POINT('',(50.,0.,-21.));
#17606=CARTESIAN_POINT('',(50.,95.,-21.));
#17607=CARTESIAN_POINT('',(50.,0.,-21.));
#17608=CARTESIAN_POINT('',(50.,0.,-23.));
#17609=CARTESIAN_POINT('',(50.,0.,76.));
#17610=CARTESIAN_POINT('',(50.,95.,-23.));
#17611=CARTESIAN_POINT('',(50.,0.,-23.));
#17612=CARTESIAN_POINT('',(50.,95.,76.));
#17613=CARTESIAN_POINT('Origin',(50.,0.,76.));
#17614=CARTESIAN_POINT('',(50.,0.,-17.));
#17615=CARTESIAN_POINT('',(50.,95.,-17.));
#17616=CARTESIAN_POINT('',(50.,0.,-17.));
#17617=CARTESIAN_POINT('',(50.,0.,-19.));
#17618=CARTESIAN_POINT('',(50.,0.,76.));
#17619=CARTESIAN_POINT('',(50.,95.,-19.));
#17620=CARTESIAN_POINT('',(50.,0.,-19.));
#17621=CARTESIAN_POINT('',(50.,95.,76.));
#17622=CARTESIAN_POINT('Origin',(50.,0.,76.));
#17623=CARTESIAN_POINT('',(50.,0.,-13.));
#17624=CARTESIAN_POINT('',(50.,95.,-13.));
#17625=CARTESIAN_POINT('',(50.,0.,-13.));
#17626=CARTESIAN_POINT('',(50.,0.,-15.));
#17627=CARTESIAN_POINT('',(50.,0.,76.));
#17628=CARTESIAN_POINT('',(50.,95.,-15.));
#17629=CARTESIAN_POINT('',(50.,0.,-15.));
#17630=CARTESIAN_POINT('',(50.,95.,76.));
#17631=CARTESIAN_POINT('Origin',(50.,0.,76.));
#17632=CARTESIAN_POINT('',(50.,0.,-8.99999999999998));
#17633=CARTESIAN_POINT('',(50.,95.,-8.99999999999998));
#17634=CARTESIAN_POINT('',(50.,0.,-8.99999999999997));
#17635=CARTESIAN_POINT('',(50.,0.,-11.));
#17636=CARTESIAN_POINT('',(50.,0.,76.));
#17637=CARTESIAN_POINT('',(50.,95.,-11.));
#17638=CARTESIAN_POINT('',(50.,0.,-11.));
#17639=CARTESIAN_POINT('',(50.,95.,76.));
#17640=CARTESIAN_POINT('Origin',(50.,0.,76.));
#17641=CARTESIAN_POINT('',(50.,0.,-4.99999999999997));
#17642=CARTESIAN_POINT('',(50.,95.,-4.99999999999997));
#17643=CARTESIAN_POINT('',(50.,0.,-4.99999999999997));
#17644=CARTESIAN_POINT('',(50.,0.,-6.99999999999998));
#17645=CARTESIAN_POINT('',(50.,0.,76.));
#17646=CARTESIAN_POINT('',(50.,95.,-6.99999999999998));
#17647=CARTESIAN_POINT('',(50.,0.,-6.99999999999999));
#17648=CARTESIAN_POINT('',(50.,95.,76.));
#17649=CARTESIAN_POINT('Origin',(50.,0.,76.));
#17650=CARTESIAN_POINT('',(50.,0.,-1.00000000000001));
#17651=CARTESIAN_POINT('',(50.,95.,-1.00000000000001));
#17652=CARTESIAN_POINT('',(50.,0.,-1.00000000000001));
#17653=CARTESIAN_POINT('',(50.,0.,-2.99999999999999));
#17654=CARTESIAN_POINT('',(50.,0.,76.));
#17655=CARTESIAN_POINT('',(50.,95.,-2.99999999999999));
#17656=CARTESIAN_POINT('',(50.,0.,-2.99999999999999));
#17657=CARTESIAN_POINT('',(50.,95.,76.));
#17658=CARTESIAN_POINT('Origin',(-49.9999999999999,0.,-76.));
#17659=CARTESIAN_POINT('',(-49.9999999999999,95.,-73.));
#17660=CARTESIAN_POINT('',(-49.9999999999999,0.,-73.));
#17661=CARTESIAN_POINT('',(-49.9999999999999,0.,-73.));
#17662=CARTESIAN_POINT('',(-49.9999999999999,95.,-75.));
#17663=CARTESIAN_POINT('',(-49.9999999999999,95.,-76.));
#17664=CARTESIAN_POINT('',(-49.9999999999999,0.,-75.));
#17665=CARTESIAN_POINT('',(-49.9999999999999,0.,-75.));
#17666=CARTESIAN_POINT('',(-49.9999999999999,0.,-76.));
#17667=CARTESIAN_POINT('Origin',(-49.9999999999999,0.,-76.));
#17668=CARTESIAN_POINT('',(-49.9999999999999,95.,-69.));
#17669=CARTESIAN_POINT('',(-49.9999999999999,0.,-69.));
#17670=CARTESIAN_POINT('',(-49.9999999999999,0.,-69.));
#17671=CARTESIAN_POINT('',(-49.9999999999999,95.,-71.));
#17672=CARTESIAN_POINT('',(-49.9999999999999,95.,-76.));
#17673=CARTESIAN_POINT('',(-49.9999999999999,0.,-71.));
#17674=CARTESIAN_POINT('',(-49.9999999999999,0.,-71.));
#17675=CARTESIAN_POINT('',(-49.9999999999999,0.,-76.));
#17676=CARTESIAN_POINT('Origin',(-49.9999999999999,0.,-76.));
#17677=CARTESIAN_POINT('',(-49.9999999999999,95.,-65.));
#17678=CARTESIAN_POINT('',(-49.9999999999999,0.,-65.));
#17679=CARTESIAN_POINT('',(-49.9999999999999,0.,-65.));
#17680=CARTESIAN_POINT('',(-49.9999999999999,95.,-67.));
#17681=CARTESIAN_POINT('',(-49.9999999999999,95.,-76.));
#17682=CARTESIAN_POINT('',(-49.9999999999999,0.,-67.));
#17683=CARTESIAN_POINT('',(-49.9999999999999,0.,-67.));
#17684=CARTESIAN_POINT('',(-49.9999999999999,0.,-76.));
#17685=CARTESIAN_POINT('Origin',(-49.9999999999999,0.,-76.));
#17686=CARTESIAN_POINT('',(-49.9999999999999,95.,-61.));
#17687=CARTESIAN_POINT('',(-49.9999999999999,0.,-61.));
#17688=CARTESIAN_POINT('',(-49.9999999999999,0.,-61.));
#17689=CARTESIAN_POINT('',(-49.9999999999999,95.,-63.));
#17690=CARTESIAN_POINT('',(-49.9999999999999,95.,-76.));
#17691=CARTESIAN_POINT('',(-49.9999999999999,0.,-63.));
#17692=CARTESIAN_POINT('',(-49.9999999999999,0.,-63.));
#17693=CARTESIAN_POINT('',(-49.9999999999999,0.,-76.));
#17694=CARTESIAN_POINT('Origin',(-49.9999999999999,0.,-76.));
#17695=CARTESIAN_POINT('',(-49.9999999999999,95.,-57.));
#17696=CARTESIAN_POINT('',(-49.9999999999999,0.,-57.));
#17697=CARTESIAN_POINT('',(-49.9999999999999,0.,-57.));
#17698=CARTESIAN_POINT('',(-49.9999999999999,95.,-59.));
#17699=CARTESIAN_POINT('',(-49.9999999999999,95.,-76.));
#17700=CARTESIAN_POINT('',(-49.9999999999999,0.,-59.));
#17701=CARTESIAN_POINT('',(-49.9999999999999,0.,-59.));
#17702=CARTESIAN_POINT('',(-49.9999999999999,0.,-76.));
#17703=CARTESIAN_POINT('Origin',(-49.9999999999999,0.,-76.));
#17704=CARTESIAN_POINT('',(-49.9999999999999,95.,-53.));
#17705=CARTESIAN_POINT('',(-49.9999999999999,0.,-53.));
#17706=CARTESIAN_POINT('',(-49.9999999999999,0.,-53.));
#17707=CARTESIAN_POINT('',(-49.9999999999999,95.,-55.));
#17708=CARTESIAN_POINT('',(-49.9999999999999,95.,-76.));
#17709=CARTESIAN_POINT('',(-49.9999999999999,0.,-55.));
#17710=CARTESIAN_POINT('',(-49.9999999999999,0.,-55.));
#17711=CARTESIAN_POINT('',(-49.9999999999999,0.,-76.));
#17712=CARTESIAN_POINT('Origin',(-49.9999999999999,0.,-76.));
#17713=CARTESIAN_POINT('',(-49.9999999999999,95.,-49.));
#17714=CARTESIAN_POINT('',(-49.9999999999999,0.,-49.));
#17715=CARTESIAN_POINT('',(-49.9999999999999,0.,-49.));
#17716=CARTESIAN_POINT('',(-49.9999999999999,95.,-51.));
#17717=CARTESIAN_POINT('',(-49.9999999999999,95.,-76.));
#17718=CARTESIAN_POINT('',(-49.9999999999999,0.,-51.));
#17719=CARTESIAN_POINT('',(-49.9999999999999,0.,-51.));
#17720=CARTESIAN_POINT('',(-49.9999999999999,0.,-76.));
#17721=CARTESIAN_POINT('Origin',(-49.9999999999999,0.,-76.));
#17722=CARTESIAN_POINT('',(-49.9999999999999,95.,-45.));
#17723=CARTESIAN_POINT('',(-49.9999999999999,0.,-45.));
#17724=CARTESIAN_POINT('',(-49.9999999999999,0.,-45.));
#17725=CARTESIAN_POINT('',(-49.9999999999999,95.,-47.));
#17726=CARTESIAN_POINT('',(-49.9999999999999,95.,-76.));
#17727=CARTESIAN_POINT('',(-49.9999999999999,0.,-47.));
#17728=CARTESIAN_POINT('',(-49.9999999999999,0.,-47.));
#17729=CARTESIAN_POINT('',(-49.9999999999999,0.,-76.));
#17730=CARTESIAN_POINT('Origin',(-49.9999999999999,0.,-76.));
#17731=CARTESIAN_POINT('',(-49.9999999999999,95.,-41.));
#17732=CARTESIAN_POINT('',(-49.9999999999999,0.,-41.));
#17733=CARTESIAN_POINT('',(-49.9999999999999,0.,-41.));
#17734=CARTESIAN_POINT('',(-49.9999999999999,95.,-43.));
#17735=CARTESIAN_POINT('',(-49.9999999999999,95.,-76.));
#17736=CARTESIAN_POINT('',(-49.9999999999999,0.,-43.));
#17737=CARTESIAN_POINT('',(-49.9999999999999,0.,-43.));
#17738=CARTESIAN_POINT('',(-49.9999999999999,0.,-76.));
#17739=CARTESIAN_POINT('Origin',(-49.9999999999999,0.,-76.));
#17740=CARTESIAN_POINT('',(-49.9999999999999,95.,-37.));
#17741=CARTESIAN_POINT('',(-49.9999999999999,0.,-37.));
#17742=CARTESIAN_POINT('',(-49.9999999999999,0.,-37.));
#17743=CARTESIAN_POINT('',(-49.9999999999999,95.,-39.));
#17744=CARTESIAN_POINT('',(-49.9999999999999,95.,-76.));
#17745=CARTESIAN_POINT('',(-49.9999999999999,0.,-39.));
#17746=CARTESIAN_POINT('',(-49.9999999999999,0.,-39.));
#17747=CARTESIAN_POINT('',(-49.9999999999999,0.,-76.));
#17748=CARTESIAN_POINT('Origin',(-49.9999999999999,0.,-76.));
#17749=CARTESIAN_POINT('',(-49.9999999999999,95.,-33.));
#17750=CARTESIAN_POINT('',(-49.9999999999999,0.,-33.));
#17751=CARTESIAN_POINT('',(-49.9999999999999,0.,-33.));
#17752=CARTESIAN_POINT('',(-49.9999999999999,95.,-35.));
#17753=CARTESIAN_POINT('',(-49.9999999999999,95.,-76.));
#17754=CARTESIAN_POINT('',(-49.9999999999999,0.,-35.));
#17755=CARTESIAN_POINT('',(-49.9999999999999,0.,-35.));
#17756=CARTESIAN_POINT('',(-49.9999999999999,0.,-76.));
#17757=CARTESIAN_POINT('Origin',(-49.9999999999999,0.,-76.));
#17758=CARTESIAN_POINT('',(-49.9999999999999,95.,-29.));
#17759=CARTESIAN_POINT('',(-49.9999999999999,0.,-29.));
#17760=CARTESIAN_POINT('',(-49.9999999999999,0.,-29.));
#17761=CARTESIAN_POINT('',(-49.9999999999999,95.,-31.));
#17762=CARTESIAN_POINT('',(-49.9999999999999,95.,-76.));
#17763=CARTESIAN_POINT('',(-49.9999999999999,0.,-31.));
#17764=CARTESIAN_POINT('',(-49.9999999999999,0.,-31.));
#17765=CARTESIAN_POINT('',(-49.9999999999999,0.,-76.));
#17766=CARTESIAN_POINT('Origin',(-49.9999999999999,0.,-76.));
#17767=CARTESIAN_POINT('',(-49.9999999999999,95.,-25.));
#17768=CARTESIAN_POINT('',(-49.9999999999999,0.,-25.));
#17769=CARTESIAN_POINT('',(-49.9999999999999,0.,-25.));
#17770=CARTESIAN_POINT('',(-49.9999999999999,95.,-27.));
#17771=CARTESIAN_POINT('',(-49.9999999999999,95.,-76.));
#17772=CARTESIAN_POINT('',(-49.9999999999999,0.,-27.));
#17773=CARTESIAN_POINT('',(-49.9999999999999,0.,-27.));
#17774=CARTESIAN_POINT('',(-49.9999999999999,0.,-76.));
#17775=CARTESIAN_POINT('Origin',(-49.9999999999999,0.,-76.));
#17776=CARTESIAN_POINT('',(-49.9999999999999,95.,-21.));
#17777=CARTESIAN_POINT('',(-49.9999999999999,0.,-21.));
#17778=CARTESIAN_POINT('',(-49.9999999999999,0.,-21.));
#17779=CARTESIAN_POINT('',(-49.9999999999999,95.,-23.));
#17780=CARTESIAN_POINT('',(-49.9999999999999,95.,-76.));
#17781=CARTESIAN_POINT('',(-49.9999999999999,0.,-23.));
#17782=CARTESIAN_POINT('',(-49.9999999999999,0.,-23.));
#17783=CARTESIAN_POINT('',(-49.9999999999999,0.,-76.));
#17784=CARTESIAN_POINT('Origin',(-49.9999999999999,0.,-76.));
#17785=CARTESIAN_POINT('',(-49.9999999999999,95.,-17.));
#17786=CARTESIAN_POINT('',(-49.9999999999999,0.,-17.));
#17787=CARTESIAN_POINT('',(-49.9999999999999,0.,-17.));
#17788=CARTESIAN_POINT('',(-49.9999999999999,95.,-19.));
#17789=CARTESIAN_POINT('',(-49.9999999999999,95.,-76.));
#17790=CARTESIAN_POINT('',(-49.9999999999999,0.,-19.));
#17791=CARTESIAN_POINT('',(-49.9999999999999,0.,-19.));
#17792=CARTESIAN_POINT('',(-49.9999999999999,0.,-76.));
#17793=CARTESIAN_POINT('Origin',(-49.9999999999999,0.,-76.));
#17794=CARTESIAN_POINT('',(-49.9999999999999,95.,-13.));
#17795=CARTESIAN_POINT('',(-49.9999999999999,0.,-13.));
#17796=CARTESIAN_POINT('',(-49.9999999999999,0.,-13.));
#17797=CARTESIAN_POINT('',(-49.9999999999999,95.,-15.));
#17798=CARTESIAN_POINT('',(-49.9999999999999,95.,-76.));
#17799=CARTESIAN_POINT('',(-49.9999999999999,0.,-15.));
#17800=CARTESIAN_POINT('',(-49.9999999999999,0.,-15.));
#17801=CARTESIAN_POINT('',(-49.9999999999999,0.,-76.));
#17802=CARTESIAN_POINT('Origin',(-49.9999999999999,0.,-76.));
#17803=CARTESIAN_POINT('',(-49.9999999999999,95.,-8.99999999999997));
#17804=CARTESIAN_POINT('',(-49.9999999999999,0.,-8.99999999999997));
#17805=CARTESIAN_POINT('',(-49.9999999999999,0.,-8.99999999999997));
#17806=CARTESIAN_POINT('',(-49.9999999999999,95.,-11.));
#17807=CARTESIAN_POINT('',(-49.9999999999999,95.,-76.));
#17808=CARTESIAN_POINT('',(-49.9999999999999,0.,-11.));
#17809=CARTESIAN_POINT('',(-49.9999999999999,0.,-11.));
#17810=CARTESIAN_POINT('',(-49.9999999999999,0.,-76.));
#17811=CARTESIAN_POINT('Origin',(-49.9999999999999,0.,-76.));
#17812=CARTESIAN_POINT('',(-49.9999999999999,95.,-4.99999999999997));
#17813=CARTESIAN_POINT('',(-49.9999999999999,0.,-4.99999999999997));
#17814=CARTESIAN_POINT('',(-49.9999999999999,0.,-4.99999999999998));
#17815=CARTESIAN_POINT('',(-49.9999999999999,95.,-6.99999999999998));
#17816=CARTESIAN_POINT('',(-49.9999999999999,95.,-76.));
#17817=CARTESIAN_POINT('',(-49.9999999999999,0.,-6.99999999999998));
#17818=CARTESIAN_POINT('',(-49.9999999999999,0.,-6.99999999999999));
#17819=CARTESIAN_POINT('',(-49.9999999999999,0.,-76.));
#17820=CARTESIAN_POINT('Origin',(-49.9999999999999,0.,-76.));
#17821=CARTESIAN_POINT('',(-49.9999999999999,95.,-1.00000000000001));
#17822=CARTESIAN_POINT('',(-49.9999999999999,0.,-1.00000000000001));
#17823=CARTESIAN_POINT('',(-49.9999999999999,0.,-1.00000000000001));
#17824=CARTESIAN_POINT('',(-49.9999999999999,95.,-2.99999999999999));
#17825=CARTESIAN_POINT('',(-49.9999999999999,95.,-76.));
#17826=CARTESIAN_POINT('',(-49.9999999999999,0.,-2.99999999999999));
#17827=CARTESIAN_POINT('',(-49.9999999999999,0.,-2.99999999999999));
#17828=CARTESIAN_POINT('',(-49.9999999999999,0.,-76.));
#17829=CARTESIAN_POINT('Origin',(-49.9999999999999,0.,-76.));
#17830=CARTESIAN_POINT('',(-49.9999999999999,95.,2.99999999999999));
#17831=CARTESIAN_POINT('',(-49.9999999999999,0.,2.99999999999999));
#17832=CARTESIAN_POINT('',(-49.9999999999999,0.,2.99999999999999));
#17833=CARTESIAN_POINT('',(-49.9999999999999,95.,0.99999999999997));
#17834=CARTESIAN_POINT('',(-49.9999999999999,95.,-76.));
#17835=CARTESIAN_POINT('',(-49.9999999999999,0.,0.99999999999997));
#17836=CARTESIAN_POINT('',(-49.9999999999999,0.,0.999999999999974));
#17837=CARTESIAN_POINT('',(-49.9999999999999,0.,-76.));
#17838=CARTESIAN_POINT('Origin',(-49.9999999999999,0.,-76.));
#17839=CARTESIAN_POINT('',(-49.9999999999999,95.,6.99999999999998));
#17840=CARTESIAN_POINT('',(-49.9999999999999,0.,6.99999999999998));
#17841=CARTESIAN_POINT('',(-49.9999999999999,0.,6.99999999999999));
#17842=CARTESIAN_POINT('',(-49.9999999999999,95.,4.99999999999997));
#17843=CARTESIAN_POINT('',(-49.9999999999999,95.,-76.));
#17844=CARTESIAN_POINT('',(-49.9999999999999,0.,4.99999999999997));
#17845=CARTESIAN_POINT('',(-49.9999999999999,0.,4.99999999999997));
#17846=CARTESIAN_POINT('',(-49.9999999999999,0.,-76.));
#17847=CARTESIAN_POINT('Origin',(-49.9999999999999,0.,-76.));
#17848=CARTESIAN_POINT('',(-49.9999999999999,95.,11.));
#17849=CARTESIAN_POINT('',(-49.9999999999999,0.,11.));
#17850=CARTESIAN_POINT('',(-49.9999999999999,0.,11.));
#17851=CARTESIAN_POINT('',(-49.9999999999999,95.,8.99999999999998));
#17852=CARTESIAN_POINT('',(-49.9999999999999,95.,-76.));
#17853=CARTESIAN_POINT('',(-49.9999999999999,0.,8.99999999999998));
#17854=CARTESIAN_POINT('',(-49.9999999999999,0.,8.99999999999997));
#17855=CARTESIAN_POINT('',(-49.9999999999999,0.,-76.));
#17856=CARTESIAN_POINT('Origin',(-49.9999999999999,0.,-76.));
#17857=CARTESIAN_POINT('',(-49.9999999999999,95.,15.));
#17858=CARTESIAN_POINT('',(-49.9999999999999,0.,15.));
#17859=CARTESIAN_POINT('',(-49.9999999999999,0.,15.));
#17860=CARTESIAN_POINT('',(-49.9999999999999,95.,13.));
#17861=CARTESIAN_POINT('',(-49.9999999999999,95.,-76.));
#17862=CARTESIAN_POINT('',(-49.9999999999999,0.,13.));
#17863=CARTESIAN_POINT('',(-49.9999999999999,0.,13.));
#17864=CARTESIAN_POINT('',(-49.9999999999999,0.,-76.));
#17865=CARTESIAN_POINT('Origin',(-49.9999999999999,0.,-76.));
#17866=CARTESIAN_POINT('',(-49.9999999999999,95.,19.));
#17867=CARTESIAN_POINT('',(-49.9999999999999,0.,19.));
#17868=CARTESIAN_POINT('',(-49.9999999999999,0.,19.));
#17869=CARTESIAN_POINT('',(-49.9999999999999,95.,17.));
#17870=CARTESIAN_POINT('',(-49.9999999999999,95.,-76.));
#17871=CARTESIAN_POINT('',(-49.9999999999999,0.,17.));
#17872=CARTESIAN_POINT('',(-49.9999999999999,0.,17.));
#17873=CARTESIAN_POINT('',(-49.9999999999999,0.,-76.));
#17874=CARTESIAN_POINT('Origin',(-49.9999999999999,0.,-76.));
#17875=CARTESIAN_POINT('',(-49.9999999999999,95.,23.));
#17876=CARTESIAN_POINT('',(-49.9999999999999,0.,23.));
#17877=CARTESIAN_POINT('',(-49.9999999999999,0.,23.));
#17878=CARTESIAN_POINT('',(-49.9999999999999,95.,21.));
#17879=CARTESIAN_POINT('',(-49.9999999999999,95.,-76.));
#17880=CARTESIAN_POINT('',(-49.9999999999999,0.,21.));
#17881=CARTESIAN_POINT('',(-49.9999999999999,0.,21.));
#17882=CARTESIAN_POINT('',(-49.9999999999999,0.,-76.));
#17883=CARTESIAN_POINT('Origin',(-49.9999999999999,0.,-76.));
#17884=CARTESIAN_POINT('',(-49.9999999999999,95.,27.));
#17885=CARTESIAN_POINT('',(-49.9999999999999,0.,27.));
#17886=CARTESIAN_POINT('',(-49.9999999999999,0.,27.));
#17887=CARTESIAN_POINT('',(-49.9999999999999,95.,25.));
#17888=CARTESIAN_POINT('',(-49.9999999999999,95.,-76.));
#17889=CARTESIAN_POINT('',(-49.9999999999999,0.,25.));
#17890=CARTESIAN_POINT('',(-49.9999999999999,0.,25.));
#17891=CARTESIAN_POINT('',(-49.9999999999999,0.,-76.));
#17892=CARTESIAN_POINT('Origin',(-49.9999999999999,0.,-76.));
#17893=CARTESIAN_POINT('',(-49.9999999999999,95.,31.));
#17894=CARTESIAN_POINT('',(-49.9999999999999,0.,31.));
#17895=CARTESIAN_POINT('',(-49.9999999999999,0.,31.));
#17896=CARTESIAN_POINT('',(-49.9999999999999,95.,29.));
#17897=CARTESIAN_POINT('',(-49.9999999999999,95.,-76.));
#17898=CARTESIAN_POINT('',(-49.9999999999999,0.,29.));
#17899=CARTESIAN_POINT('',(-49.9999999999999,0.,29.));
#17900=CARTESIAN_POINT('',(-49.9999999999999,0.,-76.));
#17901=CARTESIAN_POINT('Origin',(-49.9999999999999,0.,-76.));
#17902=CARTESIAN_POINT('',(-49.9999999999999,95.,35.));
#17903=CARTESIAN_POINT('',(-49.9999999999999,0.,35.));
#17904=CARTESIAN_POINT('',(-49.9999999999999,0.,35.));
#17905=CARTESIAN_POINT('',(-49.9999999999999,95.,33.));
#17906=CARTESIAN_POINT('',(-49.9999999999999,95.,-76.));
#17907=CARTESIAN_POINT('',(-49.9999999999999,0.,33.));
#17908=CARTESIAN_POINT('',(-49.9999999999999,0.,33.));
#17909=CARTESIAN_POINT('',(-49.9999999999999,0.,-76.));
#17910=CARTESIAN_POINT('Origin',(-49.9999999999999,0.,-76.));
#17911=CARTESIAN_POINT('',(-49.9999999999999,95.,39.));
#17912=CARTESIAN_POINT('',(-49.9999999999999,0.,39.));
#17913=CARTESIAN_POINT('',(-49.9999999999999,0.,39.));
#17914=CARTESIAN_POINT('',(-49.9999999999999,95.,37.));
#17915=CARTESIAN_POINT('',(-49.9999999999999,95.,-76.));
#17916=CARTESIAN_POINT('',(-49.9999999999999,0.,37.));
#17917=CARTESIAN_POINT('',(-49.9999999999999,0.,37.));
#17918=CARTESIAN_POINT('',(-49.9999999999999,0.,-76.));
#17919=CARTESIAN_POINT('Origin',(-49.9999999999999,0.,-76.));
#17920=CARTESIAN_POINT('',(-49.9999999999999,95.,43.));
#17921=CARTESIAN_POINT('',(-49.9999999999999,0.,43.));
#17922=CARTESIAN_POINT('',(-49.9999999999999,0.,43.));
#17923=CARTESIAN_POINT('',(-49.9999999999999,95.,41.));
#17924=CARTESIAN_POINT('',(-49.9999999999999,95.,-76.));
#17925=CARTESIAN_POINT('',(-49.9999999999999,0.,41.));
#17926=CARTESIAN_POINT('',(-49.9999999999999,0.,41.));
#17927=CARTESIAN_POINT('',(-49.9999999999999,0.,-76.));
#17928=CARTESIAN_POINT('Origin',(-49.9999999999999,0.,-76.));
#17929=CARTESIAN_POINT('',(-49.9999999999999,95.,47.));
#17930=CARTESIAN_POINT('',(-49.9999999999999,0.,47.));
#17931=CARTESIAN_POINT('',(-49.9999999999999,0.,47.));
#17932=CARTESIAN_POINT('',(-49.9999999999999,95.,45.));
#17933=CARTESIAN_POINT('',(-49.9999999999999,95.,-76.));
#17934=CARTESIAN_POINT('',(-49.9999999999999,0.,45.));
#17935=CARTESIAN_POINT('',(-49.9999999999999,0.,45.));
#17936=CARTESIAN_POINT('',(-49.9999999999999,0.,-76.));
#17937=CARTESIAN_POINT('Origin',(-49.9999999999999,0.,-76.));
#17938=CARTESIAN_POINT('',(-49.9999999999999,95.,51.));
#17939=CARTESIAN_POINT('',(-49.9999999999999,0.,51.));
#17940=CARTESIAN_POINT('',(-49.9999999999999,0.,51.));
#17941=CARTESIAN_POINT('',(-49.9999999999999,95.,49.));
#17942=CARTESIAN_POINT('',(-49.9999999999999,95.,-76.));
#17943=CARTESIAN_POINT('',(-49.9999999999999,0.,49.));
#17944=CARTESIAN_POINT('',(-49.9999999999999,0.,49.));
#17945=CARTESIAN_POINT('',(-49.9999999999999,0.,-76.));
#17946=CARTESIAN_POINT('Origin',(-49.9999999999999,0.,-76.));
#17947=CARTESIAN_POINT('',(-49.9999999999999,95.,55.));
#17948=CARTESIAN_POINT('',(-49.9999999999999,0.,55.));
#17949=CARTESIAN_POINT('',(-49.9999999999999,0.,55.));
#17950=CARTESIAN_POINT('',(-49.9999999999999,95.,53.));
#17951=CARTESIAN_POINT('',(-49.9999999999999,95.,-76.));
#17952=CARTESIAN_POINT('',(-49.9999999999999,0.,53.));
#17953=CARTESIAN_POINT('',(-49.9999999999999,0.,53.));
#17954=CARTESIAN_POINT('',(-49.9999999999999,0.,-76.));
#17955=CARTESIAN_POINT('Origin',(-49.9999999999999,0.,-76.));
#17956=CARTESIAN_POINT('',(-49.9999999999999,95.,59.));
#17957=CARTESIAN_POINT('',(-49.9999999999999,0.,59.));
#17958=CARTESIAN_POINT('',(-49.9999999999999,0.,59.));
#17959=CARTESIAN_POINT('',(-49.9999999999999,95.,57.));
#17960=CARTESIAN_POINT('',(-49.9999999999999,95.,-76.));
#17961=CARTESIAN_POINT('',(-49.9999999999999,0.,57.));
#17962=CARTESIAN_POINT('',(-49.9999999999999,0.,57.));
#17963=CARTESIAN_POINT('',(-49.9999999999999,0.,-76.));
#17964=CARTESIAN_POINT('Origin',(-49.9999999999999,0.,-76.));
#17965=CARTESIAN_POINT('',(-49.9999999999999,95.,63.));
#17966=CARTESIAN_POINT('',(-49.9999999999999,0.,63.));
#17967=CARTESIAN_POINT('',(-49.9999999999999,0.,63.));
#17968=CARTESIAN_POINT('',(-49.9999999999999,95.,61.));
#17969=CARTESIAN_POINT('',(-49.9999999999999,95.,-76.));
#17970=CARTESIAN_POINT('',(-49.9999999999999,0.,61.));
#17971=CARTESIAN_POINT('',(-49.9999999999999,0.,61.));
#17972=CARTESIAN_POINT('',(-49.9999999999999,0.,-76.));
#17973=CARTESIAN_POINT('Origin',(-49.9999999999999,0.,-76.));
#17974=CARTESIAN_POINT('',(-49.9999999999999,95.,67.));
#17975=CARTESIAN_POINT('',(-49.9999999999999,0.,67.));
#17976=CARTESIAN_POINT('',(-49.9999999999999,0.,67.));
#17977=CARTESIAN_POINT('',(-49.9999999999999,95.,65.));
#17978=CARTESIAN_POINT('',(-49.9999999999999,95.,-76.));
#17979=CARTESIAN_POINT('',(-49.9999999999999,0.,65.));
#17980=CARTESIAN_POINT('',(-49.9999999999999,0.,65.));
#17981=CARTESIAN_POINT('',(-49.9999999999999,0.,-76.));
#17982=CARTESIAN_POINT('Origin',(-49.9999999999999,0.,-76.));
#17983=CARTESIAN_POINT('',(-49.9999999999999,95.,71.));
#17984=CARTESIAN_POINT('',(-49.9999999999999,0.,71.));
#17985=CARTESIAN_POINT('',(-49.9999999999999,0.,71.));
#17986=CARTESIAN_POINT('',(-49.9999999999999,95.,69.));
#17987=CARTESIAN_POINT('',(-49.9999999999999,95.,-76.));
#17988=CARTESIAN_POINT('',(-49.9999999999999,0.,69.));
#17989=CARTESIAN_POINT('',(-49.9999999999999,0.,69.));
#17990=CARTESIAN_POINT('',(-49.9999999999999,0.,-76.));
#17991=CARTESIAN_POINT('Origin',(-49.9999999999999,0.,-76.));
#17992=CARTESIAN_POINT('',(-49.9999999999999,95.,75.));
#17993=CARTESIAN_POINT('',(-49.9999999999999,0.,75.));
#17994=CARTESIAN_POINT('',(-49.9999999999999,0.,75.));
#17995=CARTESIAN_POINT('',(-49.9999999999999,95.,73.));
#17996=CARTESIAN_POINT('',(-49.9999999999999,95.,-76.));
#17997=CARTESIAN_POINT('',(-49.9999999999999,0.,73.));
#17998=CARTESIAN_POINT('',(-49.9999999999999,0.,73.));
#17999=CARTESIAN_POINT('',(-49.9999999999999,0.,-76.));
#18000=CARTESIAN_POINT('Origin',(-2.79219470205596E-14,0.,-76.));
#18001=CARTESIAN_POINT('',(-49.9083634053892,0.,-79.0257663815323));
#18002=CARTESIAN_POINT('',(-49.9083634053892,95.,-79.0257663815323));
#18003=CARTESIAN_POINT('',(-49.9083634053892,0.,-79.0257663815323));
#18004=CARTESIAN_POINT('',(-49.9899989998,0.,-77.));
#18005=CARTESIAN_POINT('Origin',(-2.79219470205596E-14,0.,-76.));
#18006=CARTESIAN_POINT('',(-49.9899989998,95.,-77.));
#18007=CARTESIAN_POINT('',(-49.9899989998,0.,-77.));
#18008=CARTESIAN_POINT('Origin',(-2.79219470205596E-14,95.,-76.));
#18009=CARTESIAN_POINT('Origin',(-2.79219470205596E-14,0.,-76.));
#18010=CARTESIAN_POINT('',(-49.5030529228793,0.,-83.0319095069982));
#18011=CARTESIAN_POINT('',(-49.5030529228793,95.,-83.0319095069982));
#18012=CARTESIAN_POINT('',(-49.5030529228793,0.,-83.0319095069982));
#18013=CARTESIAN_POINT('',(-49.7474302679557,0.,-81.0192809978007));
#18014=CARTESIAN_POINT('Origin',(-2.79219470205596E-14,0.,-76.));
#18015=CARTESIAN_POINT('',(-49.7474302679557,95.,-81.0192809978007));
#18016=CARTESIAN_POINT('',(-49.7474302679557,0.,-81.0192809978007));
#18017=CARTESIAN_POINT('Origin',(-2.79219470205596E-14,95.,-76.));
#18018=CARTESIAN_POINT('Origin',(-2.79219470205596E-14,0.,-76.));
#18019=CARTESIAN_POINT('',(-48.7766961462799,0.,-86.9924480009455));
#18020=CARTESIAN_POINT('',(-48.7766961462799,95.,-86.9924480009455));
#18021=CARTESIAN_POINT('',(-48.7766961462799,0.,-86.9924480009455));
#18022=CARTESIAN_POINT('',(-49.1822303611638,0.,-85.006010032274));
#18023=CARTESIAN_POINT('Origin',(-2.79219470205596E-14,0.,-76.));
#18024=CARTESIAN_POINT('',(-49.1822303611638,95.,-85.006010032274));
#18025=CARTESIAN_POINT('',(-49.1822303611638,0.,-85.006010032274));
#18026=CARTESIAN_POINT('Origin',(-2.79219470205596E-14,95.,-76.));
#18027=CARTESIAN_POINT('Origin',(-2.79219470205596E-14,0.,-76.));
#18028=CARTESIAN_POINT('',(-47.7340037780131,0.,-90.8816962514572));
#18029=CARTESIAN_POINT('',(-47.7340037780131,95.,-90.8816962514572));
#18030=CARTESIAN_POINT('',(-47.7340037780131,0.,-90.8816962514572));
#18031=CARTESIAN_POINT('',(-48.2980648177047,0.,-88.9343316357976));
#18032=CARTESIAN_POINT('Origin',(-2.79219470205596E-14,0.,-76.));
#18033=CARTESIAN_POINT('',(-48.2980648177047,95.,-88.9343316357976));
#18034=CARTESIAN_POINT('',(-48.2980648177047,0.,-88.9343316357976));
#18035=CARTESIAN_POINT('Origin',(-2.79219470205596E-14,95.,-76.));
#18036=CARTESIAN_POINT('Origin',(-2.79219470205596E-14,0.,-76.));
#18037=CARTESIAN_POINT('',(-46.3817380782012,0.,-94.6744309912013));
#18038=CARTESIAN_POINT('',(-46.3817380782012,95.,-94.6744309912013));
#18039=CARTESIAN_POINT('',(-46.3817380782012,0.,-94.6744309912013));
#18040=CARTESIAN_POINT('',(-47.1006677904101,0.,-92.7787691353515));
#18041=CARTESIAN_POINT('Origin',(-2.79219470205596E-14,0.,-76.));
#18042=CARTESIAN_POINT('',(-47.1006677904101,95.,-92.7787691353515));
#18043=CARTESIAN_POINT('',(-47.1006677904101,0.,-92.7787691353515));
#18044=CARTESIAN_POINT('Origin',(-2.79219470205596E-14,95.,-76.));
#18045=CARTESIAN_POINT('Origin',(-2.79219470205596E-14,0.,-76.));
#18046=CARTESIAN_POINT('',(-44.7286690088146,0.,-98.3460548799987));
#18047=CARTESIAN_POINT('',(-44.7286690088146,95.,-98.3460548799987));
#18048=CARTESIAN_POINT('',(-44.7286690088146,0.,-98.3460548799987));
#18049=CARTESIAN_POINT('',(-45.5978048584811,0.,-96.514389878519));
#18050=CARTESIAN_POINT('Origin',(-2.79219470205596E-14,0.,-76.));
#18051=CARTESIAN_POINT('',(-45.5978048584811,95.,-96.514389878519));
#18052=CARTESIAN_POINT('',(-45.5978048584811,0.,-96.514389878519));
#18053=CARTESIAN_POINT('Origin',(-2.79219470205596E-14,95.,-76.));
#18054=CARTESIAN_POINT('Origin',(-2.79219470205596E-14,0.,-76.));
#18055=CARTESIAN_POINT('',(-42.7855173571029,0.,-101.872756028012));
#18056=CARTESIAN_POINT('',(-42.7855173571029,95.,-101.872756028012));
#18057=CARTESIAN_POINT('',(-42.7855173571029,0.,-101.872756028012));
#18058=CARTESIAN_POINT('',(-43.799222664727,0.,-100.116966931305));
#18059=CARTESIAN_POINT('Origin',(-2.79219470205596E-14,0.,-76.));
#18060=CARTESIAN_POINT('',(-43.799222664727,95.,-100.116966931305));
#18061=CARTESIAN_POINT('',(-43.799222664727,0.,-100.116966931305));
#18062=CARTESIAN_POINT('Origin',(-2.79219470205596E-14,95.,-76.));
#18063=CARTESIAN_POINT('Origin',(-2.79219470205596E-14,0.,-76.));
#18064=CARTESIAN_POINT('',(-40.5648852071763,0.,-105.231662424991));
#18065=CARTESIAN_POINT('',(-40.5648852071763,95.,-105.231662424991));
#18066=CARTESIAN_POINT('',(-40.5648852071763,0.,-105.231662424991));
#18067=CARTESIAN_POINT('',(-41.7165857048474,0.,-103.5631361991));
#18068=CARTESIAN_POINT('Origin',(-2.79219470205596E-14,0.,-76.));
#18069=CARTESIAN_POINT('',(-41.7165857048474,95.,-103.5631361991));
#18070=CARTESIAN_POINT('',(-41.7165857048474,0.,-103.5631361991));
#18071=CARTESIAN_POINT('Origin',(-2.79219470205596E-14,95.,-76.));
#18072=CARTESIAN_POINT('Origin',(-2.79219470205596E-14,0.,-76.));
#18073=CARTESIAN_POINT('',(-38.0811742106536,0.,-108.400990274031));
#18074=CARTESIAN_POINT('',(-38.0811742106536,95.,-108.400990274031));
#18075=CARTESIAN_POINT('',(-38.0811742106536,0.,-108.400990274031));
#18076=CARTESIAN_POINT('',(-39.3634006787004,0.,-106.830547951798));
#18077=CARTESIAN_POINT('Origin',(-2.79219470205596E-14,0.,-76.));
#18078=CARTESIAN_POINT('',(-39.3634006787004,95.,-106.830547951798));
#18079=CARTESIAN_POINT('',(-39.3634006787004,0.,-106.830547951798));
#18080=CARTESIAN_POINT('Origin',(-2.79219470205596E-14,95.,-76.));
#18081=CARTESIAN_POINT('Origin',(-2.79219470205596E-14,0.,-76.));
#18082=CARTESIAN_POINT('',(-35.3504921864258,0.,-111.360185267861));
#18083=CARTESIAN_POINT('',(-35.3504921864258,95.,-111.360185267861));
#18084=CARTESIAN_POINT('',(-35.3504921864258,0.,-111.360185267861));
#18085=CARTESIAN_POINT('',(-36.7549288941721,0.,-109.898011770373));
#18086=CARTESIAN_POINT('Origin',(-2.79219470205596E-14,0.,-76.));
#18087=CARTESIAN_POINT('',(-36.7549288941721,95.,-109.898011770373));
#18088=CARTESIAN_POINT('',(-36.7549288941721,0.,-109.898011770373));
#18089=CARTESIAN_POINT('Origin',(-2.79219470205596E-14,95.,-76.));
#18090=CARTESIAN_POINT('Origin',(-2.79219470205596E-14,0.,-76.));
#18091=CARTESIAN_POINT('',(-32.3905486552687,0.,-114.090055891409));
#18092=CARTESIAN_POINT('',(-32.3905486552687,95.,-114.090055891409));
#18093=CARTESIAN_POINT('',(-32.3905486552687,0.,-114.090055891409));
#18094=CARTESIAN_POINT('',(-33.9080872917381,0.,-112.74563397488));
#18095=CARTESIAN_POINT('Origin',(-2.79219470205596E-14,0.,-76.));
#18096=CARTESIAN_POINT('',(-33.9080872917381,95.,-112.74563397488));
#18097=CARTESIAN_POINT('',(-33.9080872917381,0.,-112.74563397488));
#18098=CARTESIAN_POINT('Origin',(-2.79219470205596E-14,95.,-76.));
#18099=CARTESIAN_POINT('Origin',(-2.79219470205596E-14,0.,-76.));
#18100=CARTESIAN_POINT('',(-29.2205399868057,0.,-116.572897886144));
#18101=CARTESIAN_POINT('',(-29.2205399868057,95.,-116.572897886144));
#18102=CARTESIAN_POINT('',(-29.2205399868057,0.,-116.572897886144));
#18103=CARTESIAN_POINT('',(-30.8413387316134,0.,-115.3549466426));
#18104=CARTESIAN_POINT('Origin',(-2.79219470205596E-14,0.,-76.));
#18105=CARTESIAN_POINT('',(-30.8413387316134,95.,-115.3549466426));
#18106=CARTESIAN_POINT('',(-30.8413387316134,0.,-115.3549466426));
#18107=CARTESIAN_POINT('Origin',(-2.79219470205596E-14,95.,-76.));
#18108=CARTESIAN_POINT('Origin',(-2.79219470205596E-14,0.,-76.));
#18109=CARTESIAN_POINT('',(-25.8610249036844,0.,-118.792609068985));
#18110=CARTESIAN_POINT('',(-25.8610249036844,95.,-118.792609068985));
#18111=CARTESIAN_POINT('',(-25.8610249036844,0.,-118.792609068985));
#18112=CARTESIAN_POINT('',(-27.5745722550184,0.,-117.709027379607));
#18113=CARTESIAN_POINT('Origin',(-2.79219470205596E-14,0.,-76.));
#18114=CARTESIAN_POINT('',(-27.5745722550184,95.,-117.709027379607));
#18115=CARTESIAN_POINT('',(-27.5745722550184,0.,-117.709027379607));
#18116=CARTESIAN_POINT('Origin',(-2.79219470205596E-14,95.,-76.));
#18117=CARTESIAN_POINT('Origin',(-2.79219470205596E-14,0.,-76.));
#18118=CARTESIAN_POINT('',(-22.3337911503707,0.,-120.734793761139));
#18119=CARTESIAN_POINT('',(-22.3337911503707,95.,-120.734793761139));
#18120=CARTESIAN_POINT('',(-22.3337911503707,0.,-120.734793761139));
#18121=CARTESIAN_POINT('',(-24.1289740961155,0.,-119.792609068985));
#18122=CARTESIAN_POINT('Origin',(-2.79219470205596E-14,0.,-76.));
#18123=CARTESIAN_POINT('',(-24.1289740961155,95.,-119.792609068985));
#18124=CARTESIAN_POINT('',(-24.1289740961155,0.,-119.792609068985));
#18125=CARTESIAN_POINT('Origin',(-2.79219470205596E-14,95.,-76.));
#18126=CARTESIAN_POINT('Origin',(-2.79219470205596E-14,0.,-76.));
#18127=CARTESIAN_POINT('',(-18.6617141912659,0.,-122.386856149598));
#18128=CARTESIAN_POINT('',(-18.6617141912659,95.,-122.386856149598));
#18129=CARTESIAN_POINT('',(-18.6617141912659,0.,-122.386856149598));
#18130=CARTESIAN_POINT('',(-20.52689028115,0.,-121.592178883945));
#18131=CARTESIAN_POINT('Origin',(-2.79219470205596E-14,0.,-76.));
#18132=CARTESIAN_POINT('',(-20.52689028115,95.,-121.592178883945));
#18133=CARTESIAN_POINT('',(-20.52689028115,0.,-121.592178883945));
#18134=CARTESIAN_POINT('Origin',(-2.79219470205596E-14,95.,-76.));
#18135=CARTESIAN_POINT('Origin',(-2.79219470205596E-14,0.,-76.));
#18136=CARTESIAN_POINT('',(-14.8686088545417,0.,-123.738081975826));
#18137=CARTESIAN_POINT('',(-14.8686088545417,95.,-123.738081975826));
#18138=CARTESIAN_POINT('',(-14.8686088545417,0.,-123.738081975826));
#18139=CARTESIAN_POINT('',(-16.7916817058951,0.,-123.096065923683));
#18140=CARTESIAN_POINT('Origin',(-2.79219470205596E-14,0.,-76.));
#18141=CARTESIAN_POINT('',(-16.7916817058951,95.,-123.096065923683));
#18142=CARTESIAN_POINT('',(-16.7916817058951,0.,-123.096065923683));
#18143=CARTESIAN_POINT('Origin',(-2.79219470205596E-14,95.,-76.));
#18144=CARTESIAN_POINT('Origin',(-2.79219470205596E-14,0.,-76.));
#18145=CARTESIAN_POINT('',(-10.979074883841,0.,-124.77970802183));
#18146=CARTESIAN_POINT('',(-10.979074883841,95.,-124.77970802183));
#18147=CARTESIAN_POINT('',(-10.979074883841,0.,-124.77970802183));
#18148=CARTESIAN_POINT('',(-12.947572631279,0.,-124.294516903659));
#18149=CARTESIAN_POINT('Origin',(-2.79219470205596E-14,0.,-76.));
#18150=CARTESIAN_POINT('',(-12.947572631279,95.,-124.294516903659));
#18151=CARTESIAN_POINT('',(-12.947572631279,0.,-124.294516903659));
#18152=CARTESIAN_POINT('Origin',(-2.79219470205596E-14,95.,-76.));
#18153=CARTESIAN_POINT('Origin',(-2.79219470205596E-14,0.,-76.));
#18154=CARTESIAN_POINT('',(-7.01833739950083,0.,-125.504978942999));
#18155=CARTESIAN_POINT('',(-7.01833739950083,95.,-125.504978942999));
#18156=CARTESIAN_POINT('',(-7.01833739950083,0.,-125.504978942999));
#18157=CARTESIAN_POINT('',(-9.01949357975647,0.,-125.179759409382));
#18158=CARTESIAN_POINT('Origin',(-2.79219470205596E-14,0.,-76.));
#18159=CARTESIAN_POINT('',(-9.01949357975647,95.,-125.179759409382));
#18160=CARTESIAN_POINT('',(-9.01949357975647,0.,-125.179759409382));
#18161=CARTESIAN_POINT('Origin',(-2.79219470205596E-14,95.,-76.));
#18162=CARTESIAN_POINT('Origin',(-2.79219470205596E-14,0.,-76.));
#18163=CARTESIAN_POINT('',(-3.01208330396719,0.,-125.909191079099));
#18164=CARTESIAN_POINT('',(-3.01208330396719,95.,-125.909191079099));
#18165=CARTESIAN_POINT('',(-3.01208330396719,0.,-125.909191079099));
#18166=CARTESIAN_POINT('',(-5.03291965130473,0.,-125.74605230351));
#18167=CARTESIAN_POINT('Origin',(-2.79219470205596E-14,0.,-76.));
#18168=CARTESIAN_POINT('',(-5.03291965130473,95.,-125.74605230351));
#18169=CARTESIAN_POINT('',(-5.03291965130473,0.,-125.74605230351));
#18170=CARTESIAN_POINT('Origin',(-2.79219470205596E-14,95.,-76.));
#18171=CARTESIAN_POINT('Origin',(-2.79219470205596E-14,0.,-76.));
#18172=CARTESIAN_POINT('',(1.01370530762413,0.,-125.989722959317));
#18173=CARTESIAN_POINT('',(1.01370530762413,95.,-125.989722959317));
#18174=CARTESIAN_POINT('',(1.01370530762413,0.,-125.989722959317));
#18175=CARTESIAN_POINT('',(-1.01370530762406,0.,-125.989722959317));
#18176=CARTESIAN_POINT('Origin',(-2.79219470205596E-14,0.,-76.));
#18177=CARTESIAN_POINT('',(-1.01370530762406,95.,-125.989722959317));
#18178=CARTESIAN_POINT('',(-1.01370530762406,0.,-125.989722959317));
#18179=CARTESIAN_POINT('Origin',(-2.79219470205596E-14,95.,-76.));
#18180=CARTESIAN_POINT('Origin',(-2.79219470205596E-14,0.,-76.));
#18181=CARTESIAN_POINT('',(5.0329196513048,0.,-125.74605230351));
#18182=CARTESIAN_POINT('',(5.0329196513048,95.,-125.74605230351));
#18183=CARTESIAN_POINT('',(5.0329196513048,0.,-125.74605230351));
#18184=CARTESIAN_POINT('',(3.01208330396726,0.,-125.909191079098));
#18185=CARTESIAN_POINT('Origin',(-2.79219470205596E-14,0.,-76.));
#18186=CARTESIAN_POINT('',(3.01208330396726,95.,-125.909191079098));
#18187=CARTESIAN_POINT('',(3.01208330396726,0.,-125.909191079098));
#18188=CARTESIAN_POINT('Origin',(-2.79219470205596E-14,95.,-76.));
#18189=CARTESIAN_POINT('Origin',(-2.79219470205596E-14,0.,-76.));
#18190=CARTESIAN_POINT('',(9.01949357975651,0.,-125.179759409382));
#18191=CARTESIAN_POINT('',(9.01949357975651,95.,-125.179759409382));
#18192=CARTESIAN_POINT('',(9.01949357975651,0.,-125.179759409382));
#18193=CARTESIAN_POINT('',(7.0183373995009,0.,-125.504978942999));
#18194=CARTESIAN_POINT('Origin',(-2.79219470205596E-14,0.,-76.));
#18195=CARTESIAN_POINT('',(7.0183373995009,95.,-125.504978942999));
#18196=CARTESIAN_POINT('',(7.0183373995009,0.,-125.504978942999));
#18197=CARTESIAN_POINT('Origin',(-2.79219470205596E-14,95.,-76.));
#18198=CARTESIAN_POINT('Origin',(-2.79219470205596E-14,0.,-76.));
#18199=CARTESIAN_POINT('',(12.947572631279,0.,-124.294516903659));
#18200=CARTESIAN_POINT('',(12.947572631279,95.,-124.294516903659));
#18201=CARTESIAN_POINT('',(12.947572631279,0.,-124.294516903659));
#18202=CARTESIAN_POINT('',(10.979074883841,0.,-124.77970802183));
#18203=CARTESIAN_POINT('Origin',(-2.79219470205596E-14,0.,-76.));
#18204=CARTESIAN_POINT('',(10.979074883841,95.,-124.77970802183));
#18205=CARTESIAN_POINT('',(10.979074883841,0.,-124.77970802183));
#18206=CARTESIAN_POINT('Origin',(-2.79219470205596E-14,95.,-76.));
#18207=CARTESIAN_POINT('Origin',(-2.79219470205596E-14,0.,-76.));
#18208=CARTESIAN_POINT('',(16.7916817058952,0.,-123.096065923683));
#18209=CARTESIAN_POINT('',(16.7916817058952,95.,-123.096065923683));
#18210=CARTESIAN_POINT('',(16.7916817058952,0.,-123.096065923683));
#18211=CARTESIAN_POINT('',(14.8686088545417,0.,-123.738081975826));
#18212=CARTESIAN_POINT('Origin',(-2.79219470205596E-14,0.,-76.));
#18213=CARTESIAN_POINT('',(14.8686088545417,95.,-123.738081975826));
#18214=CARTESIAN_POINT('',(14.8686088545417,0.,-123.738081975826));
#18215=CARTESIAN_POINT('Origin',(-2.79219470205596E-14,95.,-76.));
#18216=CARTESIAN_POINT('Origin',(-2.79219470205596E-14,0.,-76.));
#18217=CARTESIAN_POINT('',(20.52689028115,0.,-121.592178883945));
#18218=CARTESIAN_POINT('',(20.52689028115,95.,-121.592178883945));
#18219=CARTESIAN_POINT('',(20.52689028115,0.,-121.592178883945));
#18220=CARTESIAN_POINT('',(18.661714191266,0.,-122.386856149598));
#18221=CARTESIAN_POINT('Origin',(-2.79219470205596E-14,0.,-76.));
#18222=CARTESIAN_POINT('',(18.661714191266,95.,-122.386856149598));
#18223=CARTESIAN_POINT('',(18.661714191266,0.,-122.386856149598));
#18224=CARTESIAN_POINT('Origin',(-2.79219470205596E-14,95.,-76.));
#18225=CARTESIAN_POINT('Origin',(-2.79219470205596E-14,0.,-76.));
#18226=CARTESIAN_POINT('',(24.1289740961156,0.,-119.792609068985));
#18227=CARTESIAN_POINT('',(24.1289740961156,95.,-119.792609068985));
#18228=CARTESIAN_POINT('',(24.1289740961156,0.,-119.792609068985));
#18229=CARTESIAN_POINT('',(22.3337911503708,0.,-120.734793761139));
#18230=CARTESIAN_POINT('Origin',(-2.79219470205596E-14,0.,-76.));
#18231=CARTESIAN_POINT('',(22.3337911503708,95.,-120.734793761139));
#18232=CARTESIAN_POINT('',(22.3337911503708,0.,-120.734793761139));
#18233=CARTESIAN_POINT('Origin',(-2.79219470205596E-14,95.,-76.));
#18234=CARTESIAN_POINT('Origin',(-2.79219470205596E-14,0.,-76.));
#18235=CARTESIAN_POINT('',(27.5745722550185,0.,-117.709027379607));
#18236=CARTESIAN_POINT('',(27.5745722550185,95.,-117.709027379607));
#18237=CARTESIAN_POINT('',(27.5745722550185,0.,-117.709027379607));
#18238=CARTESIAN_POINT('',(25.8610249036844,0.,-118.792609068985));
#18239=CARTESIAN_POINT('Origin',(-2.79219470205596E-14,0.,-76.));
#18240=CARTESIAN_POINT('',(25.8610249036844,95.,-118.792609068985));
#18241=CARTESIAN_POINT('',(25.8610249036844,0.,-118.792609068985));
#18242=CARTESIAN_POINT('Origin',(-2.79219470205596E-14,95.,-76.));
#18243=CARTESIAN_POINT('Origin',(-2.79219470205596E-14,0.,-76.));
#18244=CARTESIAN_POINT('',(30.8413387316134,0.,-115.3549466426));
#18245=CARTESIAN_POINT('',(30.8413387316134,95.,-115.3549466426));
#18246=CARTESIAN_POINT('',(30.8413387316134,0.,-115.3549466426));
#18247=CARTESIAN_POINT('',(29.2205399868058,0.,-116.572897886144));
#18248=CARTESIAN_POINT('Origin',(-2.79219470205596E-14,0.,-76.));
#18249=CARTESIAN_POINT('',(29.2205399868058,95.,-116.572897886144));
#18250=CARTESIAN_POINT('',(29.2205399868058,0.,-116.572897886144));
#18251=CARTESIAN_POINT('Origin',(-2.79219470205596E-14,95.,-76.));
#18252=CARTESIAN_POINT('Origin',(-2.79219470205596E-14,0.,-76.));
#18253=CARTESIAN_POINT('',(33.9080872917382,0.,-112.74563397488));
#18254=CARTESIAN_POINT('',(33.9080872917382,95.,-112.74563397488));
#18255=CARTESIAN_POINT('',(33.9080872917382,0.,-112.74563397488));
#18256=CARTESIAN_POINT('',(32.3905486552687,0.,-114.090055891409));
#18257=CARTESIAN_POINT('Origin',(-2.79219470205596E-14,0.,-76.));
#18258=CARTESIAN_POINT('',(32.3905486552687,95.,-114.090055891409));
#18259=CARTESIAN_POINT('',(32.3905486552687,0.,-114.090055891409));
#18260=CARTESIAN_POINT('Origin',(-2.79219470205596E-14,95.,-76.));
#18261=CARTESIAN_POINT('Origin',(-2.79219470205596E-14,0.,-76.));
#18262=CARTESIAN_POINT('',(36.7549288941721,0.,-109.898011770373));
#18263=CARTESIAN_POINT('',(36.7549288941721,95.,-109.898011770373));
#18264=CARTESIAN_POINT('',(36.7549288941721,0.,-109.898011770373));
#18265=CARTESIAN_POINT('',(35.3504921864258,0.,-111.360185267861));
#18266=CARTESIAN_POINT('Origin',(-2.79219470205596E-14,0.,-76.));
#18267=CARTESIAN_POINT('',(35.3504921864258,95.,-111.360185267861));
#18268=CARTESIAN_POINT('',(35.3504921864258,0.,-111.360185267861));
#18269=CARTESIAN_POINT('Origin',(-2.79219470205596E-14,95.,-76.));
#18270=CARTESIAN_POINT('Origin',(-2.79219470205596E-14,0.,-76.));
#18271=CARTESIAN_POINT('',(39.3634006787004,0.,-106.830547951798));
#18272=CARTESIAN_POINT('',(39.3634006787004,95.,-106.830547951798));
#18273=CARTESIAN_POINT('',(39.3634006787004,0.,-106.830547951798));
#18274=CARTESIAN_POINT('',(38.0811742106537,0.,-108.400990274031));
#18275=CARTESIAN_POINT('Origin',(-2.79219470205596E-14,0.,-76.));
#18276=CARTESIAN_POINT('',(38.0811742106537,95.,-108.400990274031));
#18277=CARTESIAN_POINT('',(38.0811742106537,0.,-108.400990274031));
#18278=CARTESIAN_POINT('Origin',(-2.79219470205596E-14,95.,-76.));
#18279=CARTESIAN_POINT('Origin',(-2.79219470205596E-14,0.,-76.));
#18280=CARTESIAN_POINT('',(41.7165857048474,0.,-103.5631361991));
#18281=CARTESIAN_POINT('',(41.7165857048474,95.,-103.5631361991));
#18282=CARTESIAN_POINT('',(41.7165857048474,0.,-103.5631361991));
#18283=CARTESIAN_POINT('',(40.5648852071763,0.,-105.231662424991));
#18284=CARTESIAN_POINT('Origin',(-2.79219470205596E-14,0.,-76.));
#18285=CARTESIAN_POINT('',(40.5648852071763,95.,-105.231662424991));
#18286=CARTESIAN_POINT('',(40.5648852071763,0.,-105.231662424991));
#18287=CARTESIAN_POINT('Origin',(-2.79219470205596E-14,95.,-76.));
#18288=CARTESIAN_POINT('Origin',(-2.79219470205596E-14,0.,-76.));
#18289=CARTESIAN_POINT('',(43.7992226647271,0.,-100.116966931305));
#18290=CARTESIAN_POINT('',(43.7992226647271,95.,-100.116966931305));
#18291=CARTESIAN_POINT('',(43.7992226647271,0.,-100.116966931305));
#18292=CARTESIAN_POINT('',(42.785517357103,0.,-101.872756028012));
#18293=CARTESIAN_POINT('Origin',(-2.79219470205596E-14,0.,-76.));
#18294=CARTESIAN_POINT('',(42.785517357103,95.,-101.872756028012));
#18295=CARTESIAN_POINT('',(42.785517357103,0.,-101.872756028012));
#18296=CARTESIAN_POINT('Origin',(-2.79219470205596E-14,95.,-76.));
#18297=CARTESIAN_POINT('Origin',(-2.79219470205596E-14,0.,-76.));
#18298=CARTESIAN_POINT('',(45.5978048584811,0.,-96.514389878519));
#18299=CARTESIAN_POINT('',(45.5978048584811,95.,-96.514389878519));
#18300=CARTESIAN_POINT('',(45.5978048584811,0.,-96.514389878519));
#18301=CARTESIAN_POINT('',(44.7286690088146,0.,-98.3460548799986));
#18302=CARTESIAN_POINT('Origin',(-2.79219470205596E-14,0.,-76.));
#18303=CARTESIAN_POINT('',(44.7286690088146,95.,-98.3460548799986));
#18304=CARTESIAN_POINT('',(44.7286690088146,0.,-98.3460548799986));
#18305=CARTESIAN_POINT('Origin',(-2.79219470205596E-14,95.,-76.));
#18306=CARTESIAN_POINT('Origin',(-2.79219470205596E-14,0.,-76.));
#18307=CARTESIAN_POINT('',(47.1006677904102,0.,-92.7787691353514));
#18308=CARTESIAN_POINT('',(47.1006677904102,95.,-92.7787691353514));
#18309=CARTESIAN_POINT('',(47.1006677904102,0.,-92.7787691353514));
#18310=CARTESIAN_POINT('',(46.3817380782012,0.,-94.6744309912013));
#18311=CARTESIAN_POINT('Origin',(-2.79219470205596E-14,0.,-76.));
#18312=CARTESIAN_POINT('',(46.3817380782012,95.,-94.6744309912013));
#18313=CARTESIAN_POINT('',(46.3817380782012,0.,-94.6744309912013));
#18314=CARTESIAN_POINT('Origin',(-2.79219470205596E-14,95.,-76.));
#18315=CARTESIAN_POINT('Origin',(-2.79219470205596E-14,0.,-76.));
#18316=CARTESIAN_POINT('',(48.2980648177048,0.,-88.9343316357975));
#18317=CARTESIAN_POINT('',(48.2980648177048,95.,-88.9343316357975));
#18318=CARTESIAN_POINT('',(48.2980648177048,0.,-88.9343316357975));
#18319=CARTESIAN_POINT('',(47.7340037780131,0.,-90.8816962514571));
#18320=CARTESIAN_POINT('Origin',(-2.79219470205596E-14,0.,-76.));
#18321=CARTESIAN_POINT('',(47.7340037780131,95.,-90.8816962514571));
#18322=CARTESIAN_POINT('',(47.7340037780131,0.,-90.8816962514571));
#18323=CARTESIAN_POINT('Origin',(-2.79219470205596E-14,95.,-76.));
#18324=CARTESIAN_POINT('Origin',(-2.79219470205596E-14,0.,-76.));
#18325=CARTESIAN_POINT('',(49.1822303611638,0.,-85.006010032274));
#18326=CARTESIAN_POINT('',(49.1822303611638,95.,-85.006010032274));
#18327=CARTESIAN_POINT('',(49.1822303611638,0.,-85.006010032274));
#18328=CARTESIAN_POINT('',(48.7766961462799,0.,-86.9924480009454));
#18329=CARTESIAN_POINT('Origin',(-2.79219470205596E-14,0.,-76.));
#18330=CARTESIAN_POINT('',(48.7766961462799,95.,-86.9924480009454));
#18331=CARTESIAN_POINT('',(48.7766961462799,0.,-86.9924480009454));
#18332=CARTESIAN_POINT('Origin',(-2.79219470205596E-14,95.,-76.));
#18333=CARTESIAN_POINT('Origin',(-2.79219470205596E-14,0.,-76.));
#18334=CARTESIAN_POINT('',(49.7474302679557,0.,-81.0192809978006));
#18335=CARTESIAN_POINT('',(49.7474302679557,95.,-81.0192809978006));
#18336=CARTESIAN_POINT('',(49.7474302679557,0.,-81.0192809978006));
#18337=CARTESIAN_POINT('',(49.5030529228793,0.,-83.0319095069981));
#18338=CARTESIAN_POINT('Origin',(-2.79219470205596E-14,0.,-76.));
#18339=CARTESIAN_POINT('',(49.5030529228793,95.,-83.0319095069981));
#18340=CARTESIAN_POINT('',(49.5030529228793,0.,-83.0319095069981));
#18341=CARTESIAN_POINT('Origin',(-2.79219470205596E-14,95.,-76.));
#18342=CARTESIAN_POINT('Origin',(48.,0.,-76.));
#18343=CARTESIAN_POINT('',(48.,95.,76.));
#18344=CARTESIAN_POINT('',(48.,0.,76.));
#18345=CARTESIAN_POINT('',(48.,95.,-76.));
#18346=CARTESIAN_POINT('Origin',(0.,0.,76.));
#18347=CARTESIAN_POINT('Origin',(0.,95.,76.));
#18348=CARTESIAN_POINT('Origin',(0.,0.,76.));
#18349=CARTESIAN_POINT('',(-49.9899989998,0.,77.));
#18350=CARTESIAN_POINT('',(-49.9899989998,95.,77.));
#18351=CARTESIAN_POINT('',(-49.9899989998,0.,77.));
#18352=CARTESIAN_POINT('',(-49.9083634053892,0.,79.0257663815323));
#18353=CARTESIAN_POINT('Origin',(0.,0.,76.));
#18354=CARTESIAN_POINT('',(-49.9083634053892,95.,79.0257663815323));
#18355=CARTESIAN_POINT('',(-49.9083634053892,0.,79.0257663815323));
#18356=CARTESIAN_POINT('Origin',(0.,95.,76.));
#18357=CARTESIAN_POINT('Origin',(-2.79219470205596E-14,0.,-76.));
#18358=CARTESIAN_POINT('',(49.9899989998,0.,-77.));
#18359=CARTESIAN_POINT('',(49.9899989998,95.,-77.));
#18360=CARTESIAN_POINT('',(49.9899989998,0.,-77.));
#18361=CARTESIAN_POINT('',(49.9083634053892,0.,-79.0257663815322));
#18362=CARTESIAN_POINT('Origin',(-2.79219470205596E-14,0.,-76.));
#18363=CARTESIAN_POINT('',(49.9083634053892,95.,-79.0257663815322));
#18364=CARTESIAN_POINT('',(49.9083634053892,0.,-79.0257663815322));
#18365=CARTESIAN_POINT('Origin',(-2.79219470205596E-14,95.,-76.));
#18366=CARTESIAN_POINT('Origin',(50.,0.,76.));
#18367=CARTESIAN_POINT('',(50.,95.,0.99999999999997));
#18368=CARTESIAN_POINT('',(50.,0.,0.99999999999997));
#18369=CARTESIAN_POINT('',(50.,0.,0.999999999999974));
#18370=CARTESIAN_POINT('',(50.,95.,2.99999999999999));
#18371=CARTESIAN_POINT('',(50.,95.,76.));
#18372=CARTESIAN_POINT('',(50.,0.,2.99999999999999));
#18373=CARTESIAN_POINT('',(50.,0.,2.99999999999999));
#18374=CARTESIAN_POINT('',(50.,0.,76.));
#18375=CARTESIAN_POINT('Origin',(-49.9899989998,0.,-75.));
#18376=CARTESIAN_POINT('',(-51.,95.,-75.));
#18377=CARTESIAN_POINT('',(-49.9899989998,95.,-75.));
#18378=CARTESIAN_POINT('',(-51.,0.,-75.));
#18379=CARTESIAN_POINT('',(-51.,0.,-75.));
#18380=CARTESIAN_POINT('',(-49.9899989998,0.,-75.));
#18381=CARTESIAN_POINT('Origin',(-51.,0.,-77.0000000000001));
#18382=CARTESIAN_POINT('',(-51.,0.,-77.0000000000001));
#18383=CARTESIAN_POINT('',(-51.,0.,-77.0000000000001));
#18384=CARTESIAN_POINT('',(-51.,95.,-77.0000000000001));
#18385=CARTESIAN_POINT('',(-51.,0.,-77.0000000000001));
#18386=CARTESIAN_POINT('',(-51.,95.,-77.0000000000001));
#18387=CARTESIAN_POINT('Origin',(-51.,0.,-75.));
#18388=CARTESIAN_POINT('',(-51.,0.,-75.));
#18389=CARTESIAN_POINT('',(-51.,95.,-75.));
#18390=CARTESIAN_POINT('Origin',(-49.9899989998,0.,-73.));
#18391=CARTESIAN_POINT('',(-51.,0.,-73.));
#18392=CARTESIAN_POINT('',(-49.9899989998,0.,-73.));
#18393=CARTESIAN_POINT('',(-51.,95.,-73.));
#18394=CARTESIAN_POINT('',(-51.,0.,-73.));
#18395=CARTESIAN_POINT('',(-49.9899989998,95.,-73.));
#18396=CARTESIAN_POINT('Origin',(-51.,0.,-71.));
#18397=CARTESIAN_POINT('',(-51.,95.,-71.));
#18398=CARTESIAN_POINT('',(-51.,95.,-71.));
#18399=CARTESIAN_POINT('',(-51.,0.,-71.));
#18400=CARTESIAN_POINT('',(-51.,0.,-71.));
#18401=CARTESIAN_POINT('',(-51.,0.,-71.));
#18402=CARTESIAN_POINT('Origin',(-51.,0.,-73.));
#18403=CARTESIAN_POINT('',(-51.,0.,-73.));
#18404=CARTESIAN_POINT('',(-51.,95.,-73.));
#18405=CARTESIAN_POINT('Origin',(-49.9899989998,0.,-69.));
#18406=CARTESIAN_POINT('',(-51.,0.,-69.));
#18407=CARTESIAN_POINT('',(-49.9899989998,0.,-69.));
#18408=CARTESIAN_POINT('',(-51.,95.,-69.));
#18409=CARTESIAN_POINT('',(-51.,0.,-69.));
#18410=CARTESIAN_POINT('',(-49.9899989998,95.,-69.));
#18411=CARTESIAN_POINT('Origin',(-51.,0.,-67.));
#18412=CARTESIAN_POINT('',(-51.,95.,-67.));
#18413=CARTESIAN_POINT('',(-51.,95.,-67.));
#18414=CARTESIAN_POINT('',(-51.,0.,-67.));
#18415=CARTESIAN_POINT('',(-51.,0.,-67.));
#18416=CARTESIAN_POINT('',(-51.,0.,-67.));
#18417=CARTESIAN_POINT('Origin',(-51.,0.,-69.));
#18418=CARTESIAN_POINT('',(-51.,0.,-69.));
#18419=CARTESIAN_POINT('',(-51.,95.,-69.));
#18420=CARTESIAN_POINT('Origin',(-49.9899989998,0.,-65.));
#18421=CARTESIAN_POINT('',(-51.,0.,-65.));
#18422=CARTESIAN_POINT('',(-49.9899989998,0.,-65.));
#18423=CARTESIAN_POINT('',(-51.,95.,-65.));
#18424=CARTESIAN_POINT('',(-51.,0.,-65.));
#18425=CARTESIAN_POINT('',(-49.9899989998,95.,-65.));
#18426=CARTESIAN_POINT('Origin',(-51.,0.,-63.));
#18427=CARTESIAN_POINT('',(-51.,95.,-63.));
#18428=CARTESIAN_POINT('',(-51.,95.,-63.));
#18429=CARTESIAN_POINT('',(-51.,0.,-63.));
#18430=CARTESIAN_POINT('',(-51.,0.,-63.));
#18431=CARTESIAN_POINT('',(-51.,0.,-63.));
#18432=CARTESIAN_POINT('Origin',(-51.,0.,-65.));
#18433=CARTESIAN_POINT('',(-51.,0.,-65.));
#18434=CARTESIAN_POINT('',(-51.,95.,-65.));
#18435=CARTESIAN_POINT('Origin',(-49.9899989998,0.,-61.));
#18436=CARTESIAN_POINT('',(-51.,0.,-61.));
#18437=CARTESIAN_POINT('',(-49.9899989998,0.,-61.));
#18438=CARTESIAN_POINT('',(-51.,95.,-61.));
#18439=CARTESIAN_POINT('',(-51.,0.,-61.));
#18440=CARTESIAN_POINT('',(-49.9899989998,95.,-61.));
#18441=CARTESIAN_POINT('Origin',(-51.,0.,-59.));
#18442=CARTESIAN_POINT('',(-51.,95.,-59.));
#18443=CARTESIAN_POINT('',(-51.,95.,-59.));
#18444=CARTESIAN_POINT('',(-51.,0.,-59.));
#18445=CARTESIAN_POINT('',(-51.,0.,-59.));
#18446=CARTESIAN_POINT('',(-51.,0.,-59.));
#18447=CARTESIAN_POINT('Origin',(-51.,0.,-61.));
#18448=CARTESIAN_POINT('',(-51.,0.,-61.));
#18449=CARTESIAN_POINT('',(-51.,95.,-61.));
#18450=CARTESIAN_POINT('Origin',(-49.9899989998,0.,-57.));
#18451=CARTESIAN_POINT('',(-51.,0.,-57.));
#18452=CARTESIAN_POINT('',(-49.9899989998,0.,-57.));
#18453=CARTESIAN_POINT('',(-51.,95.,-57.));
#18454=CARTESIAN_POINT('',(-51.,0.,-57.));
#18455=CARTESIAN_POINT('',(-49.9899989998,95.,-57.));
#18456=CARTESIAN_POINT('Origin',(-51.,0.,-55.));
#18457=CARTESIAN_POINT('',(-51.,95.,-55.));
#18458=CARTESIAN_POINT('',(-51.,95.,-55.));
#18459=CARTESIAN_POINT('',(-51.,0.,-55.));
#18460=CARTESIAN_POINT('',(-51.,0.,-55.));
#18461=CARTESIAN_POINT('',(-51.,0.,-55.));
#18462=CARTESIAN_POINT('Origin',(-51.,0.,-57.));
#18463=CARTESIAN_POINT('',(-51.,0.,-57.));
#18464=CARTESIAN_POINT('',(-51.,95.,-57.));
#18465=CARTESIAN_POINT('Origin',(-49.9899989998,0.,-53.));
#18466=CARTESIAN_POINT('',(-51.,0.,-53.));
#18467=CARTESIAN_POINT('',(-49.9899989998,0.,-53.));
#18468=CARTESIAN_POINT('',(-51.,95.,-53.));
#18469=CARTESIAN_POINT('',(-51.,0.,-53.));
#18470=CARTESIAN_POINT('',(-49.9899989998,95.,-53.));
#18471=CARTESIAN_POINT('Origin',(-51.,0.,-51.));
#18472=CARTESIAN_POINT('',(-51.,95.,-51.));
#18473=CARTESIAN_POINT('',(-51.,95.,-51.));
#18474=CARTESIAN_POINT('',(-51.,0.,-51.));
#18475=CARTESIAN_POINT('',(-51.,0.,-51.));
#18476=CARTESIAN_POINT('',(-51.,0.,-51.));
#18477=CARTESIAN_POINT('Origin',(-51.,0.,-53.));
#18478=CARTESIAN_POINT('',(-51.,0.,-53.));
#18479=CARTESIAN_POINT('',(-51.,95.,-53.));
#18480=CARTESIAN_POINT('Origin',(-49.9899989998,0.,-49.));
#18481=CARTESIAN_POINT('',(-51.,0.,-49.));
#18482=CARTESIAN_POINT('',(-49.9899989998,0.,-49.));
#18483=CARTESIAN_POINT('',(-51.,95.,-49.));
#18484=CARTESIAN_POINT('',(-51.,0.,-49.));
#18485=CARTESIAN_POINT('',(-49.9899989998,95.,-49.));
#18486=CARTESIAN_POINT('Origin',(-51.,0.,-47.));
#18487=CARTESIAN_POINT('',(-51.,95.,-47.));
#18488=CARTESIAN_POINT('',(-51.,95.,-47.));
#18489=CARTESIAN_POINT('',(-51.,0.,-47.));
#18490=CARTESIAN_POINT('',(-51.,0.,-47.));
#18491=CARTESIAN_POINT('',(-51.,0.,-47.));
#18492=CARTESIAN_POINT('Origin',(-51.,0.,-49.));
#18493=CARTESIAN_POINT('',(-51.,0.,-49.));
#18494=CARTESIAN_POINT('',(-51.,95.,-49.));
#18495=CARTESIAN_POINT('Origin',(-49.9899989998,0.,-45.));
#18496=CARTESIAN_POINT('',(-51.,0.,-45.));
#18497=CARTESIAN_POINT('',(-49.9899989998,0.,-45.));
#18498=CARTESIAN_POINT('',(-51.,95.,-45.));
#18499=CARTESIAN_POINT('',(-51.,0.,-45.));
#18500=CARTESIAN_POINT('',(-49.9899989998,95.,-45.));
#18501=CARTESIAN_POINT('Origin',(-51.,0.,-43.));
#18502=CARTESIAN_POINT('',(-51.,95.,-43.));
#18503=CARTESIAN_POINT('',(-51.,95.,-43.));
#18504=CARTESIAN_POINT('',(-51.,0.,-43.));
#18505=CARTESIAN_POINT('',(-51.,0.,-43.));
#18506=CARTESIAN_POINT('',(-51.,0.,-43.));
#18507=CARTESIAN_POINT('Origin',(-51.,0.,-45.));
#18508=CARTESIAN_POINT('',(-51.,0.,-45.));
#18509=CARTESIAN_POINT('',(-51.,95.,-45.));
#18510=CARTESIAN_POINT('Origin',(-49.9899989998,0.,-41.));
#18511=CARTESIAN_POINT('',(-51.,0.,-41.));
#18512=CARTESIAN_POINT('',(-49.9899989998,0.,-41.));
#18513=CARTESIAN_POINT('',(-51.,95.,-41.));
#18514=CARTESIAN_POINT('',(-51.,0.,-41.));
#18515=CARTESIAN_POINT('',(-49.9899989998,95.,-41.));
#18516=CARTESIAN_POINT('Origin',(-51.,0.,-39.));
#18517=CARTESIAN_POINT('',(-51.,95.,-39.));
#18518=CARTESIAN_POINT('',(-51.,95.,-39.));
#18519=CARTESIAN_POINT('',(-51.,0.,-39.));
#18520=CARTESIAN_POINT('',(-51.,0.,-39.));
#18521=CARTESIAN_POINT('',(-51.,0.,-39.));
#18522=CARTESIAN_POINT('Origin',(-51.,0.,-41.));
#18523=CARTESIAN_POINT('',(-51.,0.,-41.));
#18524=CARTESIAN_POINT('',(-51.,95.,-41.));
#18525=CARTESIAN_POINT('Origin',(-49.9899989998,0.,-37.));
#18526=CARTESIAN_POINT('',(-51.,0.,-37.));
#18527=CARTESIAN_POINT('',(-49.9899989998,0.,-37.));
#18528=CARTESIAN_POINT('',(-51.,95.,-37.));
#18529=CARTESIAN_POINT('',(-51.,0.,-37.));
#18530=CARTESIAN_POINT('',(-49.9899989998,95.,-37.));
#18531=CARTESIAN_POINT('Origin',(-51.,0.,-35.));
#18532=CARTESIAN_POINT('',(-51.,95.,-35.));
#18533=CARTESIAN_POINT('',(-51.,95.,-35.));
#18534=CARTESIAN_POINT('',(-51.,0.,-35.));
#18535=CARTESIAN_POINT('',(-51.,0.,-35.));
#18536=CARTESIAN_POINT('',(-51.,0.,-35.));
#18537=CARTESIAN_POINT('Origin',(-51.,0.,-37.));
#18538=CARTESIAN_POINT('',(-51.,0.,-37.));
#18539=CARTESIAN_POINT('',(-51.,95.,-37.));
#18540=CARTESIAN_POINT('Origin',(-49.9899989998,0.,-33.));
#18541=CARTESIAN_POINT('',(-51.,0.,-33.));
#18542=CARTESIAN_POINT('',(-49.9899989998,0.,-33.));
#18543=CARTESIAN_POINT('',(-51.,95.,-33.));
#18544=CARTESIAN_POINT('',(-51.,0.,-33.));
#18545=CARTESIAN_POINT('',(-49.9899989998,95.,-33.));
#18546=CARTESIAN_POINT('Origin',(-51.,0.,-31.));
#18547=CARTESIAN_POINT('',(-51.,95.,-31.));
#18548=CARTESIAN_POINT('',(-51.,95.,-31.));
#18549=CARTESIAN_POINT('',(-51.,0.,-31.));
#18550=CARTESIAN_POINT('',(-51.,0.,-31.));
#18551=CARTESIAN_POINT('',(-51.,0.,-31.));
#18552=CARTESIAN_POINT('Origin',(-51.,0.,-33.));
#18553=CARTESIAN_POINT('',(-51.,0.,-33.));
#18554=CARTESIAN_POINT('',(-51.,95.,-33.));
#18555=CARTESIAN_POINT('Origin',(-49.9899989998,0.,-29.));
#18556=CARTESIAN_POINT('',(-51.,0.,-29.));
#18557=CARTESIAN_POINT('',(-49.9899989998,0.,-29.));
#18558=CARTESIAN_POINT('',(-51.,95.,-29.));
#18559=CARTESIAN_POINT('',(-51.,0.,-29.));
#18560=CARTESIAN_POINT('',(-49.9899989998,95.,-29.));
#18561=CARTESIAN_POINT('Origin',(-51.,0.,-27.));
#18562=CARTESIAN_POINT('',(-51.,95.,-27.));
#18563=CARTESIAN_POINT('',(-51.,95.,-27.));
#18564=CARTESIAN_POINT('',(-51.,0.,-27.));
#18565=CARTESIAN_POINT('',(-51.,0.,-27.));
#18566=CARTESIAN_POINT('',(-51.,0.,-27.));
#18567=CARTESIAN_POINT('Origin',(-51.,0.,-29.));
#18568=CARTESIAN_POINT('',(-51.,0.,-29.));
#18569=CARTESIAN_POINT('',(-51.,95.,-29.));
#18570=CARTESIAN_POINT('Origin',(-49.9899989998,0.,-25.));
#18571=CARTESIAN_POINT('',(-51.,0.,-25.));
#18572=CARTESIAN_POINT('',(-49.9899989998,0.,-25.));
#18573=CARTESIAN_POINT('',(-51.,95.,-25.));
#18574=CARTESIAN_POINT('',(-51.,0.,-25.));
#18575=CARTESIAN_POINT('',(-49.9899989998,95.,-25.));
#18576=CARTESIAN_POINT('Origin',(-51.,0.,-23.));
#18577=CARTESIAN_POINT('',(-51.,95.,-23.));
#18578=CARTESIAN_POINT('',(-51.,95.,-23.));
#18579=CARTESIAN_POINT('',(-51.,0.,-23.));
#18580=CARTESIAN_POINT('',(-51.,0.,-23.));
#18581=CARTESIAN_POINT('',(-51.,0.,-23.));
#18582=CARTESIAN_POINT('Origin',(-51.,0.,-25.));
#18583=CARTESIAN_POINT('',(-51.,0.,-25.));
#18584=CARTESIAN_POINT('',(-51.,95.,-25.));
#18585=CARTESIAN_POINT('Origin',(-49.9899989998,0.,-21.));
#18586=CARTESIAN_POINT('',(-51.,0.,-21.));
#18587=CARTESIAN_POINT('',(-49.9899989998,0.,-21.));
#18588=CARTESIAN_POINT('',(-51.,95.,-21.));
#18589=CARTESIAN_POINT('',(-51.,0.,-21.));
#18590=CARTESIAN_POINT('',(-49.9899989998,95.,-21.));
#18591=CARTESIAN_POINT('Origin',(-51.,0.,-19.));
#18592=CARTESIAN_POINT('',(-51.,95.,-19.));
#18593=CARTESIAN_POINT('',(-51.,95.,-19.));
#18594=CARTESIAN_POINT('',(-51.,0.,-19.));
#18595=CARTESIAN_POINT('',(-51.,0.,-19.));
#18596=CARTESIAN_POINT('',(-51.,0.,-19.));
#18597=CARTESIAN_POINT('Origin',(-51.,0.,-21.));
#18598=CARTESIAN_POINT('',(-51.,0.,-21.));
#18599=CARTESIAN_POINT('',(-51.,95.,-21.));
#18600=CARTESIAN_POINT('Origin',(-49.9899989998,0.,-17.));
#18601=CARTESIAN_POINT('',(-51.,0.,-17.));
#18602=CARTESIAN_POINT('',(-49.9899989998,0.,-17.));
#18603=CARTESIAN_POINT('',(-51.,95.,-17.));
#18604=CARTESIAN_POINT('',(-51.,0.,-17.));
#18605=CARTESIAN_POINT('',(-49.9899989998,95.,-17.));
#18606=CARTESIAN_POINT('Origin',(-51.,0.,-15.));
#18607=CARTESIAN_POINT('',(-51.,95.,-15.));
#18608=CARTESIAN_POINT('',(-51.,95.,-15.));
#18609=CARTESIAN_POINT('',(-51.,0.,-15.));
#18610=CARTESIAN_POINT('',(-51.,0.,-15.));
#18611=CARTESIAN_POINT('',(-51.,0.,-15.));
#18612=CARTESIAN_POINT('Origin',(-51.,0.,-17.));
#18613=CARTESIAN_POINT('',(-51.,0.,-17.));
#18614=CARTESIAN_POINT('',(-51.,95.,-17.));
#18615=CARTESIAN_POINT('Origin',(-49.9899989998,0.,-13.));
#18616=CARTESIAN_POINT('',(-51.,0.,-13.));
#18617=CARTESIAN_POINT('',(-49.9899989998,0.,-13.));
#18618=CARTESIAN_POINT('',(-51.,95.,-13.));
#18619=CARTESIAN_POINT('',(-51.,0.,-13.));
#18620=CARTESIAN_POINT('',(-49.9899989998,95.,-13.));
#18621=CARTESIAN_POINT('Origin',(-51.,0.,-11.));
#18622=CARTESIAN_POINT('',(-51.,95.,-11.));
#18623=CARTESIAN_POINT('',(-51.,95.,-11.));
#18624=CARTESIAN_POINT('',(-51.,0.,-11.));
#18625=CARTESIAN_POINT('',(-51.,0.,-11.));
#18626=CARTESIAN_POINT('',(-51.,0.,-11.));
#18627=CARTESIAN_POINT('Origin',(-51.,0.,-13.));
#18628=CARTESIAN_POINT('',(-51.,0.,-13.));
#18629=CARTESIAN_POINT('',(-51.,95.,-13.));
#18630=CARTESIAN_POINT('Origin',(-49.9899989998,0.,-8.99999999999997));
#18631=CARTESIAN_POINT('',(-51.,0.,-8.99999999999998));
#18632=CARTESIAN_POINT('',(-49.9899989998,0.,-8.99999999999997));
#18633=CARTESIAN_POINT('',(-51.,95.,-8.99999999999998));
#18634=CARTESIAN_POINT('',(-51.,0.,-8.99999999999998));
#18635=CARTESIAN_POINT('',(-49.9899989998,95.,-8.99999999999997));
#18636=CARTESIAN_POINT('Origin',(-51.,0.,-6.99999999999998));
#18637=CARTESIAN_POINT('',(-51.,95.,-6.99999999999998));
#18638=CARTESIAN_POINT('',(-51.,95.,-6.99999999999998));
#18639=CARTESIAN_POINT('',(-51.,0.,-6.99999999999998));
#18640=CARTESIAN_POINT('',(-51.,0.,-6.99999999999998));
#18641=CARTESIAN_POINT('',(-51.,0.,-6.99999999999998));
#18642=CARTESIAN_POINT('Origin',(-51.,0.,-8.99999999999998));
#18643=CARTESIAN_POINT('',(-51.,0.,-8.99999999999998));
#18644=CARTESIAN_POINT('',(-51.,95.,-8.99999999999998));
#18645=CARTESIAN_POINT('Origin',(-49.9899989998,0.,-4.99999999999998));
#18646=CARTESIAN_POINT('',(-51.,0.,-4.99999999999999));
#18647=CARTESIAN_POINT('',(-49.9899989998,0.,-4.99999999999998));
#18648=CARTESIAN_POINT('',(-51.,95.,-4.99999999999999));
#18649=CARTESIAN_POINT('',(-51.,0.,-4.99999999999999));
#18650=CARTESIAN_POINT('',(-49.9899989998,95.,-4.99999999999998));
#18651=CARTESIAN_POINT('Origin',(-51.,0.,-2.99999999999998));
#18652=CARTESIAN_POINT('',(-51.,95.,-2.99999999999998));
#18653=CARTESIAN_POINT('',(-51.,95.,-2.99999999999998));
#18654=CARTESIAN_POINT('',(-51.,0.,-2.99999999999998));
#18655=CARTESIAN_POINT('',(-51.,0.,-2.99999999999998));
#18656=CARTESIAN_POINT('',(-51.,0.,-2.99999999999998));
#18657=CARTESIAN_POINT('Origin',(-51.,0.,-4.99999999999999));
#18658=CARTESIAN_POINT('',(-51.,0.,-4.99999999999999));
#18659=CARTESIAN_POINT('',(-51.,95.,-4.99999999999999));
#18660=CARTESIAN_POINT('Origin',(-51.,0.,-1.00000000000002));
#18661=CARTESIAN_POINT('',(-51.,0.,-1.00000000000002));
#18662=CARTESIAN_POINT('',(-51.,0.,-1.00000000000002));
#18663=CARTESIAN_POINT('',(-51.,95.,-1.00000000000002));
#18664=CARTESIAN_POINT('',(-51.,0.,-1.00000000000002));
#18665=CARTESIAN_POINT('',(-51.,95.,-1.00000000000002));
#18666=CARTESIAN_POINT('Origin',(-51.,0.,0.999999999999982));
#18667=CARTESIAN_POINT('',(-51.,0.,0.999999999999982));
#18668=CARTESIAN_POINT('',(-51.,0.,0.999999999999982));
#18669=CARTESIAN_POINT('',(-51.,95.,0.999999999999982));
#18670=CARTESIAN_POINT('',(-51.,0.,0.999999999999982));
#18671=CARTESIAN_POINT('',(-51.,95.,0.999999999999982));
#18672=CARTESIAN_POINT('Origin',(-49.9899989998,0.,0.999999999999973));
#18673=CARTESIAN_POINT('',(-49.9899989998,95.,0.999999999999973));
#18674=CARTESIAN_POINT('',(-49.9899989998,0.,0.999999999999973));
#18675=CARTESIAN_POINT('Origin',(-50.754156146128,0.,-81.1005523126873));
#18676=CARTESIAN_POINT('',(-50.754156146128,0.,-81.1005523126873));
#18677=CARTESIAN_POINT('',(-50.754156146128,0.,-81.1005523126873));
#18678=CARTESIAN_POINT('',(-50.754156146128,95.,-81.1005523126873));
#18679=CARTESIAN_POINT('',(-50.754156146128,0.,-81.1005523126873));
#18680=CARTESIAN_POINT('',(-50.754156146128,95.,-81.1005523126873));
#18681=CARTESIAN_POINT('Origin',(-50.9150892835614,0.,-79.1070376964189));
#18682=CARTESIAN_POINT('',(-50.9150892835614,0.,-79.1070376964189));
#18683=CARTESIAN_POINT('',(-50.9150892835614,0.,-79.1070376964189));
#18684=CARTESIAN_POINT('',(-50.9150892835614,95.,-79.1070376964189));
#18685=CARTESIAN_POINT('',(-50.9150892835614,0.,-79.1070376964189));
#18686=CARTESIAN_POINT('',(-50.9150892835614,95.,-79.1070376964189));
#18687=CARTESIAN_POINT('Origin',(-49.9083634053892,0.,-79.0257663815323));
#18688=CARTESIAN_POINT('',(-49.9083634053892,0.,-79.0257663815323));
#18689=CARTESIAN_POINT('',(-49.9083634053892,95.,-79.0257663815323));
#18690=CARTESIAN_POINT('Origin',(-50.1791521136758,0.,-85.1680255863837));
#18691=CARTESIAN_POINT('',(-50.1791521136758,0.,-85.1680255863837));
#18692=CARTESIAN_POINT('',(-50.1791521136758,0.,-85.1680255863837));
#18693=CARTESIAN_POINT('',(-50.1791521136758,95.,-85.1680255863837));
#18694=CARTESIAN_POINT('',(-50.1791521136758,0.,-85.1680255863837));
#18695=CARTESIAN_POINT('',(-50.1791521136758,95.,-85.1680255863837));
#18696=CARTESIAN_POINT('Origin',(-50.4999746753913,0.,-83.1939250611079));
#18697=CARTESIAN_POINT('',(-50.4999746753913,0.,-83.1939250611079));
#18698=CARTESIAN_POINT('',(-50.4999746753913,0.,-83.1939250611079));
#18699=CARTESIAN_POINT('',(-50.4999746753913,95.,-83.1939250611079));
#18700=CARTESIAN_POINT('',(-50.4999746753913,0.,-83.1939250611079));
#18701=CARTESIAN_POINT('',(-50.4999746753913,95.,-83.1939250611079));
#18702=CARTESIAN_POINT('Origin',(-49.5030529228793,0.,-83.0319095069982));
#18703=CARTESIAN_POINT('',(-49.5030529228793,0.,-83.0319095069982));
#18704=CARTESIAN_POINT('',(-49.5030529228793,95.,-83.0319095069982));
#18705=CARTESIAN_POINT('Origin',(-49.2787170244411,0.,-89.1760406960915));
#18706=CARTESIAN_POINT('',(-49.2787170244411,0.,-89.1760406960915));
#18707=CARTESIAN_POINT('',(-49.2787170244411,0.,-89.1760406960915));
#18708=CARTESIAN_POINT('',(-49.2787170244411,95.,-89.1760406960915));
#18709=CARTESIAN_POINT('',(-49.2787170244411,0.,-89.1760406960915));
#18710=CARTESIAN_POINT('',(-49.2787170244411,95.,-89.1760406960915));
#18711=CARTESIAN_POINT('Origin',(-49.7573483530162,0.,-87.2341570612394));
#18712=CARTESIAN_POINT('',(-49.7573483530162,0.,-87.2341570612394));
#18713=CARTESIAN_POINT('',(-49.7573483530162,0.,-87.2341570612394));
#18714=CARTESIAN_POINT('',(-49.7573483530162,95.,-87.2341570612394));
#18715=CARTESIAN_POINT('',(-49.7573483530162,0.,-87.2341570612394));
#18716=CARTESIAN_POINT('',(-49.7573483530162,95.,-87.2341570612394));
#18717=CARTESIAN_POINT('Origin',(-48.7766961462799,0.,-86.9924480009455));
#18718=CARTESIAN_POINT('',(-48.7766961462799,0.,-86.9924480009455));
#18719=CARTESIAN_POINT('',(-48.7766961462799,95.,-86.9924480009455));
#18720=CARTESIAN_POINT('Origin',(-48.0586905455029,0.,-93.0986041258223));
#18721=CARTESIAN_POINT('',(-48.0586905455029,0.,-93.0986041258223));
#18722=CARTESIAN_POINT('',(-48.0586905455029,0.,-93.0986041258223));
#18723=CARTESIAN_POINT('',(-48.0586905455029,95.,-93.0986041258223));
#18724=CARTESIAN_POINT('',(-48.0586905455029,0.,-93.0986041258223));
#18725=CARTESIAN_POINT('',(-48.0586905455029,95.,-93.0986041258223));
#18726=CARTESIAN_POINT('Origin',(-48.6920265331059,0.,-91.201531241928));
#18727=CARTESIAN_POINT('',(-48.6920265331059,0.,-91.201531241928));
#18728=CARTESIAN_POINT('',(-48.6920265331059,0.,-91.201531241928));
#18729=CARTESIAN_POINT('',(-48.6920265331059,95.,-91.201531241928));
#18730=CARTESIAN_POINT('',(-48.6920265331059,0.,-91.201531241928));
#18731=CARTESIAN_POINT('',(-48.6920265331059,95.,-91.201531241928));
#18732=CARTESIAN_POINT('Origin',(-47.7340037780131,0.,-90.8816962514572));
#18733=CARTESIAN_POINT('',(-47.7340037780131,0.,-90.8816962514572));
#18734=CARTESIAN_POINT('',(-47.7340037780131,95.,-90.8816962514572));
#18735=CARTESIAN_POINT('Origin',(-46.52698501674,0.,-96.9102765465227));
#18736=CARTESIAN_POINT('',(-46.52698501674,0.,-96.9102765465227));
#18737=CARTESIAN_POINT('',(-46.52698501674,0.,-96.9102765465227));
#18738=CARTESIAN_POINT('',(-46.52698501674,95.,-96.9102765465227));
#18739=CARTESIAN_POINT('',(-46.52698501674,0.,-96.9102765465227));
#18740=CARTESIAN_POINT('',(-46.52698501674,95.,-96.9102765465227));
#18741=CARTESIAN_POINT('Origin',(-47.3109182364601,0.,-95.070317659205));
#18742=CARTESIAN_POINT('',(-47.3109182364601,0.,-95.070317659205));
#18743=CARTESIAN_POINT('',(-47.3109182364601,0.,-95.070317659205));
#18744=CARTESIAN_POINT('',(-47.3109182364601,95.,-95.070317659205));
#18745=CARTESIAN_POINT('',(-47.3109182364601,0.,-95.070317659205));
#18746=CARTESIAN_POINT('',(-47.3109182364601,95.,-95.070317659205));
#18747=CARTESIAN_POINT('Origin',(-46.3817380782012,0.,-94.6744309912013));
#18748=CARTESIAN_POINT('',(-46.3817380782012,0.,-94.6744309912013));
#18749=CARTESIAN_POINT('',(-46.3817380782012,95.,-94.6744309912013));
#18750=CARTESIAN_POINT('Origin',(-44.6935341362699,0.,-100.586337799885));
#18751=CARTESIAN_POINT('',(-44.6935341362699,0.,-100.586337799885));
#18752=CARTESIAN_POINT('',(-44.6935341362699,0.,-100.586337799885));
#18753=CARTESIAN_POINT('',(-44.6935341362699,95.,-100.586337799885));
#18754=CARTESIAN_POINT('',(-44.6935341362699,0.,-100.586337799885));
#18755=CARTESIAN_POINT('',(-44.6935341362699,95.,-100.586337799885));
#18756=CARTESIAN_POINT('Origin',(-45.6229804803575,0.,-98.815425748579));
#18757=CARTESIAN_POINT('',(-45.6229804803575,0.,-98.815425748579));
#18758=CARTESIAN_POINT('',(-45.6229804803575,0.,-98.815425748579));
#18759=CARTESIAN_POINT('',(-45.6229804803575,95.,-98.815425748579));
#18760=CARTESIAN_POINT('',(-45.6229804803575,0.,-98.815425748579));
#18761=CARTESIAN_POINT('',(-45.6229804803575,95.,-98.815425748579));
#18762=CARTESIAN_POINT('Origin',(-44.7286690088146,0.,-98.3460548799987));
#18763=CARTESIAN_POINT('',(-44.7286690088146,0.,-98.3460548799987));
#18764=CARTESIAN_POINT('',(-44.7286690088146,95.,-98.3460548799987));
#18765=CARTESIAN_POINT('Origin',(-42.5702285366057,0.,-104.102947218062));
#18766=CARTESIAN_POINT('',(-42.5702285366057,0.,-104.102947218062));
#18767=CARTESIAN_POINT('',(-42.5702285366057,0.,-104.102947218062));
#18768=CARTESIAN_POINT('',(-42.5702285366057,95.,-104.102947218062));
#18769=CARTESIAN_POINT('',(-42.5702285366057,0.,-104.102947218062));
#18770=CARTESIAN_POINT('',(-42.5702285366057,95.,-104.102947218062));
#18771=CARTESIAN_POINT('Origin',(-43.6391601888613,0.,-102.412567046974));
#18772=CARTESIAN_POINT('',(-43.6391601888613,0.,-102.412567046974));
#18773=CARTESIAN_POINT('',(-43.6391601888613,0.,-102.412567046974));
#18774=CARTESIAN_POINT('',(-43.6391601888613,95.,-102.412567046974));
#18775=CARTESIAN_POINT('',(-43.6391601888613,0.,-102.412567046974));
#18776=CARTESIAN_POINT('',(-43.6391601888613,95.,-102.412567046974));
#18777=CARTESIAN_POINT('Origin',(-42.7855173571029,0.,-101.872756028012));
#18778=CARTESIAN_POINT('',(-42.7855173571029,0.,-101.872756028012));
#18779=CARTESIAN_POINT('',(-42.7855173571029,95.,-101.872756028012));
#18780=CARTESIAN_POINT('Origin',(-40.1708386693405,0.,-107.43729823954));
#18781=CARTESIAN_POINT('',(-40.1708386693405,0.,-107.43729823954));
#18782=CARTESIAN_POINT('',(-40.1708386693405,0.,-107.43729823954));
#18783=CARTESIAN_POINT('',(-40.1708386693405,95.,-107.43729823954));
#18784=CARTESIAN_POINT('',(-40.1708386693405,0.,-107.43729823954));
#18785=CARTESIAN_POINT('',(-40.1708386693405,95.,-107.43729823954));
#18786=CARTESIAN_POINT('Origin',(-41.3723231978165,0.,-105.838412712733));
#18787=CARTESIAN_POINT('',(-41.3723231978165,0.,-105.838412712733));
#18788=CARTESIAN_POINT('',(-41.3723231978165,0.,-105.838412712733));
#18789=CARTESIAN_POINT('',(-41.3723231978165,95.,-105.838412712733));
#18790=CARTESIAN_POINT('',(-41.3723231978165,0.,-105.838412712733));
#18791=CARTESIAN_POINT('',(-41.3723231978165,95.,-105.838412712733));
#18792=CARTESIAN_POINT('Origin',(-40.5648852071763,0.,-105.231662424991));
#18793=CARTESIAN_POINT('',(-40.5648852071763,0.,-105.231662424991));
#18794=CARTESIAN_POINT('',(-40.5648852071763,95.,-105.231662424991));
#18795=CARTESIAN_POINT('Origin',(-37.5109254984853,0.,-110.567766318452));
#18796=CARTESIAN_POINT('',(-37.5109254984853,0.,-110.567766318452));
#18797=CARTESIAN_POINT('',(-37.5109254984853,0.,-110.567766318452));
#18798=CARTESIAN_POINT('',(-37.5109254984853,95.,-110.567766318452));
#18799=CARTESIAN_POINT('',(-37.5109254984853,0.,-110.567766318452));
#18800=CARTESIAN_POINT('',(-37.5109254984853,95.,-110.567766318452));
#18801=CARTESIAN_POINT('Origin',(-38.8371708149669,0.,-109.070744822109));
#18802=CARTESIAN_POINT('',(-38.8371708149669,0.,-109.070744822109));
#18803=CARTESIAN_POINT('',(-38.8371708149669,0.,-109.070744822109));
#18804=CARTESIAN_POINT('',(-38.8371708149669,95.,-109.070744822109));
#18805=CARTESIAN_POINT('',(-38.8371708149669,0.,-109.070744822109));
#18806=CARTESIAN_POINT('',(-38.8371708149669,95.,-109.070744822109));
#18807=CARTESIAN_POINT('Origin',(-38.0811742106536,0.,-108.400990274031));
#18808=CARTESIAN_POINT('',(-38.0811742106536,0.,-108.400990274031));
#18809=CARTESIAN_POINT('',(-38.0811742106536,95.,-108.400990274031));
#18810=CARTESIAN_POINT('Origin',(-34.6077395816457,0.,-113.474049168044));
#18811=CARTESIAN_POINT('',(-34.6077395816457,0.,-113.474049168044));
#18812=CARTESIAN_POINT('',(-34.6077395816457,0.,-113.474049168044));
#18813=CARTESIAN_POINT('',(-34.6077395816457,95.,-113.474049168044));
#18814=CARTESIAN_POINT('',(-34.6077395816457,0.,-113.474049168044));
#18815=CARTESIAN_POINT('',(-34.6077395816457,95.,-113.474049168044));
#18816=CARTESIAN_POINT('Origin',(-36.0501444763334,0.,-112.088600461025));
#18817=CARTESIAN_POINT('',(-36.0501444763334,0.,-112.088600461025));
#18818=CARTESIAN_POINT('',(-36.0501444763334,0.,-112.088600461025));
#18819=CARTESIAN_POINT('',(-36.0501444763334,95.,-112.088600461025));
#18820=CARTESIAN_POINT('',(-36.0501444763334,0.,-112.088600461025));
#18821=CARTESIAN_POINT('',(-36.0501444763334,95.,-112.088600461025));
#18822=CARTESIAN_POINT('Origin',(-35.3504921864258,0.,-111.360185267861));
#18823=CARTESIAN_POINT('',(-35.3504921864258,0.,-111.360185267861));
#18824=CARTESIAN_POINT('',(-35.3504921864258,95.,-111.360185267861));
#18825=CARTESIAN_POINT('Origin',(-31.4801091935366,0.,-116.137298428806));
#18826=CARTESIAN_POINT('',(-31.4801091935366,0.,-116.137298428806));
#18827=CARTESIAN_POINT('',(-31.4801091935366,0.,-116.137298428806));
#18828=CARTESIAN_POINT('',(-31.4801091935366,95.,-116.137298428806));
#18829=CARTESIAN_POINT('',(-31.4801091935366,0.,-116.137298428806));
#18830=CARTESIAN_POINT('',(-31.4801091935366,95.,-116.137298428806));
#18831=CARTESIAN_POINT('Origin',(-33.0293191171919,0.,-114.872407677615));
#18832=CARTESIAN_POINT('',(-33.0293191171919,0.,-114.872407677615));
#18833=CARTESIAN_POINT('',(-33.0293191171919,0.,-114.872407677615));
#18834=CARTESIAN_POINT('',(-33.0293191171919,95.,-114.872407677615));
#18835=CARTESIAN_POINT('',(-33.0293191171919,0.,-114.872407677615));
#18836=CARTESIAN_POINT('',(-33.0293191171919,95.,-114.872407677615));
#18837=CARTESIAN_POINT('Origin',(-32.3905486552687,0.,-114.090055891409));
#18838=CARTESIAN_POINT('',(-32.3905486552687,0.,-114.090055891409));
#18839=CARTESIAN_POINT('',(-32.3905486552687,95.,-114.090055891409));
#18840=CARTESIAN_POINT('Origin',(-28.1483182173953,0.,-118.540241907308));
#18841=CARTESIAN_POINT('',(-28.1483182173953,0.,-118.540241907308));
#18842=CARTESIAN_POINT('',(-28.1483182173953,0.,-118.540241907308));
#18843=CARTESIAN_POINT('',(-28.1483182173953,95.,-118.540241907308));
#18844=CARTESIAN_POINT('',(-28.1483182173953,0.,-118.540241907308));
#18845=CARTESIAN_POINT('',(-28.1483182173953,95.,-118.540241907308));
#18846=CARTESIAN_POINT('Origin',(-29.7942859491826,0.,-117.404112413845));
#18847=CARTESIAN_POINT('',(-29.7942859491826,0.,-117.404112413845));
#18848=CARTESIAN_POINT('',(-29.7942859491826,0.,-117.404112413845));
#18849=CARTESIAN_POINT('',(-29.7942859491826,95.,-117.404112413845));
#18850=CARTESIAN_POINT('',(-29.7942859491826,0.,-117.404112413845));
#18851=CARTESIAN_POINT('',(-29.7942859491826,95.,-117.404112413845));
#18852=CARTESIAN_POINT('Origin',(-29.2205399868057,0.,-116.572897886144));
#18853=CARTESIAN_POINT('',(-29.2205399868057,0.,-116.572897886144));
#18854=CARTESIAN_POINT('',(-29.2205399868057,95.,-116.572897886144));
#18855=CARTESIAN_POINT('Origin',(-24.6339745962155,0.,-120.667295593006));
#18856=CARTESIAN_POINT('',(-24.6339745962155,0.,-120.667295593006));
#18857=CARTESIAN_POINT('',(-24.6339745962155,0.,-120.667295593006));
#18858=CARTESIAN_POINT('',(-24.6339745962155,95.,-120.667295593006));
#18859=CARTESIAN_POINT('',(-24.6339745962155,0.,-120.667295593006));
#18860=CARTESIAN_POINT('',(-24.6339745962155,95.,-120.667295593006));
#18861=CARTESIAN_POINT('Origin',(-26.3660254037844,0.,-119.667295593006));
#18862=CARTESIAN_POINT('',(-26.3660254037844,0.,-119.667295593006));
#18863=CARTESIAN_POINT('',(-26.3660254037844,0.,-119.667295593006));
#18864=CARTESIAN_POINT('',(-26.3660254037844,95.,-119.667295593006));
#18865=CARTESIAN_POINT('',(-26.3660254037844,0.,-119.667295593006));
#18866=CARTESIAN_POINT('',(-26.3660254037844,95.,-119.667295593006));
#18867=CARTESIAN_POINT('Origin',(-25.8610249036844,0.,-118.792609068985));
#18868=CARTESIAN_POINT('',(-25.8610249036844,0.,-118.792609068985));
#18869=CARTESIAN_POINT('',(-25.8610249036844,95.,-118.792609068985));
#18870=CARTESIAN_POINT('Origin',(-20.9598701969453,0.,-122.504664726533));
#18871=CARTESIAN_POINT('',(-20.9598701969453,0.,-122.504664726533));
#18872=CARTESIAN_POINT('',(-20.9598701969453,0.,-122.504664726533));
#18873=CARTESIAN_POINT('',(-20.9598701969453,95.,-122.504664726533));
#18874=CARTESIAN_POINT('',(-20.9598701969453,0.,-122.504664726533));
#18875=CARTESIAN_POINT('',(-20.9598701969453,95.,-122.504664726533));
#18876=CARTESIAN_POINT('Origin',(-22.7667710661661,0.,-121.647279603726));
#18877=CARTESIAN_POINT('',(-22.7667710661661,0.,-121.647279603726));
#18878=CARTESIAN_POINT('',(-22.7667710661661,0.,-121.647279603726));
#18879=CARTESIAN_POINT('',(-22.7667710661661,95.,-121.647279603726));
#18880=CARTESIAN_POINT('',(-22.7667710661661,0.,-121.647279603726));
#18881=CARTESIAN_POINT('',(-22.7667710661661,95.,-121.647279603726));
#18882=CARTESIAN_POINT('Origin',(-22.3337911503707,0.,-120.734793761139));
#18883=CARTESIAN_POINT('',(-22.3337911503707,0.,-120.734793761139));
#18884=CARTESIAN_POINT('',(-22.3337911503707,95.,-120.734793761139));
#18885=CARTESIAN_POINT('Origin',(-17.1498329964839,0.,-124.040433263999));
#18886=CARTESIAN_POINT('',(-17.1498329964839,0.,-124.040433263999));
#18887=CARTESIAN_POINT('',(-17.1498329964839,0.,-124.040433263999));
#18888=CARTESIAN_POINT('',(-17.1498329964839,95.,-124.040433263999));
#18889=CARTESIAN_POINT('',(-17.1498329964839,0.,-124.040433263999));
#18890=CARTESIAN_POINT('',(-17.1498329964839,95.,-124.040433263999));
#18891=CARTESIAN_POINT('Origin',(-19.0198654818547,0.,-123.331223489914));
#18892=CARTESIAN_POINT('',(-19.0198654818547,0.,-123.331223489914));
#18893=CARTESIAN_POINT('',(-19.0198654818547,0.,-123.331223489914));
#18894=CARTESIAN_POINT('',(-19.0198654818547,95.,-123.331223489914));
#18895=CARTESIAN_POINT('',(-19.0198654818547,0.,-123.331223489914));
#18896=CARTESIAN_POINT('',(-19.0198654818547,95.,-123.331223489914));
#18897=CARTESIAN_POINT('Origin',(-18.6617141912659,0.,-122.386856149598));
#18898=CARTESIAN_POINT('',(-18.6617141912659,0.,-122.386856149598));
#18899=CARTESIAN_POINT('',(-18.6617141912659,95.,-122.386856149598));
#18900=CARTESIAN_POINT('Origin',(-13.2285725481077,0.,-125.264641157116));
#18901=CARTESIAN_POINT('',(-13.2285725481077,0.,-125.264641157116));
#18902=CARTESIAN_POINT('',(-13.2285725481077,0.,-125.264641157116));
#18903=CARTESIAN_POINT('',(-13.2285725481077,95.,-125.264641157116));
#18904=CARTESIAN_POINT('',(-13.2285725481077,0.,-125.264641157116));
#18905=CARTESIAN_POINT('',(-13.2285725481077,95.,-125.264641157116));
#18906=CARTESIAN_POINT('Origin',(-15.1496087713704,0.,-124.708206229284));
#18907=CARTESIAN_POINT('',(-15.1496087713704,0.,-124.708206229284));
#18908=CARTESIAN_POINT('',(-15.1496087713704,0.,-124.708206229284));
#18909=CARTESIAN_POINT('',(-15.1496087713704,95.,-124.708206229284));
#18910=CARTESIAN_POINT('',(-15.1496087713704,0.,-124.708206229284));
#18911=CARTESIAN_POINT('',(-15.1496087713704,95.,-124.708206229284));
#18912=CARTESIAN_POINT('Origin',(-14.8686088545417,0.,-123.738081975826));
#18913=CARTESIAN_POINT('',(-14.8686088545417,0.,-123.738081975826));
#18914=CARTESIAN_POINT('',(-14.8686088545417,95.,-123.738081975826));
#18915=CARTESIAN_POINT('Origin',(-9.22151973053598,0.,-126.169348947932));
#18916=CARTESIAN_POINT('',(-9.22151973053598,0.,-126.169348947932));
#18917=CARTESIAN_POINT('',(-9.22151973053598,0.,-126.169348947932));
#18918=CARTESIAN_POINT('',(-9.22151973053598,95.,-126.169348947932));
#18919=CARTESIAN_POINT('',(-9.22151973053598,0.,-126.169348947932));
#18920=CARTESIAN_POINT('',(-9.22151973053598,95.,-126.169348947932));
#18921=CARTESIAN_POINT('Origin',(-11.1811010346205,0.,-125.76929756038));
#18922=CARTESIAN_POINT('',(-11.1811010346205,0.,-125.76929756038));
#18923=CARTESIAN_POINT('',(-11.1811010346205,0.,-125.76929756038));
#18924=CARTESIAN_POINT('',(-11.1811010346205,95.,-125.76929756038));
#18925=CARTESIAN_POINT('',(-11.1811010346205,0.,-125.76929756038));
#18926=CARTESIAN_POINT('',(-11.1811010346205,95.,-125.76929756038));
#18927=CARTESIAN_POINT('Origin',(-10.979074883841,0.,-124.77970802183));
#18928=CARTESIAN_POINT('',(-10.979074883841,0.,-124.77970802183));
#18929=CARTESIAN_POINT('',(-10.979074883841,95.,-124.77970802183));
#18930=CARTESIAN_POINT('Origin',(-5.15466181892339,0.,-126.748689259256));
#18931=CARTESIAN_POINT('',(-5.15466181892339,0.,-126.748689259256));
#18932=CARTESIAN_POINT('',(-5.15466181892339,0.,-126.748689259256));
#18933=CARTESIAN_POINT('',(-5.15466181892339,95.,-126.748689259256));
#18934=CARTESIAN_POINT('',(-5.15466181892339,0.,-126.748689259256));
#18935=CARTESIAN_POINT('',(-5.15466181892339,95.,-126.748689259256));
#18936=CARTESIAN_POINT('Origin',(-7.14007956711951,0.,-126.507615898745));
#18937=CARTESIAN_POINT('',(-7.14007956711951,0.,-126.507615898745));
#18938=CARTESIAN_POINT('',(-7.14007956711951,0.,-126.507615898745));
#18939=CARTESIAN_POINT('',(-7.14007956711951,95.,-126.507615898745));
#18940=CARTESIAN_POINT('',(-7.14007956711951,0.,-126.507615898745));
#18941=CARTESIAN_POINT('',(-7.14007956711951,95.,-126.507615898745));
#18942=CARTESIAN_POINT('Origin',(-7.01833739950083,0.,-125.504978942999));
#18943=CARTESIAN_POINT('',(-7.01833739950083,0.,-125.504978942999));
#18944=CARTESIAN_POINT('',(-7.01833739950083,95.,-125.504978942999));
#18945=CARTESIAN_POINT('Origin',(-1.05437394740856,0.,-126.998904846859));
#18946=CARTESIAN_POINT('',(-1.05437394740856,0.,-126.998904846859));
#18947=CARTESIAN_POINT('',(-1.05437394740856,0.,-126.998904846859));
#18948=CARTESIAN_POINT('',(-1.05437394740856,95.,-126.998904846859));
#18949=CARTESIAN_POINT('',(-1.05437394740856,0.,-126.998904846859));
#18950=CARTESIAN_POINT('',(-1.05437394740856,95.,-126.998904846859));
#18951=CARTESIAN_POINT('Origin',(-3.0527519437517,0.,-126.918372966641));
#18952=CARTESIAN_POINT('',(-3.0527519437517,0.,-126.918372966641));
#18953=CARTESIAN_POINT('',(-3.0527519437517,0.,-126.918372966641));
#18954=CARTESIAN_POINT('',(-3.0527519437517,95.,-126.918372966641));
#18955=CARTESIAN_POINT('',(-3.0527519437517,0.,-126.918372966641));
#18956=CARTESIAN_POINT('',(-3.0527519437517,95.,-126.918372966641));
#18957=CARTESIAN_POINT('Origin',(-3.01208330396719,0.,-125.909191079099));
#18958=CARTESIAN_POINT('',(-3.01208330396719,0.,-125.909191079099));
#18959=CARTESIAN_POINT('',(-3.01208330396719,95.,-125.909191079099));
#18960=CARTESIAN_POINT('Origin',(3.05275194375178,0.,-126.918372966641));
#18961=CARTESIAN_POINT('',(3.05275194375178,0.,-126.918372966641));
#18962=CARTESIAN_POINT('',(3.05275194375178,0.,-126.918372966641));
#18963=CARTESIAN_POINT('',(3.05275194375178,95.,-126.918372966641));
#18964=CARTESIAN_POINT('',(3.05275194375178,0.,-126.918372966641));
#18965=CARTESIAN_POINT('',(3.05275194375178,95.,-126.918372966641));
#18966=CARTESIAN_POINT('Origin',(1.05437394740863,0.,-126.998904846859));
#18967=CARTESIAN_POINT('',(1.05437394740863,0.,-126.998904846859));
#18968=CARTESIAN_POINT('',(1.05437394740863,0.,-126.998904846859));
#18969=CARTESIAN_POINT('',(1.05437394740863,95.,-126.998904846859));
#18970=CARTESIAN_POINT('',(1.05437394740863,0.,-126.998904846859));
#18971=CARTESIAN_POINT('',(1.05437394740863,95.,-126.998904846859));
#18972=CARTESIAN_POINT('Origin',(1.01370530762413,0.,-125.989722959317));
#18973=CARTESIAN_POINT('',(1.01370530762413,0.,-125.989722959317));
#18974=CARTESIAN_POINT('',(1.01370530762413,95.,-125.989722959317));
#18975=CARTESIAN_POINT('Origin',(7.14007956711957,0.,-126.507615898745));
#18976=CARTESIAN_POINT('',(7.14007956711957,0.,-126.507615898745));
#18977=CARTESIAN_POINT('',(7.14007956711957,0.,-126.507615898745));
#18978=CARTESIAN_POINT('',(7.14007956711957,95.,-126.507615898745));
#18979=CARTESIAN_POINT('',(7.14007956711957,0.,-126.507615898745));
#18980=CARTESIAN_POINT('',(7.14007956711957,95.,-126.507615898745));
#18981=CARTESIAN_POINT('Origin',(5.15466181892346,0.,-126.748689259256));
#18982=CARTESIAN_POINT('',(5.15466181892346,0.,-126.748689259256));
#18983=CARTESIAN_POINT('',(5.15466181892346,0.,-126.748689259256));
#18984=CARTESIAN_POINT('',(5.15466181892346,95.,-126.748689259256));
#18985=CARTESIAN_POINT('',(5.15466181892346,0.,-126.748689259256));
#18986=CARTESIAN_POINT('',(5.15466181892346,95.,-126.748689259256));
#18987=CARTESIAN_POINT('Origin',(5.0329196513048,0.,-125.74605230351));
#18988=CARTESIAN_POINT('',(5.0329196513048,0.,-125.74605230351));
#18989=CARTESIAN_POINT('',(5.0329196513048,95.,-125.74605230351));
#18990=CARTESIAN_POINT('Origin',(11.1811010346206,0.,-125.76929756038));
#18991=CARTESIAN_POINT('',(11.1811010346206,0.,-125.76929756038));
#18992=CARTESIAN_POINT('',(11.1811010346206,0.,-125.76929756038));
#18993=CARTESIAN_POINT('',(11.1811010346206,95.,-125.76929756038));
#18994=CARTESIAN_POINT('',(11.1811010346206,0.,-125.76929756038));
#18995=CARTESIAN_POINT('',(11.1811010346206,95.,-125.76929756038));
#18996=CARTESIAN_POINT('Origin',(9.22151973053602,0.,-126.169348947932));
#18997=CARTESIAN_POINT('',(9.22151973053602,0.,-126.169348947932));
#18998=CARTESIAN_POINT('',(9.22151973053602,0.,-126.169348947932));
#18999=CARTESIAN_POINT('',(9.22151973053602,95.,-126.169348947932));
#19000=CARTESIAN_POINT('',(9.22151973053602,0.,-126.169348947932));
#19001=CARTESIAN_POINT('',(9.22151973053602,95.,-126.169348947932));
#19002=CARTESIAN_POINT('Origin',(9.01949357975651,0.,-125.179759409382));
#19003=CARTESIAN_POINT('',(9.01949357975651,0.,-125.179759409382));
#19004=CARTESIAN_POINT('',(9.01949357975651,95.,-125.179759409382));
#19005=CARTESIAN_POINT('Origin',(15.1496087713705,0.,-124.708206229284));
#19006=CARTESIAN_POINT('',(15.1496087713705,0.,-124.708206229284));
#19007=CARTESIAN_POINT('',(15.1496087713705,0.,-124.708206229284));
#19008=CARTESIAN_POINT('',(15.1496087713705,95.,-124.708206229284));
#19009=CARTESIAN_POINT('',(15.1496087713705,0.,-124.708206229284));
#19010=CARTESIAN_POINT('',(15.1496087713705,95.,-124.708206229284));
#19011=CARTESIAN_POINT('Origin',(13.2285725481077,0.,-125.264641157116));
#19012=CARTESIAN_POINT('',(13.2285725481077,0.,-125.264641157116));
#19013=CARTESIAN_POINT('',(13.2285725481077,0.,-125.264641157116));
#19014=CARTESIAN_POINT('',(13.2285725481077,95.,-125.264641157116));
#19015=CARTESIAN_POINT('',(13.2285725481077,0.,-125.264641157116));
#19016=CARTESIAN_POINT('',(13.2285725481077,95.,-125.264641157116));
#19017=CARTESIAN_POINT('Origin',(12.947572631279,0.,-124.294516903659));
#19018=CARTESIAN_POINT('',(12.947572631279,0.,-124.294516903659));
#19019=CARTESIAN_POINT('',(12.947572631279,95.,-124.294516903659));
#19020=CARTESIAN_POINT('Origin',(19.0198654818548,0.,-123.331223489914));
#19021=CARTESIAN_POINT('',(19.0198654818548,0.,-123.331223489914));
#19022=CARTESIAN_POINT('',(19.0198654818548,0.,-123.331223489914));
#19023=CARTESIAN_POINT('',(19.0198654818548,95.,-123.331223489914));
#19024=CARTESIAN_POINT('',(19.0198654818548,0.,-123.331223489914));
#19025=CARTESIAN_POINT('',(19.0198654818548,95.,-123.331223489914));
#19026=CARTESIAN_POINT('Origin',(17.1498329964839,0.,-124.040433263999));
#19027=CARTESIAN_POINT('',(17.1498329964839,0.,-124.040433263999));
#19028=CARTESIAN_POINT('',(17.1498329964839,0.,-124.040433263999));
#19029=CARTESIAN_POINT('',(17.1498329964839,95.,-124.040433263999));
#19030=CARTESIAN_POINT('',(17.1498329964839,0.,-124.040433263999));
#19031=CARTESIAN_POINT('',(17.1498329964839,95.,-124.040433263999));
#19032=CARTESIAN_POINT('Origin',(16.7916817058952,0.,-123.096065923683));
#19033=CARTESIAN_POINT('',(16.7916817058952,0.,-123.096065923683));
#19034=CARTESIAN_POINT('',(16.7916817058952,95.,-123.096065923683));
#19035=CARTESIAN_POINT('Origin',(22.7667710661662,0.,-121.647279603726));
#19036=CARTESIAN_POINT('',(22.7667710661662,0.,-121.647279603726));
#19037=CARTESIAN_POINT('',(22.7667710661662,0.,-121.647279603726));
#19038=CARTESIAN_POINT('',(22.7667710661662,95.,-121.647279603726));
#19039=CARTESIAN_POINT('',(22.7667710661662,0.,-121.647279603726));
#19040=CARTESIAN_POINT('',(22.7667710661662,95.,-121.647279603726));
#19041=CARTESIAN_POINT('Origin',(20.9598701969454,0.,-122.504664726533));
#19042=CARTESIAN_POINT('',(20.9598701969454,0.,-122.504664726533));
#19043=CARTESIAN_POINT('',(20.9598701969454,0.,-122.504664726533));
#19044=CARTESIAN_POINT('',(20.9598701969454,95.,-122.504664726533));
#19045=CARTESIAN_POINT('',(20.9598701969454,0.,-122.504664726533));
#19046=CARTESIAN_POINT('',(20.9598701969454,95.,-122.504664726533));
#19047=CARTESIAN_POINT('Origin',(20.52689028115,0.,-121.592178883945));
#19048=CARTESIAN_POINT('',(20.52689028115,0.,-121.592178883945));
#19049=CARTESIAN_POINT('',(20.52689028115,95.,-121.592178883945));
#19050=CARTESIAN_POINT('Origin',(26.3660254037845,0.,-119.667295593006));
#19051=CARTESIAN_POINT('',(26.3660254037845,0.,-119.667295593006));
#19052=CARTESIAN_POINT('',(26.3660254037845,0.,-119.667295593006));
#19053=CARTESIAN_POINT('',(26.3660254037845,95.,-119.667295593006));
#19054=CARTESIAN_POINT('',(26.3660254037845,0.,-119.667295593006));
#19055=CARTESIAN_POINT('',(26.3660254037845,95.,-119.667295593006));
#19056=CARTESIAN_POINT('Origin',(24.6339745962156,0.,-120.667295593006));
#19057=CARTESIAN_POINT('',(24.6339745962156,0.,-120.667295593006));
#19058=CARTESIAN_POINT('',(24.6339745962156,0.,-120.667295593006));
#19059=CARTESIAN_POINT('',(24.6339745962156,95.,-120.667295593006));
#19060=CARTESIAN_POINT('',(24.6339745962156,0.,-120.667295593006));
#19061=CARTESIAN_POINT('',(24.6339745962156,95.,-120.667295593006));
#19062=CARTESIAN_POINT('Origin',(24.1289740961156,0.,-119.792609068985));
#19063=CARTESIAN_POINT('',(24.1289740961156,0.,-119.792609068985));
#19064=CARTESIAN_POINT('',(24.1289740961156,95.,-119.792609068985));
#19065=CARTESIAN_POINT('Origin',(29.7942859491826,0.,-117.404112413845));
#19066=CARTESIAN_POINT('',(29.7942859491826,0.,-117.404112413845));
#19067=CARTESIAN_POINT('',(29.7942859491826,0.,-117.404112413845));
#19068=CARTESIAN_POINT('',(29.7942859491826,95.,-117.404112413845));
#19069=CARTESIAN_POINT('',(29.7942859491826,0.,-117.404112413845));
#19070=CARTESIAN_POINT('',(29.7942859491826,95.,-117.404112413845));
#19071=CARTESIAN_POINT('Origin',(28.1483182173953,0.,-118.540241907308));
#19072=CARTESIAN_POINT('',(28.1483182173953,0.,-118.540241907308));
#19073=CARTESIAN_POINT('',(28.1483182173953,0.,-118.540241907308));
#19074=CARTESIAN_POINT('',(28.1483182173953,95.,-118.540241907308));
#19075=CARTESIAN_POINT('',(28.1483182173953,0.,-118.540241907308));
#19076=CARTESIAN_POINT('',(28.1483182173953,95.,-118.540241907308));
#19077=CARTESIAN_POINT('Origin',(27.5745722550185,0.,-117.709027379607));
#19078=CARTESIAN_POINT('',(27.5745722550185,0.,-117.709027379607));
#19079=CARTESIAN_POINT('',(27.5745722550185,95.,-117.709027379607));
#19080=CARTESIAN_POINT('Origin',(33.0293191171919,0.,-114.872407677615));
#19081=CARTESIAN_POINT('',(33.0293191171919,0.,-114.872407677615));
#19082=CARTESIAN_POINT('',(33.0293191171919,0.,-114.872407677615));
#19083=CARTESIAN_POINT('',(33.0293191171919,95.,-114.872407677615));
#19084=CARTESIAN_POINT('',(33.0293191171919,0.,-114.872407677615));
#19085=CARTESIAN_POINT('',(33.0293191171919,95.,-114.872407677615));
#19086=CARTESIAN_POINT('Origin',(31.4801091935366,0.,-116.137298428806));
#19087=CARTESIAN_POINT('',(31.4801091935366,0.,-116.137298428806));
#19088=CARTESIAN_POINT('',(31.4801091935366,0.,-116.137298428806));
#19089=CARTESIAN_POINT('',(31.4801091935366,95.,-116.137298428806));
#19090=CARTESIAN_POINT('',(31.4801091935366,0.,-116.137298428806));
#19091=CARTESIAN_POINT('',(31.4801091935366,95.,-116.137298428806));
#19092=CARTESIAN_POINT('Origin',(30.8413387316134,0.,-115.3549466426));
#19093=CARTESIAN_POINT('',(30.8413387316134,0.,-115.3549466426));
#19094=CARTESIAN_POINT('',(30.8413387316134,95.,-115.3549466426));
#19095=CARTESIAN_POINT('Origin',(36.0501444763334,0.,-112.088600461025));
#19096=CARTESIAN_POINT('',(36.0501444763334,0.,-112.088600461025));
#19097=CARTESIAN_POINT('',(36.0501444763334,0.,-112.088600461025));
#19098=CARTESIAN_POINT('',(36.0501444763334,95.,-112.088600461025));
#19099=CARTESIAN_POINT('',(36.0501444763334,0.,-112.088600461025));
#19100=CARTESIAN_POINT('',(36.0501444763334,95.,-112.088600461025));
#19101=CARTESIAN_POINT('Origin',(34.6077395816458,0.,-113.474049168044));
#19102=CARTESIAN_POINT('',(34.6077395816458,0.,-113.474049168044));
#19103=CARTESIAN_POINT('',(34.6077395816458,0.,-113.474049168044));
#19104=CARTESIAN_POINT('',(34.6077395816458,95.,-113.474049168044));
#19105=CARTESIAN_POINT('',(34.6077395816458,0.,-113.474049168044));
#19106=CARTESIAN_POINT('',(34.6077395816458,95.,-113.474049168044));
#19107=CARTESIAN_POINT('Origin',(33.9080872917382,0.,-112.74563397488));
#19108=CARTESIAN_POINT('',(33.9080872917382,0.,-112.74563397488));
#19109=CARTESIAN_POINT('',(33.9080872917382,95.,-112.74563397488));
#19110=CARTESIAN_POINT('Origin',(38.837170814967,0.,-109.070744822109));
#19111=CARTESIAN_POINT('',(38.837170814967,0.,-109.070744822109));
#19112=CARTESIAN_POINT('',(38.837170814967,0.,-109.070744822109));
#19113=CARTESIAN_POINT('',(38.837170814967,95.,-109.070744822109));
#19114=CARTESIAN_POINT('',(38.837170814967,0.,-109.070744822109));
#19115=CARTESIAN_POINT('',(38.837170814967,95.,-109.070744822109));
#19116=CARTESIAN_POINT('Origin',(37.5109254984854,0.,-110.567766318452));
#19117=CARTESIAN_POINT('',(37.5109254984854,0.,-110.567766318452));
#19118=CARTESIAN_POINT('',(37.5109254984854,0.,-110.567766318452));
#19119=CARTESIAN_POINT('',(37.5109254984854,95.,-110.567766318452));
#19120=CARTESIAN_POINT('',(37.5109254984854,0.,-110.567766318452));
#19121=CARTESIAN_POINT('',(37.5109254984854,95.,-110.567766318452));
#19122=CARTESIAN_POINT('Origin',(36.7549288941721,0.,-109.898011770373));
#19123=CARTESIAN_POINT('',(36.7549288941721,0.,-109.898011770373));
#19124=CARTESIAN_POINT('',(36.7549288941721,95.,-109.898011770373));
#19125=CARTESIAN_POINT('Origin',(41.3723231978165,0.,-105.838412712733));
#19126=CARTESIAN_POINT('',(41.3723231978165,0.,-105.838412712733));
#19127=CARTESIAN_POINT('',(41.3723231978165,0.,-105.838412712733));
#19128=CARTESIAN_POINT('',(41.3723231978165,95.,-105.838412712733));
#19129=CARTESIAN_POINT('',(41.3723231978165,0.,-105.838412712733));
#19130=CARTESIAN_POINT('',(41.3723231978165,95.,-105.838412712733));
#19131=CARTESIAN_POINT('Origin',(40.1708386693406,0.,-107.43729823954));
#19132=CARTESIAN_POINT('',(40.1708386693406,0.,-107.43729823954));
#19133=CARTESIAN_POINT('',(40.1708386693406,0.,-107.43729823954));
#19134=CARTESIAN_POINT('',(40.1708386693406,95.,-107.43729823954));
#19135=CARTESIAN_POINT('',(40.1708386693406,0.,-107.43729823954));
#19136=CARTESIAN_POINT('',(40.1708386693406,95.,-107.43729823954));
#19137=CARTESIAN_POINT('Origin',(39.3634006787004,0.,-106.830547951798));
#19138=CARTESIAN_POINT('',(39.3634006787004,0.,-106.830547951798));
#19139=CARTESIAN_POINT('',(39.3634006787004,95.,-106.830547951798));
#19140=CARTESIAN_POINT('Origin',(43.6391601888613,0.,-102.412567046974));
#19141=CARTESIAN_POINT('',(43.6391601888613,0.,-102.412567046974));
#19142=CARTESIAN_POINT('',(43.6391601888613,0.,-102.412567046974));
#19143=CARTESIAN_POINT('',(43.6391601888613,95.,-102.412567046974));
#19144=CARTESIAN_POINT('',(43.6391601888613,0.,-102.412567046974));
#19145=CARTESIAN_POINT('',(43.6391601888613,95.,-102.412567046974));
#19146=CARTESIAN_POINT('Origin',(42.5702285366057,0.,-104.102947218062));
#19147=CARTESIAN_POINT('',(42.5702285366057,0.,-104.102947218062));
#19148=CARTESIAN_POINT('',(42.5702285366057,0.,-104.102947218062));
#19149=CARTESIAN_POINT('',(42.5702285366057,95.,-104.102947218062));
#19150=CARTESIAN_POINT('',(42.5702285366057,0.,-104.102947218062));
#19151=CARTESIAN_POINT('',(42.5702285366057,95.,-104.102947218062));
#19152=CARTESIAN_POINT('Origin',(41.7165857048474,0.,-103.5631361991));
#19153=CARTESIAN_POINT('',(41.7165857048474,0.,-103.5631361991));
#19154=CARTESIAN_POINT('',(41.7165857048474,95.,-103.5631361991));
#19155=CARTESIAN_POINT('Origin',(45.6229804803575,0.,-98.815425748579));
#19156=CARTESIAN_POINT('',(45.6229804803575,0.,-98.815425748579));
#19157=CARTESIAN_POINT('',(45.6229804803575,0.,-98.815425748579));
#19158=CARTESIAN_POINT('',(45.6229804803575,95.,-98.815425748579));
#19159=CARTESIAN_POINT('',(45.6229804803575,0.,-98.815425748579));
#19160=CARTESIAN_POINT('',(45.6229804803575,95.,-98.815425748579));
#19161=CARTESIAN_POINT('Origin',(44.6935341362699,0.,-100.586337799885));
#19162=CARTESIAN_POINT('',(44.6935341362699,0.,-100.586337799885));
#19163=CARTESIAN_POINT('',(44.6935341362699,0.,-100.586337799885));
#19164=CARTESIAN_POINT('',(44.6935341362699,95.,-100.586337799885));
#19165=CARTESIAN_POINT('',(44.6935341362699,0.,-100.586337799885));
#19166=CARTESIAN_POINT('',(44.6935341362699,95.,-100.586337799885));
#19167=CARTESIAN_POINT('Origin',(43.7992226647271,0.,-100.116966931305));
#19168=CARTESIAN_POINT('',(43.7992226647271,0.,-100.116966931305));
#19169=CARTESIAN_POINT('',(43.7992226647271,95.,-100.116966931305));
#19170=CARTESIAN_POINT('Origin',(47.3109182364601,0.,-95.070317659205));
#19171=CARTESIAN_POINT('',(47.3109182364601,0.,-95.070317659205));
#19172=CARTESIAN_POINT('',(47.3109182364601,0.,-95.070317659205));
#19173=CARTESIAN_POINT('',(47.3109182364601,95.,-95.070317659205));
#19174=CARTESIAN_POINT('',(47.3109182364601,0.,-95.070317659205));
#19175=CARTESIAN_POINT('',(47.3109182364601,95.,-95.070317659205));
#19176=CARTESIAN_POINT('Origin',(46.52698501674,0.,-96.9102765465227));
#19177=CARTESIAN_POINT('',(46.52698501674,0.,-96.9102765465227));
#19178=CARTESIAN_POINT('',(46.52698501674,0.,-96.9102765465227));
#19179=CARTESIAN_POINT('',(46.52698501674,95.,-96.9102765465227));
#19180=CARTESIAN_POINT('',(46.52698501674,0.,-96.9102765465227));
#19181=CARTESIAN_POINT('',(46.52698501674,95.,-96.9102765465227));
#19182=CARTESIAN_POINT('Origin',(45.5978048584811,0.,-96.514389878519));
#19183=CARTESIAN_POINT('',(45.5978048584811,0.,-96.514389878519));
#19184=CARTESIAN_POINT('',(45.5978048584811,95.,-96.514389878519));
#19185=CARTESIAN_POINT('Origin',(48.6920265331059,0.,-91.2015312419279));
#19186=CARTESIAN_POINT('',(48.6920265331059,0.,-91.2015312419279));
#19187=CARTESIAN_POINT('',(48.6920265331059,0.,-91.2015312419279));
#19188=CARTESIAN_POINT('',(48.6920265331059,95.,-91.2015312419279));
#19189=CARTESIAN_POINT('',(48.6920265331059,0.,-91.2015312419279));
#19190=CARTESIAN_POINT('',(48.6920265331059,95.,-91.2015312419279));
#19191=CARTESIAN_POINT('Origin',(48.058690545503,0.,-93.0986041258222));
#19192=CARTESIAN_POINT('',(48.058690545503,0.,-93.0986041258222));
#19193=CARTESIAN_POINT('',(48.058690545503,0.,-93.0986041258222));
#19194=CARTESIAN_POINT('',(48.058690545503,95.,-93.0986041258222));
#19195=CARTESIAN_POINT('',(48.058690545503,0.,-93.0986041258222));
#19196=CARTESIAN_POINT('',(48.058690545503,95.,-93.0986041258222));
#19197=CARTESIAN_POINT('Origin',(47.1006677904102,0.,-92.7787691353514));
#19198=CARTESIAN_POINT('',(47.1006677904102,0.,-92.7787691353514));
#19199=CARTESIAN_POINT('',(47.1006677904102,95.,-92.7787691353514));
#19200=CARTESIAN_POINT('Origin',(49.7573483530162,0.,-87.2341570612394));
#19201=CARTESIAN_POINT('',(49.7573483530162,0.,-87.2341570612394));
#19202=CARTESIAN_POINT('',(49.7573483530162,0.,-87.2341570612394));
#19203=CARTESIAN_POINT('',(49.7573483530162,95.,-87.2341570612394));
#19204=CARTESIAN_POINT('',(49.7573483530162,0.,-87.2341570612394));
#19205=CARTESIAN_POINT('',(49.7573483530162,95.,-87.2341570612394));
#19206=CARTESIAN_POINT('Origin',(49.2787170244411,0.,-89.1760406960915));
#19207=CARTESIAN_POINT('',(49.2787170244411,0.,-89.1760406960915));
#19208=CARTESIAN_POINT('',(49.2787170244411,0.,-89.1760406960915));
#19209=CARTESIAN_POINT('',(49.2787170244411,95.,-89.1760406960915));
#19210=CARTESIAN_POINT('',(49.2787170244411,0.,-89.1760406960915));
#19211=CARTESIAN_POINT('',(49.2787170244411,95.,-89.1760406960915));
#19212=CARTESIAN_POINT('Origin',(48.2980648177048,0.,-88.9343316357975));
#19213=CARTESIAN_POINT('',(48.2980648177048,0.,-88.9343316357975));
#19214=CARTESIAN_POINT('',(48.2980648177048,95.,-88.9343316357975));
#19215=CARTESIAN_POINT('Origin',(50.4999746753913,0.,-83.1939250611078));
#19216=CARTESIAN_POINT('',(50.4999746753913,0.,-83.1939250611078));
#19217=CARTESIAN_POINT('',(50.4999746753913,0.,-83.1939250611078));
#19218=CARTESIAN_POINT('',(50.4999746753913,95.,-83.1939250611078));
#19219=CARTESIAN_POINT('',(50.4999746753913,0.,-83.1939250611078));
#19220=CARTESIAN_POINT('',(50.4999746753913,95.,-83.1939250611078));
#19221=CARTESIAN_POINT('Origin',(50.1791521136758,0.,-85.1680255863837));
#19222=CARTESIAN_POINT('',(50.1791521136758,0.,-85.1680255863837));
#19223=CARTESIAN_POINT('',(50.1791521136758,0.,-85.1680255863837));
#19224=CARTESIAN_POINT('',(50.1791521136758,95.,-85.1680255863837));
#19225=CARTESIAN_POINT('',(50.1791521136758,0.,-85.1680255863837));
#19226=CARTESIAN_POINT('',(50.1791521136758,95.,-85.1680255863837));
#19227=CARTESIAN_POINT('Origin',(49.1822303611638,0.,-85.006010032274));
#19228=CARTESIAN_POINT('',(49.1822303611638,0.,-85.006010032274));
#19229=CARTESIAN_POINT('',(49.1822303611638,95.,-85.006010032274));
#19230=CARTESIAN_POINT('Origin',(50.9150892835614,0.,-79.1070376964188));
#19231=CARTESIAN_POINT('',(50.9150892835614,0.,-79.1070376964188));
#19232=CARTESIAN_POINT('',(50.9150892835614,0.,-79.1070376964188));
#19233=CARTESIAN_POINT('',(50.9150892835614,95.,-79.1070376964188));
#19234=CARTESIAN_POINT('',(50.9150892835614,0.,-79.1070376964188));
#19235=CARTESIAN_POINT('',(50.9150892835614,95.,-79.1070376964188));
#19236=CARTESIAN_POINT('Origin',(50.754156146128,0.,-81.1005523126872));
#19237=CARTESIAN_POINT('',(50.754156146128,0.,-81.1005523126872));
#19238=CARTESIAN_POINT('',(50.754156146128,0.,-81.1005523126872));
#19239=CARTESIAN_POINT('',(50.754156146128,95.,-81.1005523126872));
#19240=CARTESIAN_POINT('',(50.754156146128,0.,-81.1005523126872));
#19241=CARTESIAN_POINT('',(50.754156146128,95.,-81.1005523126872));
#19242=CARTESIAN_POINT('Origin',(49.7474302679557,0.,-81.0192809978006));
#19243=CARTESIAN_POINT('',(49.7474302679557,0.,-81.0192809978006));
#19244=CARTESIAN_POINT('',(49.7474302679557,95.,-81.0192809978006));
#19245=CARTESIAN_POINT('Origin',(-51.,0.,2.99999999999998));
#19246=CARTESIAN_POINT('',(-51.,0.,2.99999999999998));
#19247=CARTESIAN_POINT('',(-51.,0.,2.99999999999998));
#19248=CARTESIAN_POINT('',(-51.,95.,2.99999999999998));
#19249=CARTESIAN_POINT('',(-51.,0.,2.99999999999998));
#19250=CARTESIAN_POINT('',(-51.,95.,2.99999999999998));
#19251=CARTESIAN_POINT('Origin',(-51.,0.,4.99999999999999));
#19252=CARTESIAN_POINT('',(-51.,0.,4.99999999999999));
#19253=CARTESIAN_POINT('',(-51.,0.,4.99999999999999));
#19254=CARTESIAN_POINT('',(-51.,95.,4.99999999999999));
#19255=CARTESIAN_POINT('',(-51.,0.,4.99999999999999));
#19256=CARTESIAN_POINT('',(-51.,95.,4.99999999999999));
#19257=CARTESIAN_POINT('Origin',(-49.9899989998,0.,4.99999999999998));
#19258=CARTESIAN_POINT('',(-49.9899989998,95.,4.99999999999998));
#19259=CARTESIAN_POINT('',(-49.9899989998,0.,4.99999999999998));
#19260=CARTESIAN_POINT('Origin',(-51.,0.,6.99999999999998));
#19261=CARTESIAN_POINT('',(-51.,0.,6.99999999999998));
#19262=CARTESIAN_POINT('',(-51.,0.,6.99999999999998));
#19263=CARTESIAN_POINT('',(-51.,95.,6.99999999999998));
#19264=CARTESIAN_POINT('',(-51.,0.,6.99999999999998));
#19265=CARTESIAN_POINT('',(-51.,95.,6.99999999999998));
#19266=CARTESIAN_POINT('Origin',(-51.,0.,8.99999999999998));
#19267=CARTESIAN_POINT('',(-51.,0.,8.99999999999998));
#19268=CARTESIAN_POINT('',(-51.,0.,8.99999999999998));
#19269=CARTESIAN_POINT('',(-51.,95.,8.99999999999998));
#19270=CARTESIAN_POINT('',(-51.,0.,8.99999999999998));
#19271=CARTESIAN_POINT('',(-51.,95.,8.99999999999998));
#19272=CARTESIAN_POINT('Origin',(-49.9899989998,0.,8.99999999999997));
#19273=CARTESIAN_POINT('',(-49.9899989998,95.,8.99999999999997));
#19274=CARTESIAN_POINT('',(-49.9899989998,0.,8.99999999999997));
#19275=CARTESIAN_POINT('Origin',(-51.,0.,11.));
#19276=CARTESIAN_POINT('',(-51.,0.,11.));
#19277=CARTESIAN_POINT('',(-51.,0.,11.));
#19278=CARTESIAN_POINT('',(-51.,95.,11.));
#19279=CARTESIAN_POINT('',(-51.,0.,11.));
#19280=CARTESIAN_POINT('',(-51.,95.,11.));
#19281=CARTESIAN_POINT('Origin',(-51.,0.,13.));
#19282=CARTESIAN_POINT('',(-51.,0.,13.));
#19283=CARTESIAN_POINT('',(-51.,0.,13.));
#19284=CARTESIAN_POINT('',(-51.,95.,13.));
#19285=CARTESIAN_POINT('',(-51.,0.,13.));
#19286=CARTESIAN_POINT('',(-51.,95.,13.));
#19287=CARTESIAN_POINT('Origin',(-49.9899989998,0.,13.));
#19288=CARTESIAN_POINT('',(-49.9899989998,95.,13.));
#19289=CARTESIAN_POINT('',(-49.9899989998,0.,13.));
#19290=CARTESIAN_POINT('Origin',(-51.,0.,15.));
#19291=CARTESIAN_POINT('',(-51.,0.,15.));
#19292=CARTESIAN_POINT('',(-51.,0.,15.));
#19293=CARTESIAN_POINT('',(-51.,95.,15.));
#19294=CARTESIAN_POINT('',(-51.,0.,15.));
#19295=CARTESIAN_POINT('',(-51.,95.,15.));
#19296=CARTESIAN_POINT('Origin',(-51.,0.,17.));
#19297=CARTESIAN_POINT('',(-51.,0.,17.));
#19298=CARTESIAN_POINT('',(-51.,0.,17.));
#19299=CARTESIAN_POINT('',(-51.,95.,17.));
#19300=CARTESIAN_POINT('',(-51.,0.,17.));
#19301=CARTESIAN_POINT('',(-51.,95.,17.));
#19302=CARTESIAN_POINT('Origin',(-49.9899989998,0.,17.));
#19303=CARTESIAN_POINT('',(-49.9899989998,95.,17.));
#19304=CARTESIAN_POINT('',(-49.9899989998,0.,17.));
#19305=CARTESIAN_POINT('Origin',(-51.,0.,19.));
#19306=CARTESIAN_POINT('',(-51.,0.,19.));
#19307=CARTESIAN_POINT('',(-51.,0.,19.));
#19308=CARTESIAN_POINT('',(-51.,95.,19.));
#19309=CARTESIAN_POINT('',(-51.,0.,19.));
#19310=CARTESIAN_POINT('',(-51.,95.,19.));
#19311=CARTESIAN_POINT('Origin',(-51.,0.,21.));
#19312=CARTESIAN_POINT('',(-51.,0.,21.));
#19313=CARTESIAN_POINT('',(-51.,0.,21.));
#19314=CARTESIAN_POINT('',(-51.,95.,21.));
#19315=CARTESIAN_POINT('',(-51.,0.,21.));
#19316=CARTESIAN_POINT('',(-51.,95.,21.));
#19317=CARTESIAN_POINT('Origin',(-49.9899989998,0.,21.));
#19318=CARTESIAN_POINT('',(-49.9899989998,95.,21.));
#19319=CARTESIAN_POINT('',(-49.9899989998,0.,21.));
#19320=CARTESIAN_POINT('Origin',(-51.,0.,23.));
#19321=CARTESIAN_POINT('',(-51.,0.,23.));
#19322=CARTESIAN_POINT('',(-51.,0.,23.));
#19323=CARTESIAN_POINT('',(-51.,95.,23.));
#19324=CARTESIAN_POINT('',(-51.,0.,23.));
#19325=CARTESIAN_POINT('',(-51.,95.,23.));
#19326=CARTESIAN_POINT('Origin',(-51.,0.,25.));
#19327=CARTESIAN_POINT('',(-51.,0.,25.));
#19328=CARTESIAN_POINT('',(-51.,0.,25.));
#19329=CARTESIAN_POINT('',(-51.,95.,25.));
#19330=CARTESIAN_POINT('',(-51.,0.,25.));
#19331=CARTESIAN_POINT('',(-51.,95.,25.));
#19332=CARTESIAN_POINT('Origin',(-49.9899989998,0.,25.));
#19333=CARTESIAN_POINT('',(-49.9899989998,95.,25.));
#19334=CARTESIAN_POINT('',(-49.9899989998,0.,25.));
#19335=CARTESIAN_POINT('Origin',(-51.,0.,27.));
#19336=CARTESIAN_POINT('',(-51.,0.,27.));
#19337=CARTESIAN_POINT('',(-51.,0.,27.));
#19338=CARTESIAN_POINT('',(-51.,95.,27.));
#19339=CARTESIAN_POINT('',(-51.,0.,27.));
#19340=CARTESIAN_POINT('',(-51.,95.,27.));
#19341=CARTESIAN_POINT('Origin',(-51.,0.,29.));
#19342=CARTESIAN_POINT('',(-51.,0.,29.));
#19343=CARTESIAN_POINT('',(-51.,0.,29.));
#19344=CARTESIAN_POINT('',(-51.,95.,29.));
#19345=CARTESIAN_POINT('',(-51.,0.,29.));
#19346=CARTESIAN_POINT('',(-51.,95.,29.));
#19347=CARTESIAN_POINT('Origin',(-49.9899989998,0.,29.));
#19348=CARTESIAN_POINT('',(-49.9899989998,95.,29.));
#19349=CARTESIAN_POINT('',(-49.9899989998,0.,29.));
#19350=CARTESIAN_POINT('Origin',(-51.,0.,31.));
#19351=CARTESIAN_POINT('',(-51.,0.,31.));
#19352=CARTESIAN_POINT('',(-51.,0.,31.));
#19353=CARTESIAN_POINT('',(-51.,95.,31.));
#19354=CARTESIAN_POINT('',(-51.,0.,31.));
#19355=CARTESIAN_POINT('',(-51.,95.,31.));
#19356=CARTESIAN_POINT('Origin',(-51.,0.,33.));
#19357=CARTESIAN_POINT('',(-51.,0.,33.));
#19358=CARTESIAN_POINT('',(-51.,0.,33.));
#19359=CARTESIAN_POINT('',(-51.,95.,33.));
#19360=CARTESIAN_POINT('',(-51.,0.,33.));
#19361=CARTESIAN_POINT('',(-51.,95.,33.));
#19362=CARTESIAN_POINT('Origin',(-49.9899989998,0.,33.));
#19363=CARTESIAN_POINT('',(-49.9899989998,95.,33.));
#19364=CARTESIAN_POINT('',(-49.9899989998,0.,33.));
#19365=CARTESIAN_POINT('Origin',(-51.,0.,35.));
#19366=CARTESIAN_POINT('',(-51.,0.,35.));
#19367=CARTESIAN_POINT('',(-51.,0.,35.));
#19368=CARTESIAN_POINT('',(-51.,95.,35.));
#19369=CARTESIAN_POINT('',(-51.,0.,35.));
#19370=CARTESIAN_POINT('',(-51.,95.,35.));
#19371=CARTESIAN_POINT('Origin',(-51.,0.,37.));
#19372=CARTESIAN_POINT('',(-51.,0.,37.));
#19373=CARTESIAN_POINT('',(-51.,0.,37.));
#19374=CARTESIAN_POINT('',(-51.,95.,37.));
#19375=CARTESIAN_POINT('',(-51.,0.,37.));
#19376=CARTESIAN_POINT('',(-51.,95.,37.));
#19377=CARTESIAN_POINT('Origin',(-49.9899989998,0.,37.));
#19378=CARTESIAN_POINT('',(-49.9899989998,95.,37.));
#19379=CARTESIAN_POINT('',(-49.9899989998,0.,37.));
#19380=CARTESIAN_POINT('Origin',(-51.,0.,39.));
#19381=CARTESIAN_POINT('',(-51.,0.,39.));
#19382=CARTESIAN_POINT('',(-51.,0.,39.));
#19383=CARTESIAN_POINT('',(-51.,95.,39.));
#19384=CARTESIAN_POINT('',(-51.,0.,39.));
#19385=CARTESIAN_POINT('',(-51.,95.,39.));
#19386=CARTESIAN_POINT('Origin',(-51.,0.,41.));
#19387=CARTESIAN_POINT('',(-51.,0.,41.));
#19388=CARTESIAN_POINT('',(-51.,0.,41.));
#19389=CARTESIAN_POINT('',(-51.,95.,41.));
#19390=CARTESIAN_POINT('',(-51.,0.,41.));
#19391=CARTESIAN_POINT('',(-51.,95.,41.));
#19392=CARTESIAN_POINT('Origin',(-49.9899989998,0.,41.));
#19393=CARTESIAN_POINT('',(-49.9899989998,95.,41.));
#19394=CARTESIAN_POINT('',(-49.9899989998,0.,41.));
#19395=CARTESIAN_POINT('Origin',(-51.,0.,43.));
#19396=CARTESIAN_POINT('',(-51.,0.,43.));
#19397=CARTESIAN_POINT('',(-51.,0.,43.));
#19398=CARTESIAN_POINT('',(-51.,95.,43.));
#19399=CARTESIAN_POINT('',(-51.,0.,43.));
#19400=CARTESIAN_POINT('',(-51.,95.,43.));
#19401=CARTESIAN_POINT('Origin',(-51.,0.,45.));
#19402=CARTESIAN_POINT('',(-51.,0.,45.));
#19403=CARTESIAN_POINT('',(-51.,0.,45.));
#19404=CARTESIAN_POINT('',(-51.,95.,45.));
#19405=CARTESIAN_POINT('',(-51.,0.,45.));
#19406=CARTESIAN_POINT('',(-51.,95.,45.));
#19407=CARTESIAN_POINT('Origin',(-49.9899989998,0.,45.));
#19408=CARTESIAN_POINT('',(-49.9899989998,95.,45.));
#19409=CARTESIAN_POINT('',(-49.9899989998,0.,45.));
#19410=CARTESIAN_POINT('Origin',(-51.,0.,47.));
#19411=CARTESIAN_POINT('',(-51.,0.,47.));
#19412=CARTESIAN_POINT('',(-51.,0.,47.));
#19413=CARTESIAN_POINT('',(-51.,95.,47.));
#19414=CARTESIAN_POINT('',(-51.,0.,47.));
#19415=CARTESIAN_POINT('',(-51.,95.,47.));
#19416=CARTESIAN_POINT('Origin',(-51.,0.,49.));
#19417=CARTESIAN_POINT('',(-51.,0.,49.));
#19418=CARTESIAN_POINT('',(-51.,0.,49.));
#19419=CARTESIAN_POINT('',(-51.,95.,49.));
#19420=CARTESIAN_POINT('',(-51.,0.,49.));
#19421=CARTESIAN_POINT('',(-51.,95.,49.));
#19422=CARTESIAN_POINT('Origin',(-49.9899989998,0.,49.));
#19423=CARTESIAN_POINT('',(-49.9899989998,95.,49.));
#19424=CARTESIAN_POINT('',(-49.9899989998,0.,49.));
#19425=CARTESIAN_POINT('Origin',(-51.,0.,51.));
#19426=CARTESIAN_POINT('',(-51.,0.,51.));
#19427=CARTESIAN_POINT('',(-51.,0.,51.));
#19428=CARTESIAN_POINT('',(-51.,95.,51.));
#19429=CARTESIAN_POINT('',(-51.,0.,51.));
#19430=CARTESIAN_POINT('',(-51.,95.,51.));
#19431=CARTESIAN_POINT('Origin',(-51.,0.,53.));
#19432=CARTESIAN_POINT('',(-51.,0.,53.));
#19433=CARTESIAN_POINT('',(-51.,0.,53.));
#19434=CARTESIAN_POINT('',(-51.,95.,53.));
#19435=CARTESIAN_POINT('',(-51.,0.,53.));
#19436=CARTESIAN_POINT('',(-51.,95.,53.));
#19437=CARTESIAN_POINT('Origin',(-49.9899989998,0.,53.));
#19438=CARTESIAN_POINT('',(-49.9899989998,95.,53.));
#19439=CARTESIAN_POINT('',(-49.9899989998,0.,53.));
#19440=CARTESIAN_POINT('Origin',(-51.,0.,55.));
#19441=CARTESIAN_POINT('',(-51.,0.,55.));
#19442=CARTESIAN_POINT('',(-51.,0.,55.));
#19443=CARTESIAN_POINT('',(-51.,95.,55.));
#19444=CARTESIAN_POINT('',(-51.,0.,55.));
#19445=CARTESIAN_POINT('',(-51.,95.,55.));
#19446=CARTESIAN_POINT('Origin',(-51.,0.,57.));
#19447=CARTESIAN_POINT('',(-51.,0.,57.));
#19448=CARTESIAN_POINT('',(-51.,0.,57.));
#19449=CARTESIAN_POINT('',(-51.,95.,57.));
#19450=CARTESIAN_POINT('',(-51.,0.,57.));
#19451=CARTESIAN_POINT('',(-51.,95.,57.));
#19452=CARTESIAN_POINT('Origin',(-49.9899989998,0.,57.));
#19453=CARTESIAN_POINT('',(-49.9899989998,95.,57.));
#19454=CARTESIAN_POINT('',(-49.9899989998,0.,57.));
#19455=CARTESIAN_POINT('Origin',(-51.,0.,59.));
#19456=CARTESIAN_POINT('',(-51.,0.,59.));
#19457=CARTESIAN_POINT('',(-51.,0.,59.));
#19458=CARTESIAN_POINT('',(-51.,95.,59.));
#19459=CARTESIAN_POINT('',(-51.,0.,59.));
#19460=CARTESIAN_POINT('',(-51.,95.,59.));
#19461=CARTESIAN_POINT('Origin',(-51.,0.,61.));
#19462=CARTESIAN_POINT('',(-51.,0.,61.));
#19463=CARTESIAN_POINT('',(-51.,0.,61.));
#19464=CARTESIAN_POINT('',(-51.,95.,61.));
#19465=CARTESIAN_POINT('',(-51.,0.,61.));
#19466=CARTESIAN_POINT('',(-51.,95.,61.));
#19467=CARTESIAN_POINT('Origin',(-49.9899989998,0.,61.));
#19468=CARTESIAN_POINT('',(-49.9899989998,95.,61.));
#19469=CARTESIAN_POINT('',(-49.9899989998,0.,61.));
#19470=CARTESIAN_POINT('Origin',(-51.,0.,63.));
#19471=CARTESIAN_POINT('',(-51.,0.,63.));
#19472=CARTESIAN_POINT('',(-51.,0.,63.));
#19473=CARTESIAN_POINT('',(-51.,95.,63.));
#19474=CARTESIAN_POINT('',(-51.,0.,63.));
#19475=CARTESIAN_POINT('',(-51.,95.,63.));
#19476=CARTESIAN_POINT('Origin',(-51.,0.,65.));
#19477=CARTESIAN_POINT('',(-51.,0.,65.));
#19478=CARTESIAN_POINT('',(-51.,0.,65.));
#19479=CARTESIAN_POINT('',(-51.,95.,65.));
#19480=CARTESIAN_POINT('',(-51.,0.,65.));
#19481=CARTESIAN_POINT('',(-51.,95.,65.));
#19482=CARTESIAN_POINT('Origin',(-49.9899989998,0.,65.));
#19483=CARTESIAN_POINT('',(-49.9899989998,95.,65.));
#19484=CARTESIAN_POINT('',(-49.9899989998,0.,65.));
#19485=CARTESIAN_POINT('Origin',(-51.,0.,67.));
#19486=CARTESIAN_POINT('',(-51.,0.,67.));
#19487=CARTESIAN_POINT('',(-51.,0.,67.));
#19488=CARTESIAN_POINT('',(-51.,95.,67.));
#19489=CARTESIAN_POINT('',(-51.,0.,67.));
#19490=CARTESIAN_POINT('',(-51.,95.,67.));
#19491=CARTESIAN_POINT('Origin',(-51.,0.,69.));
#19492=CARTESIAN_POINT('',(-51.,0.,69.));
#19493=CARTESIAN_POINT('',(-51.,0.,69.));
#19494=CARTESIAN_POINT('',(-51.,95.,69.));
#19495=CARTESIAN_POINT('',(-51.,0.,69.));
#19496=CARTESIAN_POINT('',(-51.,95.,69.));
#19497=CARTESIAN_POINT('Origin',(-49.9899989998,0.,69.));
#19498=CARTESIAN_POINT('',(-49.9899989998,95.,69.));
#19499=CARTESIAN_POINT('',(-49.9899989998,0.,69.));
#19500=CARTESIAN_POINT('Origin',(-51.,0.,71.));
#19501=CARTESIAN_POINT('',(-51.,0.,71.));
#19502=CARTESIAN_POINT('',(-51.,0.,71.));
#19503=CARTESIAN_POINT('',(-51.,95.,71.));
#19504=CARTESIAN_POINT('',(-51.,0.,71.));
#19505=CARTESIAN_POINT('',(-51.,95.,71.));
#19506=CARTESIAN_POINT('Origin',(-51.,0.,73.));
#19507=CARTESIAN_POINT('',(-51.,0.,73.));
#19508=CARTESIAN_POINT('',(-51.,0.,73.));
#19509=CARTESIAN_POINT('',(-51.,95.,73.));
#19510=CARTESIAN_POINT('',(-51.,0.,73.));
#19511=CARTESIAN_POINT('',(-51.,95.,73.));
#19512=CARTESIAN_POINT('Origin',(-49.9899989998,0.,73.));
#19513=CARTESIAN_POINT('',(-49.9899989998,95.,73.));
#19514=CARTESIAN_POINT('',(-49.9899989998,0.,73.));
#19515=CARTESIAN_POINT('Origin',(49.9899989998,0.,4.99999999999998));
#19516=CARTESIAN_POINT('',(51.,0.,4.99999999999999));
#19517=CARTESIAN_POINT('',(49.9899989998,0.,4.99999999999998));
#19518=CARTESIAN_POINT('',(51.,95.,4.99999999999999));
#19519=CARTESIAN_POINT('',(51.,0.,4.99999999999999));
#19520=CARTESIAN_POINT('',(49.9899989998,95.,4.99999999999998));
#19521=CARTESIAN_POINT('Origin',(51.,0.,2.99999999999998));
#19522=CARTESIAN_POINT('',(51.,95.,2.99999999999998));
#19523=CARTESIAN_POINT('',(51.,95.,2.99999999999998));
#19524=CARTESIAN_POINT('',(51.,0.,2.99999999999998));
#19525=CARTESIAN_POINT('',(51.,0.,2.99999999999998));
#19526=CARTESIAN_POINT('',(51.,0.,2.99999999999998));
#19527=CARTESIAN_POINT('Origin',(51.,0.,4.99999999999999));
#19528=CARTESIAN_POINT('',(51.,0.,4.99999999999999));
#19529=CARTESIAN_POINT('',(51.,95.,4.99999999999999));
#19530=CARTESIAN_POINT('Origin',(49.9899989998,0.,8.99999999999997));
#19531=CARTESIAN_POINT('',(51.,0.,8.99999999999998));
#19532=CARTESIAN_POINT('',(49.9899989998,0.,8.99999999999997));
#19533=CARTESIAN_POINT('',(51.,95.,8.99999999999998));
#19534=CARTESIAN_POINT('',(51.,0.,8.99999999999998));
#19535=CARTESIAN_POINT('',(49.9899989998,95.,8.99999999999997));
#19536=CARTESIAN_POINT('Origin',(51.,0.,6.99999999999998));
#19537=CARTESIAN_POINT('',(51.,95.,6.99999999999998));
#19538=CARTESIAN_POINT('',(51.,95.,6.99999999999998));
#19539=CARTESIAN_POINT('',(51.,0.,6.99999999999998));
#19540=CARTESIAN_POINT('',(51.,0.,6.99999999999998));
#19541=CARTESIAN_POINT('',(51.,0.,6.99999999999998));
#19542=CARTESIAN_POINT('Origin',(51.,0.,8.99999999999998));
#19543=CARTESIAN_POINT('',(51.,0.,8.99999999999998));
#19544=CARTESIAN_POINT('',(51.,95.,8.99999999999998));
#19545=CARTESIAN_POINT('Origin',(49.9899989998,0.,13.));
#19546=CARTESIAN_POINT('',(51.,0.,13.));
#19547=CARTESIAN_POINT('',(49.9899989998,0.,13.));
#19548=CARTESIAN_POINT('',(51.,95.,13.));
#19549=CARTESIAN_POINT('',(51.,0.,13.));
#19550=CARTESIAN_POINT('',(49.9899989998,95.,13.));
#19551=CARTESIAN_POINT('Origin',(51.,0.,11.));
#19552=CARTESIAN_POINT('',(51.,95.,11.));
#19553=CARTESIAN_POINT('',(51.,95.,11.));
#19554=CARTESIAN_POINT('',(51.,0.,11.));
#19555=CARTESIAN_POINT('',(51.,0.,11.));
#19556=CARTESIAN_POINT('',(51.,0.,11.));
#19557=CARTESIAN_POINT('Origin',(51.,0.,13.));
#19558=CARTESIAN_POINT('',(51.,0.,13.));
#19559=CARTESIAN_POINT('',(51.,95.,13.));
#19560=CARTESIAN_POINT('Origin',(49.9899989998,0.,17.));
#19561=CARTESIAN_POINT('',(51.,0.,17.));
#19562=CARTESIAN_POINT('',(49.9899989998,0.,17.));
#19563=CARTESIAN_POINT('',(51.,95.,17.));
#19564=CARTESIAN_POINT('',(51.,0.,17.));
#19565=CARTESIAN_POINT('',(49.9899989998,95.,17.));
#19566=CARTESIAN_POINT('Origin',(51.,0.,15.));
#19567=CARTESIAN_POINT('',(51.,95.,15.));
#19568=CARTESIAN_POINT('',(51.,95.,15.));
#19569=CARTESIAN_POINT('',(51.,0.,15.));
#19570=CARTESIAN_POINT('',(51.,0.,15.));
#19571=CARTESIAN_POINT('',(51.,0.,15.));
#19572=CARTESIAN_POINT('Origin',(51.,0.,17.));
#19573=CARTESIAN_POINT('',(51.,0.,17.));
#19574=CARTESIAN_POINT('',(51.,95.,17.));
#19575=CARTESIAN_POINT('Origin',(49.9899989998,0.,21.));
#19576=CARTESIAN_POINT('',(51.,0.,21.));
#19577=CARTESIAN_POINT('',(49.9899989998,0.,21.));
#19578=CARTESIAN_POINT('',(51.,95.,21.));
#19579=CARTESIAN_POINT('',(51.,0.,21.));
#19580=CARTESIAN_POINT('',(49.9899989998,95.,21.));
#19581=CARTESIAN_POINT('Origin',(51.,0.,19.));
#19582=CARTESIAN_POINT('',(51.,95.,19.));
#19583=CARTESIAN_POINT('',(51.,95.,19.));
#19584=CARTESIAN_POINT('',(51.,0.,19.));
#19585=CARTESIAN_POINT('',(51.,0.,19.));
#19586=CARTESIAN_POINT('',(51.,0.,19.));
#19587=CARTESIAN_POINT('Origin',(51.,0.,21.));
#19588=CARTESIAN_POINT('',(51.,0.,21.));
#19589=CARTESIAN_POINT('',(51.,95.,21.));
#19590=CARTESIAN_POINT('Origin',(49.9899989998,0.,25.));
#19591=CARTESIAN_POINT('',(51.,0.,25.));
#19592=CARTESIAN_POINT('',(49.9899989998,0.,25.));
#19593=CARTESIAN_POINT('',(51.,95.,25.));
#19594=CARTESIAN_POINT('',(51.,0.,25.));
#19595=CARTESIAN_POINT('',(49.9899989998,95.,25.));
#19596=CARTESIAN_POINT('Origin',(51.,0.,23.));
#19597=CARTESIAN_POINT('',(51.,95.,23.));
#19598=CARTESIAN_POINT('',(51.,95.,23.));
#19599=CARTESIAN_POINT('',(51.,0.,23.));
#19600=CARTESIAN_POINT('',(51.,0.,23.));
#19601=CARTESIAN_POINT('',(51.,0.,23.));
#19602=CARTESIAN_POINT('Origin',(51.,0.,25.));
#19603=CARTESIAN_POINT('',(51.,0.,25.));
#19604=CARTESIAN_POINT('',(51.,95.,25.));
#19605=CARTESIAN_POINT('Origin',(49.9899989998,0.,29.));
#19606=CARTESIAN_POINT('',(51.,0.,29.));
#19607=CARTESIAN_POINT('',(49.9899989998,0.,29.));
#19608=CARTESIAN_POINT('',(51.,95.,29.));
#19609=CARTESIAN_POINT('',(51.,0.,29.));
#19610=CARTESIAN_POINT('',(49.9899989998,95.,29.));
#19611=CARTESIAN_POINT('Origin',(51.,0.,27.));
#19612=CARTESIAN_POINT('',(51.,95.,27.));
#19613=CARTESIAN_POINT('',(51.,95.,27.));
#19614=CARTESIAN_POINT('',(51.,0.,27.));
#19615=CARTESIAN_POINT('',(51.,0.,27.));
#19616=CARTESIAN_POINT('',(51.,0.,27.));
#19617=CARTESIAN_POINT('Origin',(51.,0.,29.));
#19618=CARTESIAN_POINT('',(51.,0.,29.));
#19619=CARTESIAN_POINT('',(51.,95.,29.));
#19620=CARTESIAN_POINT('Origin',(49.9899989998,0.,33.));
#19621=CARTESIAN_POINT('',(51.,0.,33.));
#19622=CARTESIAN_POINT('',(49.9899989998,0.,33.));
#19623=CARTESIAN_POINT('',(51.,95.,33.));
#19624=CARTESIAN_POINT('',(51.,0.,33.));
#19625=CARTESIAN_POINT('',(49.9899989998,95.,33.));
#19626=CARTESIAN_POINT('Origin',(51.,0.,31.));
#19627=CARTESIAN_POINT('',(51.,95.,31.));
#19628=CARTESIAN_POINT('',(51.,95.,31.));
#19629=CARTESIAN_POINT('',(51.,0.,31.));
#19630=CARTESIAN_POINT('',(51.,0.,31.));
#19631=CARTESIAN_POINT('',(51.,0.,31.));
#19632=CARTESIAN_POINT('Origin',(51.,0.,33.));
#19633=CARTESIAN_POINT('',(51.,0.,33.));
#19634=CARTESIAN_POINT('',(51.,95.,33.));
#19635=CARTESIAN_POINT('Origin',(49.9899989998,0.,37.));
#19636=CARTESIAN_POINT('',(51.,0.,37.));
#19637=CARTESIAN_POINT('',(49.9899989998,0.,37.));
#19638=CARTESIAN_POINT('',(51.,95.,37.));
#19639=CARTESIAN_POINT('',(51.,0.,37.));
#19640=CARTESIAN_POINT('',(49.9899989998,95.,37.));
#19641=CARTESIAN_POINT('Origin',(51.,0.,35.));
#19642=CARTESIAN_POINT('',(51.,95.,35.));
#19643=CARTESIAN_POINT('',(51.,95.,35.));
#19644=CARTESIAN_POINT('',(51.,0.,35.));
#19645=CARTESIAN_POINT('',(51.,0.,35.));
#19646=CARTESIAN_POINT('',(51.,0.,35.));
#19647=CARTESIAN_POINT('Origin',(51.,0.,37.));
#19648=CARTESIAN_POINT('',(51.,0.,37.));
#19649=CARTESIAN_POINT('',(51.,95.,37.));
#19650=CARTESIAN_POINT('Origin',(49.9899989998,0.,41.));
#19651=CARTESIAN_POINT('',(51.,0.,41.));
#19652=CARTESIAN_POINT('',(49.9899989998,0.,41.));
#19653=CARTESIAN_POINT('',(51.,95.,41.));
#19654=CARTESIAN_POINT('',(51.,0.,41.));
#19655=CARTESIAN_POINT('',(49.9899989998,95.,41.));
#19656=CARTESIAN_POINT('Origin',(51.,0.,39.));
#19657=CARTESIAN_POINT('',(51.,95.,39.));
#19658=CARTESIAN_POINT('',(51.,95.,39.));
#19659=CARTESIAN_POINT('',(51.,0.,39.));
#19660=CARTESIAN_POINT('',(51.,0.,39.));
#19661=CARTESIAN_POINT('',(51.,0.,39.));
#19662=CARTESIAN_POINT('Origin',(51.,0.,41.));
#19663=CARTESIAN_POINT('',(51.,0.,41.));
#19664=CARTESIAN_POINT('',(51.,95.,41.));
#19665=CARTESIAN_POINT('Origin',(49.9899989998,0.,45.));
#19666=CARTESIAN_POINT('',(51.,0.,45.));
#19667=CARTESIAN_POINT('',(49.9899989998,0.,45.));
#19668=CARTESIAN_POINT('',(51.,95.,45.));
#19669=CARTESIAN_POINT('',(51.,0.,45.));
#19670=CARTESIAN_POINT('',(49.9899989998,95.,45.));
#19671=CARTESIAN_POINT('Origin',(51.,0.,43.));
#19672=CARTESIAN_POINT('',(51.,95.,43.));
#19673=CARTESIAN_POINT('',(51.,95.,43.));
#19674=CARTESIAN_POINT('',(51.,0.,43.));
#19675=CARTESIAN_POINT('',(51.,0.,43.));
#19676=CARTESIAN_POINT('',(51.,0.,43.));
#19677=CARTESIAN_POINT('Origin',(51.,0.,45.));
#19678=CARTESIAN_POINT('',(51.,0.,45.));
#19679=CARTESIAN_POINT('',(51.,95.,45.));
#19680=CARTESIAN_POINT('Origin',(49.9899989998,0.,49.));
#19681=CARTESIAN_POINT('',(51.,0.,49.));
#19682=CARTESIAN_POINT('',(49.9899989998,0.,49.));
#19683=CARTESIAN_POINT('',(51.,95.,49.));
#19684=CARTESIAN_POINT('',(51.,0.,49.));
#19685=CARTESIAN_POINT('',(49.9899989998,95.,49.));
#19686=CARTESIAN_POINT('Origin',(51.,0.,47.));
#19687=CARTESIAN_POINT('',(51.,95.,47.));
#19688=CARTESIAN_POINT('',(51.,95.,47.));
#19689=CARTESIAN_POINT('',(51.,0.,47.));
#19690=CARTESIAN_POINT('',(51.,0.,47.));
#19691=CARTESIAN_POINT('',(51.,0.,47.));
#19692=CARTESIAN_POINT('Origin',(51.,0.,49.));
#19693=CARTESIAN_POINT('',(51.,0.,49.));
#19694=CARTESIAN_POINT('',(51.,95.,49.));
#19695=CARTESIAN_POINT('Origin',(49.9899989998,0.,53.));
#19696=CARTESIAN_POINT('',(51.,0.,53.));
#19697=CARTESIAN_POINT('',(49.9899989998,0.,53.));
#19698=CARTESIAN_POINT('',(51.,95.,53.));
#19699=CARTESIAN_POINT('',(51.,0.,53.));
#19700=CARTESIAN_POINT('',(49.9899989998,95.,53.));
#19701=CARTESIAN_POINT('Origin',(51.,0.,51.));
#19702=CARTESIAN_POINT('',(51.,95.,51.));
#19703=CARTESIAN_POINT('',(51.,95.,51.));
#19704=CARTESIAN_POINT('',(51.,0.,51.));
#19705=CARTESIAN_POINT('',(51.,0.,51.));
#19706=CARTESIAN_POINT('',(51.,0.,51.));
#19707=CARTESIAN_POINT('Origin',(51.,0.,53.));
#19708=CARTESIAN_POINT('',(51.,0.,53.));
#19709=CARTESIAN_POINT('',(51.,95.,53.));
#19710=CARTESIAN_POINT('Origin',(49.9899989998,0.,57.));
#19711=CARTESIAN_POINT('',(51.,0.,57.));
#19712=CARTESIAN_POINT('',(49.9899989998,0.,57.));
#19713=CARTESIAN_POINT('',(51.,95.,57.));
#19714=CARTESIAN_POINT('',(51.,0.,57.));
#19715=CARTESIAN_POINT('',(49.9899989998,95.,57.));
#19716=CARTESIAN_POINT('Origin',(51.,0.,55.));
#19717=CARTESIAN_POINT('',(51.,95.,55.));
#19718=CARTESIAN_POINT('',(51.,95.,55.));
#19719=CARTESIAN_POINT('',(51.,0.,55.));
#19720=CARTESIAN_POINT('',(51.,0.,55.));
#19721=CARTESIAN_POINT('',(51.,0.,55.));
#19722=CARTESIAN_POINT('Origin',(51.,0.,57.));
#19723=CARTESIAN_POINT('',(51.,0.,57.));
#19724=CARTESIAN_POINT('',(51.,95.,57.));
#19725=CARTESIAN_POINT('Origin',(49.9899989998,0.,61.));
#19726=CARTESIAN_POINT('',(51.,0.,61.));
#19727=CARTESIAN_POINT('',(49.9899989998,0.,61.));
#19728=CARTESIAN_POINT('',(51.,95.,61.));
#19729=CARTESIAN_POINT('',(51.,0.,61.));
#19730=CARTESIAN_POINT('',(49.9899989998,95.,61.));
#19731=CARTESIAN_POINT('Origin',(51.,0.,59.));
#19732=CARTESIAN_POINT('',(51.,95.,59.));
#19733=CARTESIAN_POINT('',(51.,95.,59.));
#19734=CARTESIAN_POINT('',(51.,0.,59.));
#19735=CARTESIAN_POINT('',(51.,0.,59.));
#19736=CARTESIAN_POINT('',(51.,0.,59.));
#19737=CARTESIAN_POINT('Origin',(51.,0.,61.));
#19738=CARTESIAN_POINT('',(51.,0.,61.));
#19739=CARTESIAN_POINT('',(51.,95.,61.));
#19740=CARTESIAN_POINT('Origin',(49.9899989998,0.,65.));
#19741=CARTESIAN_POINT('',(51.,0.,65.));
#19742=CARTESIAN_POINT('',(49.9899989998,0.,65.));
#19743=CARTESIAN_POINT('',(51.,95.,65.));
#19744=CARTESIAN_POINT('',(51.,0.,65.));
#19745=CARTESIAN_POINT('',(49.9899989998,95.,65.));
#19746=CARTESIAN_POINT('Origin',(51.,0.,63.));
#19747=CARTESIAN_POINT('',(51.,95.,63.));
#19748=CARTESIAN_POINT('',(51.,95.,63.));
#19749=CARTESIAN_POINT('',(51.,0.,63.));
#19750=CARTESIAN_POINT('',(51.,0.,63.));
#19751=CARTESIAN_POINT('',(51.,0.,63.));
#19752=CARTESIAN_POINT('Origin',(51.,0.,65.));
#19753=CARTESIAN_POINT('',(51.,0.,65.));
#19754=CARTESIAN_POINT('',(51.,95.,65.));
#19755=CARTESIAN_POINT('Origin',(49.9899989998,0.,69.));
#19756=CARTESIAN_POINT('',(51.,0.,69.));
#19757=CARTESIAN_POINT('',(49.9899989998,0.,69.));
#19758=CARTESIAN_POINT('',(51.,95.,69.));
#19759=CARTESIAN_POINT('',(51.,0.,69.));
#19760=CARTESIAN_POINT('',(49.9899989998,95.,69.));
#19761=CARTESIAN_POINT('Origin',(51.,0.,67.));
#19762=CARTESIAN_POINT('',(51.,95.,67.));
#19763=CARTESIAN_POINT('',(51.,95.,67.));
#19764=CARTESIAN_POINT('',(51.,0.,67.));
#19765=CARTESIAN_POINT('',(51.,0.,67.));
#19766=CARTESIAN_POINT('',(51.,0.,67.));
#19767=CARTESIAN_POINT('Origin',(51.,0.,69.));
#19768=CARTESIAN_POINT('',(51.,0.,69.));
#19769=CARTESIAN_POINT('',(51.,95.,69.));
#19770=CARTESIAN_POINT('Origin',(49.9899989998,0.,73.));
#19771=CARTESIAN_POINT('',(51.,0.,73.));
#19772=CARTESIAN_POINT('',(49.9899989998,0.,73.));
#19773=CARTESIAN_POINT('',(51.,95.,73.));
#19774=CARTESIAN_POINT('',(51.,0.,73.));
#19775=CARTESIAN_POINT('',(49.9899989998,95.,73.));
#19776=CARTESIAN_POINT('Origin',(51.,0.,71.));
#19777=CARTESIAN_POINT('',(51.,95.,71.));
#19778=CARTESIAN_POINT('',(51.,95.,71.));
#19779=CARTESIAN_POINT('',(51.,0.,71.));
#19780=CARTESIAN_POINT('',(51.,0.,71.));
#19781=CARTESIAN_POINT('',(51.,0.,71.));
#19782=CARTESIAN_POINT('Origin',(51.,0.,73.));
#19783=CARTESIAN_POINT('',(51.,0.,73.));
#19784=CARTESIAN_POINT('',(51.,95.,73.));
#19785=CARTESIAN_POINT('Origin',(51.,0.,75.));
#19786=CARTESIAN_POINT('',(51.,95.,75.));
#19787=CARTESIAN_POINT('',(51.,95.,75.));
#19788=CARTESIAN_POINT('',(51.,0.,75.));
#19789=CARTESIAN_POINT('',(51.,0.,75.));
#19790=CARTESIAN_POINT('',(51.,0.,75.));
#19791=CARTESIAN_POINT('Origin',(51.,0.,77.));
#19792=CARTESIAN_POINT('',(51.,0.,77.));
#19793=CARTESIAN_POINT('',(51.,0.,77.));
#19794=CARTESIAN_POINT('',(51.,95.,77.));
#19795=CARTESIAN_POINT('',(51.,95.,77.));
#19796=CARTESIAN_POINT('',(51.,0.,77.));
#19797=CARTESIAN_POINT('Origin',(49.9899989998,0.,77.));
#19798=CARTESIAN_POINT('',(49.9899989998,0.,77.));
#19799=CARTESIAN_POINT('',(49.9899989998,95.,77.));
#19800=CARTESIAN_POINT('Origin',(50.9150892835614,0.,79.1070376964188));
#19801=CARTESIAN_POINT('',(50.9150892835614,0.,79.1070376964188));
#19802=CARTESIAN_POINT('',(50.9150892835614,0.,79.1070376964188));
#19803=CARTESIAN_POINT('',(50.9150892835614,95.,79.1070376964188));
#19804=CARTESIAN_POINT('',(50.9150892835614,95.,79.1070376964188));
#19805=CARTESIAN_POINT('',(50.9150892835614,0.,79.1070376964188));
#19806=CARTESIAN_POINT('Origin',(50.754156146128,0.,81.1005523126872));
#19807=CARTESIAN_POINT('',(50.754156146128,0.,81.1005523126872));
#19808=CARTESIAN_POINT('',(50.754156146128,0.,81.1005523126872));
#19809=CARTESIAN_POINT('',(50.754156146128,95.,81.1005523126872));
#19810=CARTESIAN_POINT('',(50.754156146128,95.,81.1005523126872));
#19811=CARTESIAN_POINT('',(50.754156146128,0.,81.1005523126872));
#19812=CARTESIAN_POINT('Origin',(49.7474302679557,0.,81.0192809978006));
#19813=CARTESIAN_POINT('',(49.7474302679557,0.,81.0192809978006));
#19814=CARTESIAN_POINT('',(49.7474302679557,95.,81.0192809978006));
#19815=CARTESIAN_POINT('Origin',(50.4999746753913,0.,83.1939250611078));
#19816=CARTESIAN_POINT('',(50.4999746753913,0.,83.1939250611078));
#19817=CARTESIAN_POINT('',(50.4999746753913,0.,83.1939250611078));
#19818=CARTESIAN_POINT('',(50.4999746753913,95.,83.1939250611078));
#19819=CARTESIAN_POINT('',(50.4999746753913,95.,83.1939250611078));
#19820=CARTESIAN_POINT('',(50.4999746753913,0.,83.1939250611078));
#19821=CARTESIAN_POINT('Origin',(50.1791521136758,0.,85.1680255863837));
#19822=CARTESIAN_POINT('',(50.1791521136758,0.,85.1680255863837));
#19823=CARTESIAN_POINT('',(50.1791521136758,0.,85.1680255863837));
#19824=CARTESIAN_POINT('',(50.1791521136758,95.,85.1680255863837));
#19825=CARTESIAN_POINT('',(50.1791521136758,95.,85.1680255863837));
#19826=CARTESIAN_POINT('',(50.1791521136758,0.,85.1680255863837));
#19827=CARTESIAN_POINT('Origin',(49.1822303611638,0.,85.006010032274));
#19828=CARTESIAN_POINT('',(49.1822303611638,0.,85.006010032274));
#19829=CARTESIAN_POINT('',(49.1822303611638,95.,85.006010032274));
#19830=CARTESIAN_POINT('Origin',(49.7573483530162,0.,87.2341570612394));
#19831=CARTESIAN_POINT('',(49.7573483530162,0.,87.2341570612394));
#19832=CARTESIAN_POINT('',(49.7573483530162,0.,87.2341570612394));
#19833=CARTESIAN_POINT('',(49.7573483530162,95.,87.2341570612394));
#19834=CARTESIAN_POINT('',(49.7573483530162,95.,87.2341570612394));
#19835=CARTESIAN_POINT('',(49.7573483530162,0.,87.2341570612394));
#19836=CARTESIAN_POINT('Origin',(49.2787170244411,0.,89.1760406960915));
#19837=CARTESIAN_POINT('',(49.2787170244411,0.,89.1760406960915));
#19838=CARTESIAN_POINT('',(49.2787170244411,0.,89.1760406960915));
#19839=CARTESIAN_POINT('',(49.2787170244411,95.,89.1760406960915));
#19840=CARTESIAN_POINT('',(49.2787170244411,95.,89.1760406960915));
#19841=CARTESIAN_POINT('',(49.2787170244411,0.,89.1760406960915));
#19842=CARTESIAN_POINT('Origin',(48.2980648177048,0.,88.9343316357975));
#19843=CARTESIAN_POINT('',(48.2980648177048,0.,88.9343316357975));
#19844=CARTESIAN_POINT('',(48.2980648177048,95.,88.9343316357975));
#19845=CARTESIAN_POINT('Origin',(48.6920265331059,0.,91.2015312419279));
#19846=CARTESIAN_POINT('',(48.6920265331059,0.,91.2015312419279));
#19847=CARTESIAN_POINT('',(48.6920265331059,0.,91.2015312419279));
#19848=CARTESIAN_POINT('',(48.6920265331059,95.,91.2015312419279));
#19849=CARTESIAN_POINT('',(48.6920265331059,95.,91.2015312419279));
#19850=CARTESIAN_POINT('',(48.6920265331059,0.,91.2015312419279));
#19851=CARTESIAN_POINT('Origin',(48.058690545503,0.,93.0986041258222));
#19852=CARTESIAN_POINT('',(48.058690545503,0.,93.0986041258222));
#19853=CARTESIAN_POINT('',(48.058690545503,0.,93.0986041258222));
#19854=CARTESIAN_POINT('',(48.058690545503,95.,93.0986041258222));
#19855=CARTESIAN_POINT('',(48.058690545503,95.,93.0986041258222));
#19856=CARTESIAN_POINT('',(48.058690545503,0.,93.0986041258222));
#19857=CARTESIAN_POINT('Origin',(47.1006677904102,0.,92.7787691353514));
#19858=CARTESIAN_POINT('',(47.1006677904102,0.,92.7787691353514));
#19859=CARTESIAN_POINT('',(47.1006677904102,95.,92.7787691353514));
#19860=CARTESIAN_POINT('Origin',(47.3109182364601,0.,95.070317659205));
#19861=CARTESIAN_POINT('',(47.3109182364601,0.,95.070317659205));
#19862=CARTESIAN_POINT('',(47.3109182364601,0.,95.070317659205));
#19863=CARTESIAN_POINT('',(47.3109182364601,95.,95.070317659205));
#19864=CARTESIAN_POINT('',(47.3109182364601,95.,95.070317659205));
#19865=CARTESIAN_POINT('',(47.3109182364601,0.,95.070317659205));
#19866=CARTESIAN_POINT('Origin',(46.52698501674,0.,96.9102765465227));
#19867=CARTESIAN_POINT('',(46.52698501674,0.,96.9102765465227));
#19868=CARTESIAN_POINT('',(46.52698501674,0.,96.9102765465227));
#19869=CARTESIAN_POINT('',(46.52698501674,95.,96.9102765465227));
#19870=CARTESIAN_POINT('',(46.52698501674,95.,96.9102765465227));
#19871=CARTESIAN_POINT('',(46.52698501674,0.,96.9102765465227));
#19872=CARTESIAN_POINT('Origin',(45.5978048584811,0.,96.514389878519));
#19873=CARTESIAN_POINT('',(45.5978048584811,0.,96.514389878519));
#19874=CARTESIAN_POINT('',(45.5978048584811,95.,96.514389878519));
#19875=CARTESIAN_POINT('Origin',(45.6229804803575,0.,98.815425748579));
#19876=CARTESIAN_POINT('',(45.6229804803575,0.,98.815425748579));
#19877=CARTESIAN_POINT('',(45.6229804803575,0.,98.815425748579));
#19878=CARTESIAN_POINT('',(45.6229804803575,95.,98.815425748579));
#19879=CARTESIAN_POINT('',(45.6229804803575,95.,98.815425748579));
#19880=CARTESIAN_POINT('',(45.6229804803575,0.,98.815425748579));
#19881=CARTESIAN_POINT('Origin',(44.6935341362699,0.,100.586337799885));
#19882=CARTESIAN_POINT('',(44.6935341362699,0.,100.586337799885));
#19883=CARTESIAN_POINT('',(44.6935341362699,0.,100.586337799885));
#19884=CARTESIAN_POINT('',(44.6935341362699,95.,100.586337799885));
#19885=CARTESIAN_POINT('',(44.6935341362699,95.,100.586337799885));
#19886=CARTESIAN_POINT('',(44.6935341362699,0.,100.586337799885));
#19887=CARTESIAN_POINT('Origin',(43.7992226647271,0.,100.116966931305));
#19888=CARTESIAN_POINT('',(43.7992226647271,0.,100.116966931305));
#19889=CARTESIAN_POINT('',(43.7992226647271,95.,100.116966931305));
#19890=CARTESIAN_POINT('Origin',(43.6391601888613,0.,102.412567046974));
#19891=CARTESIAN_POINT('',(43.6391601888613,0.,102.412567046974));
#19892=CARTESIAN_POINT('',(43.6391601888613,0.,102.412567046974));
#19893=CARTESIAN_POINT('',(43.6391601888613,95.,102.412567046974));
#19894=CARTESIAN_POINT('',(43.6391601888613,95.,102.412567046974));
#19895=CARTESIAN_POINT('',(43.6391601888613,0.,102.412567046974));
#19896=CARTESIAN_POINT('Origin',(42.5702285366057,0.,104.102947218062));
#19897=CARTESIAN_POINT('',(42.5702285366057,0.,104.102947218062));
#19898=CARTESIAN_POINT('',(42.5702285366057,0.,104.102947218062));
#19899=CARTESIAN_POINT('',(42.5702285366057,95.,104.102947218062));
#19900=CARTESIAN_POINT('',(42.5702285366057,95.,104.102947218062));
#19901=CARTESIAN_POINT('',(42.5702285366057,0.,104.102947218062));
#19902=CARTESIAN_POINT('Origin',(41.7165857048474,0.,103.5631361991));
#19903=CARTESIAN_POINT('',(41.7165857048474,0.,103.5631361991));
#19904=CARTESIAN_POINT('',(41.7165857048474,95.,103.5631361991));
#19905=CARTESIAN_POINT('Origin',(41.3723231978165,0.,105.838412712733));
#19906=CARTESIAN_POINT('',(41.3723231978165,0.,105.838412712733));
#19907=CARTESIAN_POINT('',(41.3723231978165,0.,105.838412712733));
#19908=CARTESIAN_POINT('',(41.3723231978165,95.,105.838412712733));
#19909=CARTESIAN_POINT('',(41.3723231978165,95.,105.838412712733));
#19910=CARTESIAN_POINT('',(41.3723231978165,0.,105.838412712733));
#19911=CARTESIAN_POINT('Origin',(40.1708386693406,0.,107.43729823954));
#19912=CARTESIAN_POINT('',(40.1708386693406,0.,107.43729823954));
#19913=CARTESIAN_POINT('',(40.1708386693406,0.,107.43729823954));
#19914=CARTESIAN_POINT('',(40.1708386693406,95.,107.43729823954));
#19915=CARTESIAN_POINT('',(40.1708386693406,95.,107.43729823954));
#19916=CARTESIAN_POINT('',(40.1708386693406,0.,107.43729823954));
#19917=CARTESIAN_POINT('Origin',(39.3634006787004,0.,106.830547951798));
#19918=CARTESIAN_POINT('',(39.3634006787004,0.,106.830547951798));
#19919=CARTESIAN_POINT('',(39.3634006787004,95.,106.830547951798));
#19920=CARTESIAN_POINT('Origin',(38.837170814967,0.,109.070744822109));
#19921=CARTESIAN_POINT('',(38.837170814967,0.,109.070744822109));
#19922=CARTESIAN_POINT('',(38.837170814967,0.,109.070744822109));
#19923=CARTESIAN_POINT('',(38.837170814967,95.,109.070744822109));
#19924=CARTESIAN_POINT('',(38.837170814967,95.,109.070744822109));
#19925=CARTESIAN_POINT('',(38.837170814967,0.,109.070744822109));
#19926=CARTESIAN_POINT('Origin',(37.5109254984854,0.,110.567766318452));
#19927=CARTESIAN_POINT('',(37.5109254984854,0.,110.567766318452));
#19928=CARTESIAN_POINT('',(37.5109254984854,0.,110.567766318452));
#19929=CARTESIAN_POINT('',(37.5109254984854,95.,110.567766318452));
#19930=CARTESIAN_POINT('',(37.5109254984854,95.,110.567766318452));
#19931=CARTESIAN_POINT('',(37.5109254984854,0.,110.567766318452));
#19932=CARTESIAN_POINT('Origin',(36.7549288941721,0.,109.898011770373));
#19933=CARTESIAN_POINT('',(36.7549288941721,0.,109.898011770373));
#19934=CARTESIAN_POINT('',(36.7549288941721,95.,109.898011770373));
#19935=CARTESIAN_POINT('Origin',(36.0501444763334,0.,112.088600461025));
#19936=CARTESIAN_POINT('',(36.0501444763334,0.,112.088600461025));
#19937=CARTESIAN_POINT('',(36.0501444763334,0.,112.088600461025));
#19938=CARTESIAN_POINT('',(36.0501444763334,95.,112.088600461025));
#19939=CARTESIAN_POINT('',(36.0501444763334,95.,112.088600461025));
#19940=CARTESIAN_POINT('',(36.0501444763334,0.,112.088600461025));
#19941=CARTESIAN_POINT('Origin',(34.6077395816458,0.,113.474049168044));
#19942=CARTESIAN_POINT('',(34.6077395816458,0.,113.474049168044));
#19943=CARTESIAN_POINT('',(34.6077395816458,0.,113.474049168044));
#19944=CARTESIAN_POINT('',(34.6077395816458,95.,113.474049168044));
#19945=CARTESIAN_POINT('',(34.6077395816458,95.,113.474049168044));
#19946=CARTESIAN_POINT('',(34.6077395816458,0.,113.474049168044));
#19947=CARTESIAN_POINT('Origin',(33.9080872917382,0.,112.74563397488));
#19948=CARTESIAN_POINT('',(33.9080872917382,0.,112.74563397488));
#19949=CARTESIAN_POINT('',(33.9080872917382,95.,112.74563397488));
#19950=CARTESIAN_POINT('Origin',(33.0293191171919,0.,114.872407677615));
#19951=CARTESIAN_POINT('',(33.0293191171919,0.,114.872407677615));
#19952=CARTESIAN_POINT('',(33.0293191171919,0.,114.872407677615));
#19953=CARTESIAN_POINT('',(33.0293191171919,95.,114.872407677615));
#19954=CARTESIAN_POINT('',(33.0293191171919,95.,114.872407677615));
#19955=CARTESIAN_POINT('',(33.0293191171919,0.,114.872407677615));
#19956=CARTESIAN_POINT('Origin',(31.4801091935366,0.,116.137298428806));
#19957=CARTESIAN_POINT('',(31.4801091935366,0.,116.137298428806));
#19958=CARTESIAN_POINT('',(31.4801091935366,0.,116.137298428806));
#19959=CARTESIAN_POINT('',(31.4801091935366,95.,116.137298428806));
#19960=CARTESIAN_POINT('',(31.4801091935366,95.,116.137298428806));
#19961=CARTESIAN_POINT('',(31.4801091935366,0.,116.137298428806));
#19962=CARTESIAN_POINT('Origin',(30.8413387316134,0.,115.3549466426));
#19963=CARTESIAN_POINT('',(30.8413387316134,0.,115.3549466426));
#19964=CARTESIAN_POINT('',(30.8413387316134,95.,115.3549466426));
#19965=CARTESIAN_POINT('Origin',(29.7942859491826,0.,117.404112413845));
#19966=CARTESIAN_POINT('',(29.7942859491826,0.,117.404112413845));
#19967=CARTESIAN_POINT('',(29.7942859491826,0.,117.404112413845));
#19968=CARTESIAN_POINT('',(29.7942859491826,95.,117.404112413845));
#19969=CARTESIAN_POINT('',(29.7942859491826,95.,117.404112413845));
#19970=CARTESIAN_POINT('',(29.7942859491826,0.,117.404112413845));
#19971=CARTESIAN_POINT('Origin',(28.1483182173953,0.,118.540241907308));
#19972=CARTESIAN_POINT('',(28.1483182173953,0.,118.540241907308));
#19973=CARTESIAN_POINT('',(28.1483182173953,0.,118.540241907308));
#19974=CARTESIAN_POINT('',(28.1483182173953,95.,118.540241907308));
#19975=CARTESIAN_POINT('',(28.1483182173953,95.,118.540241907308));
#19976=CARTESIAN_POINT('',(28.1483182173953,0.,118.540241907308));
#19977=CARTESIAN_POINT('Origin',(27.5745722550185,0.,117.709027379607));
#19978=CARTESIAN_POINT('',(27.5745722550185,0.,117.709027379607));
#19979=CARTESIAN_POINT('',(27.5745722550185,95.,117.709027379607));
#19980=CARTESIAN_POINT('Origin',(26.3660254037845,0.,119.667295593006));
#19981=CARTESIAN_POINT('',(26.3660254037845,0.,119.667295593006));
#19982=CARTESIAN_POINT('',(26.3660254037845,0.,119.667295593006));
#19983=CARTESIAN_POINT('',(26.3660254037845,95.,119.667295593006));
#19984=CARTESIAN_POINT('',(26.3660254037845,95.,119.667295593006));
#19985=CARTESIAN_POINT('',(26.3660254037845,0.,119.667295593006));
#19986=CARTESIAN_POINT('Origin',(24.6339745962156,0.,120.667295593006));
#19987=CARTESIAN_POINT('',(24.6339745962156,0.,120.667295593006));
#19988=CARTESIAN_POINT('',(24.6339745962156,0.,120.667295593006));
#19989=CARTESIAN_POINT('',(24.6339745962156,95.,120.667295593006));
#19990=CARTESIAN_POINT('',(24.6339745962156,95.,120.667295593006));
#19991=CARTESIAN_POINT('',(24.6339745962156,0.,120.667295593006));
#19992=CARTESIAN_POINT('Origin',(24.1289740961156,0.,119.792609068985));
#19993=CARTESIAN_POINT('',(24.1289740961156,0.,119.792609068985));
#19994=CARTESIAN_POINT('',(24.1289740961156,95.,119.792609068985));
#19995=CARTESIAN_POINT('Origin',(22.7667710661662,0.,121.647279603726));
#19996=CARTESIAN_POINT('',(22.7667710661662,0.,121.647279603726));
#19997=CARTESIAN_POINT('',(22.7667710661662,0.,121.647279603726));
#19998=CARTESIAN_POINT('',(22.7667710661662,95.,121.647279603726));
#19999=CARTESIAN_POINT('',(22.7667710661662,95.,121.647279603726));
#20000=CARTESIAN_POINT('',(22.7667710661662,0.,121.647279603726));
#20001=CARTESIAN_POINT('Origin',(20.9598701969454,0.,122.504664726533));
#20002=CARTESIAN_POINT('',(20.9598701969454,0.,122.504664726533));
#20003=CARTESIAN_POINT('',(20.9598701969454,0.,122.504664726533));
#20004=CARTESIAN_POINT('',(20.9598701969454,95.,122.504664726533));
#20005=CARTESIAN_POINT('',(20.9598701969454,95.,122.504664726533));
#20006=CARTESIAN_POINT('',(20.9598701969454,0.,122.504664726533));
#20007=CARTESIAN_POINT('Origin',(20.52689028115,0.,121.592178883945));
#20008=CARTESIAN_POINT('',(20.52689028115,0.,121.592178883945));
#20009=CARTESIAN_POINT('',(20.52689028115,95.,121.592178883945));
#20010=CARTESIAN_POINT('Origin',(19.0198654818548,0.,123.331223489914));
#20011=CARTESIAN_POINT('',(19.0198654818548,0.,123.331223489914));
#20012=CARTESIAN_POINT('',(19.0198654818548,0.,123.331223489914));
#20013=CARTESIAN_POINT('',(19.0198654818548,95.,123.331223489914));
#20014=CARTESIAN_POINT('',(19.0198654818548,95.,123.331223489914));
#20015=CARTESIAN_POINT('',(19.0198654818548,0.,123.331223489914));
#20016=CARTESIAN_POINT('Origin',(17.1498329964839,0.,124.040433263999));
#20017=CARTESIAN_POINT('',(17.1498329964839,0.,124.040433263999));
#20018=CARTESIAN_POINT('',(17.1498329964839,0.,124.040433263999));
#20019=CARTESIAN_POINT('',(17.1498329964839,95.,124.040433263999));
#20020=CARTESIAN_POINT('',(17.1498329964839,95.,124.040433263999));
#20021=CARTESIAN_POINT('',(17.1498329964839,0.,124.040433263999));
#20022=CARTESIAN_POINT('Origin',(16.7916817058952,0.,123.096065923683));
#20023=CARTESIAN_POINT('',(16.7916817058952,0.,123.096065923683));
#20024=CARTESIAN_POINT('',(16.7916817058952,95.,123.096065923683));
#20025=CARTESIAN_POINT('Origin',(15.1496087713705,0.,124.708206229284));
#20026=CARTESIAN_POINT('',(15.1496087713705,0.,124.708206229284));
#20027=CARTESIAN_POINT('',(15.1496087713705,0.,124.708206229284));
#20028=CARTESIAN_POINT('',(15.1496087713705,95.,124.708206229284));
#20029=CARTESIAN_POINT('',(15.1496087713705,95.,124.708206229284));
#20030=CARTESIAN_POINT('',(15.1496087713705,0.,124.708206229284));
#20031=CARTESIAN_POINT('Origin',(13.2285725481077,0.,125.264641157116));
#20032=CARTESIAN_POINT('',(13.2285725481077,0.,125.264641157116));
#20033=CARTESIAN_POINT('',(13.2285725481077,0.,125.264641157116));
#20034=CARTESIAN_POINT('',(13.2285725481077,95.,125.264641157116));
#20035=CARTESIAN_POINT('',(13.2285725481077,95.,125.264641157116));
#20036=CARTESIAN_POINT('',(13.2285725481077,0.,125.264641157116));
#20037=CARTESIAN_POINT('Origin',(12.947572631279,0.,124.294516903659));
#20038=CARTESIAN_POINT('',(12.947572631279,0.,124.294516903659));
#20039=CARTESIAN_POINT('',(12.947572631279,95.,124.294516903659));
#20040=CARTESIAN_POINT('Origin',(11.1811010346206,0.,125.76929756038));
#20041=CARTESIAN_POINT('',(11.1811010346206,0.,125.76929756038));
#20042=CARTESIAN_POINT('',(11.1811010346206,0.,125.76929756038));
#20043=CARTESIAN_POINT('',(11.1811010346206,95.,125.76929756038));
#20044=CARTESIAN_POINT('',(11.1811010346206,95.,125.76929756038));
#20045=CARTESIAN_POINT('',(11.1811010346206,0.,125.76929756038));
#20046=CARTESIAN_POINT('Origin',(9.22151973053602,0.,126.169348947932));
#20047=CARTESIAN_POINT('',(9.22151973053602,0.,126.169348947932));
#20048=CARTESIAN_POINT('',(9.22151973053602,0.,126.169348947932));
#20049=CARTESIAN_POINT('',(9.22151973053602,95.,126.169348947932));
#20050=CARTESIAN_POINT('',(9.22151973053602,95.,126.169348947932));
#20051=CARTESIAN_POINT('',(9.22151973053602,0.,126.169348947932));
#20052=CARTESIAN_POINT('Origin',(9.01949357975651,0.,125.179759409382));
#20053=CARTESIAN_POINT('',(9.01949357975651,0.,125.179759409382));
#20054=CARTESIAN_POINT('',(9.01949357975651,95.,125.179759409382));
#20055=CARTESIAN_POINT('Origin',(7.14007956711957,0.,126.507615898745));
#20056=CARTESIAN_POINT('',(7.14007956711957,0.,126.507615898745));
#20057=CARTESIAN_POINT('',(7.14007956711957,0.,126.507615898745));
#20058=CARTESIAN_POINT('',(7.14007956711957,95.,126.507615898745));
#20059=CARTESIAN_POINT('',(7.14007956711957,95.,126.507615898745));
#20060=CARTESIAN_POINT('',(7.14007956711957,0.,126.507615898745));
#20061=CARTESIAN_POINT('Origin',(5.15466181892346,0.,126.748689259256));
#20062=CARTESIAN_POINT('',(5.15466181892346,0.,126.748689259256));
#20063=CARTESIAN_POINT('',(5.15466181892346,0.,126.748689259256));
#20064=CARTESIAN_POINT('',(5.15466181892346,95.,126.748689259256));
#20065=CARTESIAN_POINT('',(5.15466181892346,95.,126.748689259256));
#20066=CARTESIAN_POINT('',(5.15466181892346,0.,126.748689259256));
#20067=CARTESIAN_POINT('Origin',(5.0329196513048,0.,125.74605230351));
#20068=CARTESIAN_POINT('',(5.0329196513048,0.,125.74605230351));
#20069=CARTESIAN_POINT('',(5.0329196513048,95.,125.74605230351));
#20070=CARTESIAN_POINT('Origin',(3.05275194375178,0.,126.918372966641));
#20071=CARTESIAN_POINT('',(3.05275194375178,0.,126.918372966641));
#20072=CARTESIAN_POINT('',(3.05275194375178,0.,126.918372966641));
#20073=CARTESIAN_POINT('',(3.05275194375178,95.,126.918372966641));
#20074=CARTESIAN_POINT('',(3.05275194375178,95.,126.918372966641));
#20075=CARTESIAN_POINT('',(3.05275194375178,0.,126.918372966641));
#20076=CARTESIAN_POINT('Origin',(1.05437394740863,0.,126.998904846859));
#20077=CARTESIAN_POINT('',(1.05437394740863,0.,126.998904846859));
#20078=CARTESIAN_POINT('',(1.05437394740863,0.,126.998904846859));
#20079=CARTESIAN_POINT('',(1.05437394740863,95.,126.998904846859));
#20080=CARTESIAN_POINT('',(1.05437394740863,95.,126.998904846859));
#20081=CARTESIAN_POINT('',(1.05437394740863,0.,126.998904846859));
#20082=CARTESIAN_POINT('Origin',(1.01370530762413,0.,125.989722959317));
#20083=CARTESIAN_POINT('',(1.01370530762413,0.,125.989722959317));
#20084=CARTESIAN_POINT('',(1.01370530762413,95.,125.989722959317));
#20085=CARTESIAN_POINT('Origin',(-1.05437394740856,0.,126.998904846859));
#20086=CARTESIAN_POINT('',(-1.05437394740856,0.,126.998904846859));
#20087=CARTESIAN_POINT('',(-1.05437394740856,0.,126.998904846859));
#20088=CARTESIAN_POINT('',(-1.05437394740856,95.,126.998904846859));
#20089=CARTESIAN_POINT('',(-1.05437394740856,95.,126.998904846859));
#20090=CARTESIAN_POINT('',(-1.05437394740856,0.,126.998904846859));
#20091=CARTESIAN_POINT('Origin',(-3.0527519437517,0.,126.918372966641));
#20092=CARTESIAN_POINT('',(-3.0527519437517,0.,126.918372966641));
#20093=CARTESIAN_POINT('',(-3.0527519437517,0.,126.918372966641));
#20094=CARTESIAN_POINT('',(-3.0527519437517,95.,126.918372966641));
#20095=CARTESIAN_POINT('',(-3.0527519437517,95.,126.918372966641));
#20096=CARTESIAN_POINT('',(-3.0527519437517,0.,126.918372966641));
#20097=CARTESIAN_POINT('Origin',(-3.01208330396719,0.,125.909191079099));
#20098=CARTESIAN_POINT('',(-3.01208330396719,0.,125.909191079099));
#20099=CARTESIAN_POINT('',(-3.01208330396719,95.,125.909191079099));
#20100=CARTESIAN_POINT('Origin',(-5.15466181892339,0.,126.748689259256));
#20101=CARTESIAN_POINT('',(-5.15466181892339,0.,126.748689259256));
#20102=CARTESIAN_POINT('',(-5.15466181892339,0.,126.748689259256));
#20103=CARTESIAN_POINT('',(-5.15466181892339,95.,126.748689259256));
#20104=CARTESIAN_POINT('',(-5.15466181892339,95.,126.748689259256));
#20105=CARTESIAN_POINT('',(-5.15466181892339,0.,126.748689259256));
#20106=CARTESIAN_POINT('Origin',(-7.14007956711951,0.,126.507615898745));
#20107=CARTESIAN_POINT('',(-7.14007956711951,0.,126.507615898745));
#20108=CARTESIAN_POINT('',(-7.14007956711951,0.,126.507615898745));
#20109=CARTESIAN_POINT('',(-7.14007956711951,95.,126.507615898745));
#20110=CARTESIAN_POINT('',(-7.14007956711951,95.,126.507615898745));
#20111=CARTESIAN_POINT('',(-7.14007956711951,0.,126.507615898745));
#20112=CARTESIAN_POINT('Origin',(-7.01833739950083,0.,125.504978942999));
#20113=CARTESIAN_POINT('',(-7.01833739950083,0.,125.504978942999));
#20114=CARTESIAN_POINT('',(-7.01833739950083,95.,125.504978942999));
#20115=CARTESIAN_POINT('Origin',(-9.22151973053598,0.,126.169348947932));
#20116=CARTESIAN_POINT('',(-9.22151973053598,0.,126.169348947932));
#20117=CARTESIAN_POINT('',(-9.22151973053598,0.,126.169348947932));
#20118=CARTESIAN_POINT('',(-9.22151973053598,95.,126.169348947932));
#20119=CARTESIAN_POINT('',(-9.22151973053598,95.,126.169348947932));
#20120=CARTESIAN_POINT('',(-9.22151973053598,0.,126.169348947932));
#20121=CARTESIAN_POINT('Origin',(-11.1811010346205,0.,125.76929756038));
#20122=CARTESIAN_POINT('',(-11.1811010346205,0.,125.76929756038));
#20123=CARTESIAN_POINT('',(-11.1811010346205,0.,125.76929756038));
#20124=CARTESIAN_POINT('',(-11.1811010346205,95.,125.76929756038));
#20125=CARTESIAN_POINT('',(-11.1811010346205,95.,125.76929756038));
#20126=CARTESIAN_POINT('',(-11.1811010346205,0.,125.76929756038));
#20127=CARTESIAN_POINT('Origin',(-10.979074883841,0.,124.77970802183));
#20128=CARTESIAN_POINT('',(-10.979074883841,0.,124.77970802183));
#20129=CARTESIAN_POINT('',(-10.979074883841,95.,124.77970802183));
#20130=CARTESIAN_POINT('Origin',(-13.2285725481077,0.,125.264641157116));
#20131=CARTESIAN_POINT('',(-13.2285725481077,0.,125.264641157116));
#20132=CARTESIAN_POINT('',(-13.2285725481077,0.,125.264641157116));
#20133=CARTESIAN_POINT('',(-13.2285725481077,95.,125.264641157116));
#20134=CARTESIAN_POINT('',(-13.2285725481077,95.,125.264641157116));
#20135=CARTESIAN_POINT('',(-13.2285725481077,0.,125.264641157116));
#20136=CARTESIAN_POINT('Origin',(-15.1496087713704,0.,124.708206229284));
#20137=CARTESIAN_POINT('',(-15.1496087713704,0.,124.708206229284));
#20138=CARTESIAN_POINT('',(-15.1496087713704,0.,124.708206229284));
#20139=CARTESIAN_POINT('',(-15.1496087713704,95.,124.708206229284));
#20140=CARTESIAN_POINT('',(-15.1496087713704,95.,124.708206229284));
#20141=CARTESIAN_POINT('',(-15.1496087713704,0.,124.708206229284));
#20142=CARTESIAN_POINT('Origin',(-14.8686088545417,0.,123.738081975826));
#20143=CARTESIAN_POINT('',(-14.8686088545417,0.,123.738081975826));
#20144=CARTESIAN_POINT('',(-14.8686088545417,95.,123.738081975826));
#20145=CARTESIAN_POINT('Origin',(-17.1498329964839,0.,124.040433263999));
#20146=CARTESIAN_POINT('',(-17.1498329964839,0.,124.040433263999));
#20147=CARTESIAN_POINT('',(-17.1498329964839,0.,124.040433263999));
#20148=CARTESIAN_POINT('',(-17.1498329964839,95.,124.040433263999));
#20149=CARTESIAN_POINT('',(-17.1498329964839,95.,124.040433263999));
#20150=CARTESIAN_POINT('',(-17.1498329964839,0.,124.040433263999));
#20151=CARTESIAN_POINT('Origin',(-19.0198654818547,0.,123.331223489914));
#20152=CARTESIAN_POINT('',(-19.0198654818547,0.,123.331223489914));
#20153=CARTESIAN_POINT('',(-19.0198654818547,0.,123.331223489914));
#20154=CARTESIAN_POINT('',(-19.0198654818547,95.,123.331223489914));
#20155=CARTESIAN_POINT('',(-19.0198654818547,95.,123.331223489914));
#20156=CARTESIAN_POINT('',(-19.0198654818547,0.,123.331223489914));
#20157=CARTESIAN_POINT('Origin',(-18.6617141912659,0.,122.386856149598));
#20158=CARTESIAN_POINT('',(-18.6617141912659,0.,122.386856149598));
#20159=CARTESIAN_POINT('',(-18.6617141912659,95.,122.386856149598));
#20160=CARTESIAN_POINT('Origin',(-20.9598701969453,0.,122.504664726533));
#20161=CARTESIAN_POINT('',(-20.9598701969453,0.,122.504664726533));
#20162=CARTESIAN_POINT('',(-20.9598701969453,0.,122.504664726533));
#20163=CARTESIAN_POINT('',(-20.9598701969453,95.,122.504664726533));
#20164=CARTESIAN_POINT('',(-20.9598701969453,95.,122.504664726533));
#20165=CARTESIAN_POINT('',(-20.9598701969453,0.,122.504664726533));
#20166=CARTESIAN_POINT('Origin',(-22.7667710661661,0.,121.647279603726));
#20167=CARTESIAN_POINT('',(-22.7667710661661,0.,121.647279603726));
#20168=CARTESIAN_POINT('',(-22.7667710661661,0.,121.647279603726));
#20169=CARTESIAN_POINT('',(-22.7667710661661,95.,121.647279603726));
#20170=CARTESIAN_POINT('',(-22.7667710661661,95.,121.647279603726));
#20171=CARTESIAN_POINT('',(-22.7667710661661,0.,121.647279603726));
#20172=CARTESIAN_POINT('Origin',(-22.3337911503707,0.,120.734793761139));
#20173=CARTESIAN_POINT('',(-22.3337911503707,0.,120.734793761139));
#20174=CARTESIAN_POINT('',(-22.3337911503707,95.,120.734793761139));
#20175=CARTESIAN_POINT('Origin',(-24.6339745962155,0.,120.667295593006));
#20176=CARTESIAN_POINT('',(-24.6339745962155,0.,120.667295593006));
#20177=CARTESIAN_POINT('',(-24.6339745962155,0.,120.667295593006));
#20178=CARTESIAN_POINT('',(-24.6339745962155,95.,120.667295593006));
#20179=CARTESIAN_POINT('',(-24.6339745962155,95.,120.667295593006));
#20180=CARTESIAN_POINT('',(-24.6339745962155,0.,120.667295593006));
#20181=CARTESIAN_POINT('Origin',(-26.3660254037844,0.,119.667295593006));
#20182=CARTESIAN_POINT('',(-26.3660254037844,0.,119.667295593006));
#20183=CARTESIAN_POINT('',(-26.3660254037844,0.,119.667295593006));
#20184=CARTESIAN_POINT('',(-26.3660254037844,95.,119.667295593006));
#20185=CARTESIAN_POINT('',(-26.3660254037844,95.,119.667295593006));
#20186=CARTESIAN_POINT('',(-26.3660254037844,0.,119.667295593006));
#20187=CARTESIAN_POINT('Origin',(-25.8610249036844,0.,118.792609068985));
#20188=CARTESIAN_POINT('',(-25.8610249036844,0.,118.792609068985));
#20189=CARTESIAN_POINT('',(-25.8610249036844,95.,118.792609068985));
#20190=CARTESIAN_POINT('Origin',(-28.1483182173953,0.,118.540241907308));
#20191=CARTESIAN_POINT('',(-28.1483182173953,0.,118.540241907308));
#20192=CARTESIAN_POINT('',(-28.1483182173953,0.,118.540241907308));
#20193=CARTESIAN_POINT('',(-28.1483182173953,95.,118.540241907308));
#20194=CARTESIAN_POINT('',(-28.1483182173953,95.,118.540241907308));
#20195=CARTESIAN_POINT('',(-28.1483182173953,0.,118.540241907308));
#20196=CARTESIAN_POINT('Origin',(-29.7942859491826,0.,117.404112413845));
#20197=CARTESIAN_POINT('',(-29.7942859491826,0.,117.404112413845));
#20198=CARTESIAN_POINT('',(-29.7942859491826,0.,117.404112413845));
#20199=CARTESIAN_POINT('',(-29.7942859491826,95.,117.404112413845));
#20200=CARTESIAN_POINT('',(-29.7942859491826,95.,117.404112413845));
#20201=CARTESIAN_POINT('',(-29.7942859491826,0.,117.404112413845));
#20202=CARTESIAN_POINT('Origin',(-29.2205399868057,0.,116.572897886144));
#20203=CARTESIAN_POINT('',(-29.2205399868057,0.,116.572897886144));
#20204=CARTESIAN_POINT('',(-29.2205399868057,95.,116.572897886144));
#20205=CARTESIAN_POINT('Origin',(-31.4801091935366,0.,116.137298428806));
#20206=CARTESIAN_POINT('',(-31.4801091935366,0.,116.137298428806));
#20207=CARTESIAN_POINT('',(-31.4801091935366,0.,116.137298428806));
#20208=CARTESIAN_POINT('',(-31.4801091935366,95.,116.137298428806));
#20209=CARTESIAN_POINT('',(-31.4801091935366,95.,116.137298428806));
#20210=CARTESIAN_POINT('',(-31.4801091935366,0.,116.137298428806));
#20211=CARTESIAN_POINT('Origin',(-33.0293191171919,0.,114.872407677615));
#20212=CARTESIAN_POINT('',(-33.0293191171919,0.,114.872407677615));
#20213=CARTESIAN_POINT('',(-33.0293191171919,0.,114.872407677615));
#20214=CARTESIAN_POINT('',(-33.0293191171919,95.,114.872407677615));
#20215=CARTESIAN_POINT('',(-33.0293191171919,95.,114.872407677615));
#20216=CARTESIAN_POINT('',(-33.0293191171919,0.,114.872407677615));
#20217=CARTESIAN_POINT('Origin',(-32.3905486552687,0.,114.090055891409));
#20218=CARTESIAN_POINT('',(-32.3905486552687,0.,114.090055891409));
#20219=CARTESIAN_POINT('',(-32.3905486552687,95.,114.090055891409));
#20220=CARTESIAN_POINT('Origin',(-34.6077395816457,0.,113.474049168044));
#20221=CARTESIAN_POINT('',(-34.6077395816457,0.,113.474049168044));
#20222=CARTESIAN_POINT('',(-34.6077395816457,0.,113.474049168044));
#20223=CARTESIAN_POINT('',(-34.6077395816457,95.,113.474049168044));
#20224=CARTESIAN_POINT('',(-34.6077395816457,95.,113.474049168044));
#20225=CARTESIAN_POINT('',(-34.6077395816457,0.,113.474049168044));
#20226=CARTESIAN_POINT('Origin',(-36.0501444763334,0.,112.088600461025));
#20227=CARTESIAN_POINT('',(-36.0501444763334,0.,112.088600461025));
#20228=CARTESIAN_POINT('',(-36.0501444763334,0.,112.088600461025));
#20229=CARTESIAN_POINT('',(-36.0501444763334,95.,112.088600461025));
#20230=CARTESIAN_POINT('',(-36.0501444763334,95.,112.088600461025));
#20231=CARTESIAN_POINT('',(-36.0501444763334,0.,112.088600461025));
#20232=CARTESIAN_POINT('Origin',(-35.3504921864258,0.,111.360185267861));
#20233=CARTESIAN_POINT('',(-35.3504921864258,0.,111.360185267861));
#20234=CARTESIAN_POINT('',(-35.3504921864258,95.,111.360185267861));
#20235=CARTESIAN_POINT('Origin',(-37.5109254984853,0.,110.567766318452));
#20236=CARTESIAN_POINT('',(-37.5109254984853,0.,110.567766318452));
#20237=CARTESIAN_POINT('',(-37.5109254984853,0.,110.567766318452));
#20238=CARTESIAN_POINT('',(-37.5109254984853,95.,110.567766318452));
#20239=CARTESIAN_POINT('',(-37.5109254984853,95.,110.567766318452));
#20240=CARTESIAN_POINT('',(-37.5109254984853,0.,110.567766318452));
#20241=CARTESIAN_POINT('Origin',(-38.8371708149669,0.,109.070744822109));
#20242=CARTESIAN_POINT('',(-38.8371708149669,0.,109.070744822109));
#20243=CARTESIAN_POINT('',(-38.8371708149669,0.,109.070744822109));
#20244=CARTESIAN_POINT('',(-38.8371708149669,95.,109.070744822109));
#20245=CARTESIAN_POINT('',(-38.8371708149669,95.,109.070744822109));
#20246=CARTESIAN_POINT('',(-38.8371708149669,0.,109.070744822109));
#20247=CARTESIAN_POINT('Origin',(-38.0811742106536,0.,108.400990274031));
#20248=CARTESIAN_POINT('',(-38.0811742106536,0.,108.400990274031));
#20249=CARTESIAN_POINT('',(-38.0811742106536,95.,108.400990274031));
#20250=CARTESIAN_POINT('Origin',(-40.1708386693405,0.,107.43729823954));
#20251=CARTESIAN_POINT('',(-40.1708386693405,0.,107.43729823954));
#20252=CARTESIAN_POINT('',(-40.1708386693405,0.,107.43729823954));
#20253=CARTESIAN_POINT('',(-40.1708386693405,95.,107.43729823954));
#20254=CARTESIAN_POINT('',(-40.1708386693405,95.,107.43729823954));
#20255=CARTESIAN_POINT('',(-40.1708386693405,0.,107.43729823954));
#20256=CARTESIAN_POINT('Origin',(-41.3723231978165,0.,105.838412712733));
#20257=CARTESIAN_POINT('',(-41.3723231978165,0.,105.838412712733));
#20258=CARTESIAN_POINT('',(-41.3723231978165,0.,105.838412712733));
#20259=CARTESIAN_POINT('',(-41.3723231978165,95.,105.838412712733));
#20260=CARTESIAN_POINT('',(-41.3723231978165,95.,105.838412712733));
#20261=CARTESIAN_POINT('',(-41.3723231978165,0.,105.838412712733));
#20262=CARTESIAN_POINT('Origin',(-40.5648852071763,0.,105.231662424991));
#20263=CARTESIAN_POINT('',(-40.5648852071763,0.,105.231662424991));
#20264=CARTESIAN_POINT('',(-40.5648852071763,95.,105.231662424991));
#20265=CARTESIAN_POINT('Origin',(-42.5702285366057,0.,104.102947218062));
#20266=CARTESIAN_POINT('',(-42.5702285366057,0.,104.102947218062));
#20267=CARTESIAN_POINT('',(-42.5702285366057,0.,104.102947218062));
#20268=CARTESIAN_POINT('',(-42.5702285366057,95.,104.102947218062));
#20269=CARTESIAN_POINT('',(-42.5702285366057,95.,104.102947218062));
#20270=CARTESIAN_POINT('',(-42.5702285366057,0.,104.102947218062));
#20271=CARTESIAN_POINT('Origin',(-43.6391601888613,0.,102.412567046974));
#20272=CARTESIAN_POINT('',(-43.6391601888613,0.,102.412567046974));
#20273=CARTESIAN_POINT('',(-43.6391601888613,0.,102.412567046974));
#20274=CARTESIAN_POINT('',(-43.6391601888613,95.,102.412567046974));
#20275=CARTESIAN_POINT('',(-43.6391601888613,95.,102.412567046974));
#20276=CARTESIAN_POINT('',(-43.6391601888613,0.,102.412567046974));
#20277=CARTESIAN_POINT('Origin',(-42.7855173571029,0.,101.872756028012));
#20278=CARTESIAN_POINT('',(-42.7855173571029,0.,101.872756028012));
#20279=CARTESIAN_POINT('',(-42.7855173571029,95.,101.872756028012));
#20280=CARTESIAN_POINT('Origin',(-44.6935341362699,0.,100.586337799885));
#20281=CARTESIAN_POINT('',(-44.6935341362699,0.,100.586337799885));
#20282=CARTESIAN_POINT('',(-44.6935341362699,0.,100.586337799885));
#20283=CARTESIAN_POINT('',(-44.6935341362699,95.,100.586337799885));
#20284=CARTESIAN_POINT('',(-44.6935341362699,95.,100.586337799885));
#20285=CARTESIAN_POINT('',(-44.6935341362699,0.,100.586337799885));
#20286=CARTESIAN_POINT('Origin',(-45.6229804803575,0.,98.815425748579));
#20287=CARTESIAN_POINT('',(-45.6229804803575,0.,98.815425748579));
#20288=CARTESIAN_POINT('',(-45.6229804803575,0.,98.815425748579));
#20289=CARTESIAN_POINT('',(-45.6229804803575,95.,98.815425748579));
#20290=CARTESIAN_POINT('',(-45.6229804803575,95.,98.815425748579));
#20291=CARTESIAN_POINT('',(-45.6229804803575,0.,98.815425748579));
#20292=CARTESIAN_POINT('Origin',(-44.7286690088146,0.,98.3460548799987));
#20293=CARTESIAN_POINT('',(-44.7286690088146,0.,98.3460548799987));
#20294=CARTESIAN_POINT('',(-44.7286690088146,95.,98.3460548799987));
#20295=CARTESIAN_POINT('Origin',(-46.52698501674,0.,96.9102765465227));
#20296=CARTESIAN_POINT('',(-46.52698501674,0.,96.9102765465227));
#20297=CARTESIAN_POINT('',(-46.52698501674,0.,96.9102765465227));
#20298=CARTESIAN_POINT('',(-46.52698501674,95.,96.9102765465227));
#20299=CARTESIAN_POINT('',(-46.52698501674,95.,96.9102765465227));
#20300=CARTESIAN_POINT('',(-46.52698501674,0.,96.9102765465227));
#20301=CARTESIAN_POINT('Origin',(-47.3109182364601,0.,95.070317659205));
#20302=CARTESIAN_POINT('',(-47.3109182364601,0.,95.070317659205));
#20303=CARTESIAN_POINT('',(-47.3109182364601,0.,95.070317659205));
#20304=CARTESIAN_POINT('',(-47.3109182364601,95.,95.070317659205));
#20305=CARTESIAN_POINT('',(-47.3109182364601,95.,95.070317659205));
#20306=CARTESIAN_POINT('',(-47.3109182364601,0.,95.070317659205));
#20307=CARTESIAN_POINT('Origin',(-46.3817380782012,0.,94.6744309912013));
#20308=CARTESIAN_POINT('',(-46.3817380782012,0.,94.6744309912013));
#20309=CARTESIAN_POINT('',(-46.3817380782012,95.,94.6744309912013));
#20310=CARTESIAN_POINT('Origin',(-48.0586905455029,0.,93.0986041258223));
#20311=CARTESIAN_POINT('',(-48.0586905455029,0.,93.0986041258223));
#20312=CARTESIAN_POINT('',(-48.0586905455029,0.,93.0986041258223));
#20313=CARTESIAN_POINT('',(-48.0586905455029,95.,93.0986041258223));
#20314=CARTESIAN_POINT('',(-48.0586905455029,95.,93.0986041258223));
#20315=CARTESIAN_POINT('',(-48.0586905455029,0.,93.0986041258223));
#20316=CARTESIAN_POINT('Origin',(-48.6920265331059,0.,91.201531241928));
#20317=CARTESIAN_POINT('',(-48.6920265331059,0.,91.201531241928));
#20318=CARTESIAN_POINT('',(-48.6920265331059,0.,91.201531241928));
#20319=CARTESIAN_POINT('',(-48.6920265331059,95.,91.201531241928));
#20320=CARTESIAN_POINT('',(-48.6920265331059,95.,91.201531241928));
#20321=CARTESIAN_POINT('',(-48.6920265331059,0.,91.201531241928));
#20322=CARTESIAN_POINT('Origin',(-47.7340037780131,0.,90.8816962514572));
#20323=CARTESIAN_POINT('',(-47.7340037780131,0.,90.8816962514572));
#20324=CARTESIAN_POINT('',(-47.7340037780131,95.,90.8816962514572));
#20325=CARTESIAN_POINT('Origin',(-49.2787170244411,0.,89.1760406960915));
#20326=CARTESIAN_POINT('',(-49.2787170244411,0.,89.1760406960915));
#20327=CARTESIAN_POINT('',(-49.2787170244411,0.,89.1760406960915));
#20328=CARTESIAN_POINT('',(-49.2787170244411,95.,89.1760406960915));
#20329=CARTESIAN_POINT('',(-49.2787170244411,95.,89.1760406960915));
#20330=CARTESIAN_POINT('',(-49.2787170244411,0.,89.1760406960915));
#20331=CARTESIAN_POINT('Origin',(-49.7573483530162,0.,87.2341570612394));
#20332=CARTESIAN_POINT('',(-49.7573483530162,0.,87.2341570612394));
#20333=CARTESIAN_POINT('',(-49.7573483530162,0.,87.2341570612394));
#20334=CARTESIAN_POINT('',(-49.7573483530162,95.,87.2341570612394));
#20335=CARTESIAN_POINT('',(-49.7573483530162,95.,87.2341570612394));
#20336=CARTESIAN_POINT('',(-49.7573483530162,0.,87.2341570612394));
#20337=CARTESIAN_POINT('Origin',(-48.7766961462799,0.,86.9924480009455));
#20338=CARTESIAN_POINT('',(-48.7766961462799,0.,86.9924480009455));
#20339=CARTESIAN_POINT('',(-48.7766961462799,95.,86.9924480009455));
#20340=CARTESIAN_POINT('Origin',(-50.1791521136758,0.,85.1680255863837));
#20341=CARTESIAN_POINT('',(-50.1791521136758,0.,85.1680255863837));
#20342=CARTESIAN_POINT('',(-50.1791521136758,0.,85.1680255863837));
#20343=CARTESIAN_POINT('',(-50.1791521136758,95.,85.1680255863837));
#20344=CARTESIAN_POINT('',(-50.1791521136758,95.,85.1680255863837));
#20345=CARTESIAN_POINT('',(-50.1791521136758,0.,85.1680255863837));
#20346=CARTESIAN_POINT('Origin',(-50.4999746753913,0.,83.1939250611079));
#20347=CARTESIAN_POINT('',(-50.4999746753913,0.,83.1939250611079));
#20348=CARTESIAN_POINT('',(-50.4999746753913,0.,83.1939250611079));
#20349=CARTESIAN_POINT('',(-50.4999746753913,95.,83.1939250611079));
#20350=CARTESIAN_POINT('',(-50.4999746753913,95.,83.1939250611079));
#20351=CARTESIAN_POINT('',(-50.4999746753913,0.,83.1939250611079));
#20352=CARTESIAN_POINT('Origin',(-49.5030529228793,0.,83.0319095069982));
#20353=CARTESIAN_POINT('',(-49.5030529228793,0.,83.0319095069982));
#20354=CARTESIAN_POINT('',(-49.5030529228793,95.,83.0319095069982));
#20355=CARTESIAN_POINT('Origin',(-50.754156146128,0.,81.1005523126873));
#20356=CARTESIAN_POINT('',(-50.754156146128,0.,81.1005523126873));
#20357=CARTESIAN_POINT('',(-50.754156146128,0.,81.1005523126873));
#20358=CARTESIAN_POINT('',(-50.754156146128,95.,81.1005523126873));
#20359=CARTESIAN_POINT('',(-50.754156146128,95.,81.1005523126873));
#20360=CARTESIAN_POINT('',(-50.754156146128,0.,81.1005523126873));
#20361=CARTESIAN_POINT('Origin',(-50.9150892835614,0.,79.1070376964189));
#20362=CARTESIAN_POINT('',(-50.9150892835614,0.,79.1070376964189));
#20363=CARTESIAN_POINT('',(-50.9150892835614,0.,79.1070376964189));
#20364=CARTESIAN_POINT('',(-50.9150892835614,95.,79.1070376964189));
#20365=CARTESIAN_POINT('',(-50.9150892835614,95.,79.1070376964189));
#20366=CARTESIAN_POINT('',(-50.9150892835614,0.,79.1070376964189));
#20367=CARTESIAN_POINT('Origin',(-49.9083634053892,0.,79.0257663815323));
#20368=CARTESIAN_POINT('',(-49.9083634053892,0.,79.0257663815323));
#20369=CARTESIAN_POINT('',(-49.9083634053892,95.,79.0257663815323));
#20370=CARTESIAN_POINT('Origin',(-51.,0.,77.0000000000001));
#20371=CARTESIAN_POINT('',(-51.,0.,77.0000000000001));
#20372=CARTESIAN_POINT('',(-51.,0.,77.0000000000001));
#20373=CARTESIAN_POINT('',(-51.,95.,77.0000000000001));
#20374=CARTESIAN_POINT('',(-51.,95.,77.0000000000001));
#20375=CARTESIAN_POINT('',(-51.,0.,77.0000000000001));
#20376=CARTESIAN_POINT('Origin',(-51.,0.,75.));
#20377=CARTESIAN_POINT('',(-51.,0.,75.));
#20378=CARTESIAN_POINT('',(-51.,0.,75.));
#20379=CARTESIAN_POINT('',(-51.,95.,75.));
#20380=CARTESIAN_POINT('',(-51.,95.,75.));
#20381=CARTESIAN_POINT('',(-51.,0.,75.));
#20382=CARTESIAN_POINT('Origin',(-49.9899989998,0.,75.));
#20383=CARTESIAN_POINT('',(-49.9899989998,0.,75.));
#20384=CARTESIAN_POINT('',(-49.9899989998,95.,75.));
#20385=CARTESIAN_POINT('Origin',(51.,0.,-75.));
#20386=CARTESIAN_POINT('',(51.,0.,-75.));
#20387=CARTESIAN_POINT('',(51.,0.,-75.));
#20388=CARTESIAN_POINT('',(51.,95.,-75.));
#20389=CARTESIAN_POINT('',(51.,0.,-75.));
#20390=CARTESIAN_POINT('',(51.,95.,-75.));
#20391=CARTESIAN_POINT('Origin',(51.,0.,-77.));
#20392=CARTESIAN_POINT('',(51.,0.,-77.));
#20393=CARTESIAN_POINT('',(51.,0.,-77.));
#20394=CARTESIAN_POINT('',(51.,95.,-77.));
#20395=CARTESIAN_POINT('',(51.,0.,-77.));
#20396=CARTESIAN_POINT('',(51.,95.,-77.));
#20397=CARTESIAN_POINT('Origin',(49.9899989998,0.,-77.));
#20398=CARTESIAN_POINT('',(49.9899989998,0.,-77.));
#20399=CARTESIAN_POINT('',(49.9899989998,95.,-77.));
#20400=CARTESIAN_POINT('Origin',(51.,0.,-71.));
#20401=CARTESIAN_POINT('',(51.,0.,-71.));
#20402=CARTESIAN_POINT('',(51.,0.,-71.));
#20403=CARTESIAN_POINT('',(51.,95.,-71.));
#20404=CARTESIAN_POINT('',(51.,0.,-71.));
#20405=CARTESIAN_POINT('',(51.,95.,-71.));
#20406=CARTESIAN_POINT('Origin',(51.,0.,-73.));
#20407=CARTESIAN_POINT('',(51.,0.,-73.));
#20408=CARTESIAN_POINT('',(51.,0.,-73.));
#20409=CARTESIAN_POINT('',(51.,95.,-73.));
#20410=CARTESIAN_POINT('',(51.,0.,-73.));
#20411=CARTESIAN_POINT('',(51.,95.,-73.));
#20412=CARTESIAN_POINT('Origin',(49.9899989998,0.,-73.));
#20413=CARTESIAN_POINT('',(49.9899989998,95.,-73.));
#20414=CARTESIAN_POINT('',(49.9899989998,0.,-73.));
#20415=CARTESIAN_POINT('Origin',(51.,0.,-67.));
#20416=CARTESIAN_POINT('',(51.,0.,-67.));
#20417=CARTESIAN_POINT('',(51.,0.,-67.));
#20418=CARTESIAN_POINT('',(51.,95.,-67.));
#20419=CARTESIAN_POINT('',(51.,0.,-67.));
#20420=CARTESIAN_POINT('',(51.,95.,-67.));
#20421=CARTESIAN_POINT('Origin',(51.,0.,-69.));
#20422=CARTESIAN_POINT('',(51.,0.,-69.));
#20423=CARTESIAN_POINT('',(51.,0.,-69.));
#20424=CARTESIAN_POINT('',(51.,95.,-69.));
#20425=CARTESIAN_POINT('',(51.,0.,-69.));
#20426=CARTESIAN_POINT('',(51.,95.,-69.));
#20427=CARTESIAN_POINT('Origin',(49.9899989998,0.,-69.));
#20428=CARTESIAN_POINT('',(49.9899989998,95.,-69.));
#20429=CARTESIAN_POINT('',(49.9899989998,0.,-69.));
#20430=CARTESIAN_POINT('Origin',(51.,0.,-63.));
#20431=CARTESIAN_POINT('',(51.,0.,-63.));
#20432=CARTESIAN_POINT('',(51.,0.,-63.));
#20433=CARTESIAN_POINT('',(51.,95.,-63.));
#20434=CARTESIAN_POINT('',(51.,0.,-63.));
#20435=CARTESIAN_POINT('',(51.,95.,-63.));
#20436=CARTESIAN_POINT('Origin',(51.,0.,-65.));
#20437=CARTESIAN_POINT('',(51.,0.,-65.));
#20438=CARTESIAN_POINT('',(51.,0.,-65.));
#20439=CARTESIAN_POINT('',(51.,95.,-65.));
#20440=CARTESIAN_POINT('',(51.,0.,-65.));
#20441=CARTESIAN_POINT('',(51.,95.,-65.));
#20442=CARTESIAN_POINT('Origin',(49.9899989998,0.,-65.));
#20443=CARTESIAN_POINT('',(49.9899989998,95.,-65.));
#20444=CARTESIAN_POINT('',(49.9899989998,0.,-65.));
#20445=CARTESIAN_POINT('Origin',(51.,0.,-59.));
#20446=CARTESIAN_POINT('',(51.,0.,-59.));
#20447=CARTESIAN_POINT('',(51.,0.,-59.));
#20448=CARTESIAN_POINT('',(51.,95.,-59.));
#20449=CARTESIAN_POINT('',(51.,0.,-59.));
#20450=CARTESIAN_POINT('',(51.,95.,-59.));
#20451=CARTESIAN_POINT('Origin',(51.,0.,-61.));
#20452=CARTESIAN_POINT('',(51.,0.,-61.));
#20453=CARTESIAN_POINT('',(51.,0.,-61.));
#20454=CARTESIAN_POINT('',(51.,95.,-61.));
#20455=CARTESIAN_POINT('',(51.,0.,-61.));
#20456=CARTESIAN_POINT('',(51.,95.,-61.));
#20457=CARTESIAN_POINT('Origin',(49.9899989998,0.,-61.));
#20458=CARTESIAN_POINT('',(49.9899989998,95.,-61.));
#20459=CARTESIAN_POINT('',(49.9899989998,0.,-61.));
#20460=CARTESIAN_POINT('Origin',(51.,0.,-55.));
#20461=CARTESIAN_POINT('',(51.,0.,-55.));
#20462=CARTESIAN_POINT('',(51.,0.,-55.));
#20463=CARTESIAN_POINT('',(51.,95.,-55.));
#20464=CARTESIAN_POINT('',(51.,0.,-55.));
#20465=CARTESIAN_POINT('',(51.,95.,-55.));
#20466=CARTESIAN_POINT('Origin',(51.,0.,-57.));
#20467=CARTESIAN_POINT('',(51.,0.,-57.));
#20468=CARTESIAN_POINT('',(51.,0.,-57.));
#20469=CARTESIAN_POINT('',(51.,95.,-57.));
#20470=CARTESIAN_POINT('',(51.,0.,-57.));
#20471=CARTESIAN_POINT('',(51.,95.,-57.));
#20472=CARTESIAN_POINT('Origin',(49.9899989998,0.,-57.));
#20473=CARTESIAN_POINT('',(49.9899989998,95.,-57.));
#20474=CARTESIAN_POINT('',(49.9899989998,0.,-57.));
#20475=CARTESIAN_POINT('Origin',(51.,0.,-51.));
#20476=CARTESIAN_POINT('',(51.,0.,-51.));
#20477=CARTESIAN_POINT('',(51.,0.,-51.));
#20478=CARTESIAN_POINT('',(51.,95.,-51.));
#20479=CARTESIAN_POINT('',(51.,0.,-51.));
#20480=CARTESIAN_POINT('',(51.,95.,-51.));
#20481=CARTESIAN_POINT('Origin',(51.,0.,-53.));
#20482=CARTESIAN_POINT('',(51.,0.,-53.));
#20483=CARTESIAN_POINT('',(51.,0.,-53.));
#20484=CARTESIAN_POINT('',(51.,95.,-53.));
#20485=CARTESIAN_POINT('',(51.,0.,-53.));
#20486=CARTESIAN_POINT('',(51.,95.,-53.));
#20487=CARTESIAN_POINT('Origin',(49.9899989998,0.,-53.));
#20488=CARTESIAN_POINT('',(49.9899989998,95.,-53.));
#20489=CARTESIAN_POINT('',(49.9899989998,0.,-53.));
#20490=CARTESIAN_POINT('Origin',(51.,0.,-47.));
#20491=CARTESIAN_POINT('',(51.,0.,-47.));
#20492=CARTESIAN_POINT('',(51.,0.,-47.));
#20493=CARTESIAN_POINT('',(51.,95.,-47.));
#20494=CARTESIAN_POINT('',(51.,0.,-47.));
#20495=CARTESIAN_POINT('',(51.,95.,-47.));
#20496=CARTESIAN_POINT('Origin',(51.,0.,-49.));
#20497=CARTESIAN_POINT('',(51.,0.,-49.));
#20498=CARTESIAN_POINT('',(51.,0.,-49.));
#20499=CARTESIAN_POINT('',(51.,95.,-49.));
#20500=CARTESIAN_POINT('',(51.,0.,-49.));
#20501=CARTESIAN_POINT('',(51.,95.,-49.));
#20502=CARTESIAN_POINT('Origin',(49.9899989998,0.,-49.));
#20503=CARTESIAN_POINT('',(49.9899989998,95.,-49.));
#20504=CARTESIAN_POINT('',(49.9899989998,0.,-49.));
#20505=CARTESIAN_POINT('Origin',(51.,0.,-43.));
#20506=CARTESIAN_POINT('',(51.,0.,-43.));
#20507=CARTESIAN_POINT('',(51.,0.,-43.));
#20508=CARTESIAN_POINT('',(51.,95.,-43.));
#20509=CARTESIAN_POINT('',(51.,0.,-43.));
#20510=CARTESIAN_POINT('',(51.,95.,-43.));
#20511=CARTESIAN_POINT('Origin',(51.,0.,-45.));
#20512=CARTESIAN_POINT('',(51.,0.,-45.));
#20513=CARTESIAN_POINT('',(51.,0.,-45.));
#20514=CARTESIAN_POINT('',(51.,95.,-45.));
#20515=CARTESIAN_POINT('',(51.,0.,-45.));
#20516=CARTESIAN_POINT('',(51.,95.,-45.));
#20517=CARTESIAN_POINT('Origin',(49.9899989998,0.,-45.));
#20518=CARTESIAN_POINT('',(49.9899989998,95.,-45.));
#20519=CARTESIAN_POINT('',(49.9899989998,0.,-45.));
#20520=CARTESIAN_POINT('Origin',(51.,0.,-39.));
#20521=CARTESIAN_POINT('',(51.,0.,-39.));
#20522=CARTESIAN_POINT('',(51.,0.,-39.));
#20523=CARTESIAN_POINT('',(51.,95.,-39.));
#20524=CARTESIAN_POINT('',(51.,0.,-39.));
#20525=CARTESIAN_POINT('',(51.,95.,-39.));
#20526=CARTESIAN_POINT('Origin',(51.,0.,-41.));
#20527=CARTESIAN_POINT('',(51.,0.,-41.));
#20528=CARTESIAN_POINT('',(51.,0.,-41.));
#20529=CARTESIAN_POINT('',(51.,95.,-41.));
#20530=CARTESIAN_POINT('',(51.,0.,-41.));
#20531=CARTESIAN_POINT('',(51.,95.,-41.));
#20532=CARTESIAN_POINT('Origin',(49.9899989998,0.,-41.));
#20533=CARTESIAN_POINT('',(49.9899989998,95.,-41.));
#20534=CARTESIAN_POINT('',(49.9899989998,0.,-41.));
#20535=CARTESIAN_POINT('Origin',(51.,0.,-35.));
#20536=CARTESIAN_POINT('',(51.,0.,-35.));
#20537=CARTESIAN_POINT('',(51.,0.,-35.));
#20538=CARTESIAN_POINT('',(51.,95.,-35.));
#20539=CARTESIAN_POINT('',(51.,0.,-35.));
#20540=CARTESIAN_POINT('',(51.,95.,-35.));
#20541=CARTESIAN_POINT('Origin',(51.,0.,-37.));
#20542=CARTESIAN_POINT('',(51.,0.,-37.));
#20543=CARTESIAN_POINT('',(51.,0.,-37.));
#20544=CARTESIAN_POINT('',(51.,95.,-37.));
#20545=CARTESIAN_POINT('',(51.,0.,-37.));
#20546=CARTESIAN_POINT('',(51.,95.,-37.));
#20547=CARTESIAN_POINT('Origin',(49.9899989998,0.,-37.));
#20548=CARTESIAN_POINT('',(49.9899989998,95.,-37.));
#20549=CARTESIAN_POINT('',(49.9899989998,0.,-37.));
#20550=CARTESIAN_POINT('Origin',(51.,0.,-31.));
#20551=CARTESIAN_POINT('',(51.,0.,-31.));
#20552=CARTESIAN_POINT('',(51.,0.,-31.));
#20553=CARTESIAN_POINT('',(51.,95.,-31.));
#20554=CARTESIAN_POINT('',(51.,0.,-31.));
#20555=CARTESIAN_POINT('',(51.,95.,-31.));
#20556=CARTESIAN_POINT('Origin',(51.,0.,-33.));
#20557=CARTESIAN_POINT('',(51.,0.,-33.));
#20558=CARTESIAN_POINT('',(51.,0.,-33.));
#20559=CARTESIAN_POINT('',(51.,95.,-33.));
#20560=CARTESIAN_POINT('',(51.,0.,-33.));
#20561=CARTESIAN_POINT('',(51.,95.,-33.));
#20562=CARTESIAN_POINT('Origin',(49.9899989998,0.,-33.));
#20563=CARTESIAN_POINT('',(49.9899989998,95.,-33.));
#20564=CARTESIAN_POINT('',(49.9899989998,0.,-33.));
#20565=CARTESIAN_POINT('Origin',(51.,0.,-27.));
#20566=CARTESIAN_POINT('',(51.,0.,-27.));
#20567=CARTESIAN_POINT('',(51.,0.,-27.));
#20568=CARTESIAN_POINT('',(51.,95.,-27.));
#20569=CARTESIAN_POINT('',(51.,0.,-27.));
#20570=CARTESIAN_POINT('',(51.,95.,-27.));
#20571=CARTESIAN_POINT('Origin',(51.,0.,-29.));
#20572=CARTESIAN_POINT('',(51.,0.,-29.));
#20573=CARTESIAN_POINT('',(51.,0.,-29.));
#20574=CARTESIAN_POINT('',(51.,95.,-29.));
#20575=CARTESIAN_POINT('',(51.,0.,-29.));
#20576=CARTESIAN_POINT('',(51.,95.,-29.));
#20577=CARTESIAN_POINT('Origin',(49.9899989998,0.,-29.));
#20578=CARTESIAN_POINT('',(49.9899989998,95.,-29.));
#20579=CARTESIAN_POINT('',(49.9899989998,0.,-29.));
#20580=CARTESIAN_POINT('Origin',(51.,0.,-23.));
#20581=CARTESIAN_POINT('',(51.,0.,-23.));
#20582=CARTESIAN_POINT('',(51.,0.,-23.));
#20583=CARTESIAN_POINT('',(51.,95.,-23.));
#20584=CARTESIAN_POINT('',(51.,0.,-23.));
#20585=CARTESIAN_POINT('',(51.,95.,-23.));
#20586=CARTESIAN_POINT('Origin',(51.,0.,-25.));
#20587=CARTESIAN_POINT('',(51.,0.,-25.));
#20588=CARTESIAN_POINT('',(51.,0.,-25.));
#20589=CARTESIAN_POINT('',(51.,95.,-25.));
#20590=CARTESIAN_POINT('',(51.,0.,-25.));
#20591=CARTESIAN_POINT('',(51.,95.,-25.));
#20592=CARTESIAN_POINT('Origin',(49.9899989998,0.,-25.));
#20593=CARTESIAN_POINT('',(49.9899989998,95.,-25.));
#20594=CARTESIAN_POINT('',(49.9899989998,0.,-25.));
#20595=CARTESIAN_POINT('Origin',(51.,0.,-19.));
#20596=CARTESIAN_POINT('',(51.,0.,-19.));
#20597=CARTESIAN_POINT('',(51.,0.,-19.));
#20598=CARTESIAN_POINT('',(51.,95.,-19.));
#20599=CARTESIAN_POINT('',(51.,0.,-19.));
#20600=CARTESIAN_POINT('',(51.,95.,-19.));
#20601=CARTESIAN_POINT('Origin',(51.,0.,-21.));
#20602=CARTESIAN_POINT('',(51.,0.,-21.));
#20603=CARTESIAN_POINT('',(51.,0.,-21.));
#20604=CARTESIAN_POINT('',(51.,95.,-21.));
#20605=CARTESIAN_POINT('',(51.,0.,-21.));
#20606=CARTESIAN_POINT('',(51.,95.,-21.));
#20607=CARTESIAN_POINT('Origin',(49.9899989998,0.,-21.));
#20608=CARTESIAN_POINT('',(49.9899989998,95.,-21.));
#20609=CARTESIAN_POINT('',(49.9899989998,0.,-21.));
#20610=CARTESIAN_POINT('Origin',(51.,0.,-15.));
#20611=CARTESIAN_POINT('',(51.,0.,-15.));
#20612=CARTESIAN_POINT('',(51.,0.,-15.));
#20613=CARTESIAN_POINT('',(51.,95.,-15.));
#20614=CARTESIAN_POINT('',(51.,0.,-15.));
#20615=CARTESIAN_POINT('',(51.,95.,-15.));
#20616=CARTESIAN_POINT('Origin',(51.,0.,-17.));
#20617=CARTESIAN_POINT('',(51.,0.,-17.));
#20618=CARTESIAN_POINT('',(51.,0.,-17.));
#20619=CARTESIAN_POINT('',(51.,95.,-17.));
#20620=CARTESIAN_POINT('',(51.,0.,-17.));
#20621=CARTESIAN_POINT('',(51.,95.,-17.));
#20622=CARTESIAN_POINT('Origin',(49.9899989998,0.,-17.));
#20623=CARTESIAN_POINT('',(49.9899989998,95.,-17.));
#20624=CARTESIAN_POINT('',(49.9899989998,0.,-17.));
#20625=CARTESIAN_POINT('Origin',(51.,0.,-11.));
#20626=CARTESIAN_POINT('',(51.,0.,-11.));
#20627=CARTESIAN_POINT('',(51.,0.,-11.));
#20628=CARTESIAN_POINT('',(51.,95.,-11.));
#20629=CARTESIAN_POINT('',(51.,0.,-11.));
#20630=CARTESIAN_POINT('',(51.,95.,-11.));
#20631=CARTESIAN_POINT('Origin',(51.,0.,-13.));
#20632=CARTESIAN_POINT('',(51.,0.,-13.));
#20633=CARTESIAN_POINT('',(51.,0.,-13.));
#20634=CARTESIAN_POINT('',(51.,95.,-13.));
#20635=CARTESIAN_POINT('',(51.,0.,-13.));
#20636=CARTESIAN_POINT('',(51.,95.,-13.));
#20637=CARTESIAN_POINT('Origin',(49.9899989998,0.,-13.));
#20638=CARTESIAN_POINT('',(49.9899989998,95.,-13.));
#20639=CARTESIAN_POINT('',(49.9899989998,0.,-13.));
#20640=CARTESIAN_POINT('Origin',(51.,0.,-6.99999999999998));
#20641=CARTESIAN_POINT('',(51.,0.,-6.99999999999998));
#20642=CARTESIAN_POINT('',(51.,0.,-6.99999999999998));
#20643=CARTESIAN_POINT('',(51.,95.,-6.99999999999998));
#20644=CARTESIAN_POINT('',(51.,0.,-6.99999999999998));
#20645=CARTESIAN_POINT('',(51.,95.,-6.99999999999998));
#20646=CARTESIAN_POINT('Origin',(51.,0.,-8.99999999999998));
#20647=CARTESIAN_POINT('',(51.,0.,-8.99999999999998));
#20648=CARTESIAN_POINT('',(51.,0.,-8.99999999999998));
#20649=CARTESIAN_POINT('',(51.,95.,-8.99999999999998));
#20650=CARTESIAN_POINT('',(51.,0.,-8.99999999999998));
#20651=CARTESIAN_POINT('',(51.,95.,-8.99999999999998));
#20652=CARTESIAN_POINT('Origin',(49.9899989998,0.,-8.99999999999997));
#20653=CARTESIAN_POINT('',(49.9899989998,95.,-8.99999999999997));
#20654=CARTESIAN_POINT('',(49.9899989998,0.,-8.99999999999997));
#20655=CARTESIAN_POINT('Origin',(51.,0.,-2.99999999999998));
#20656=CARTESIAN_POINT('',(51.,0.,-2.99999999999998));
#20657=CARTESIAN_POINT('',(51.,0.,-2.99999999999998));
#20658=CARTESIAN_POINT('',(51.,95.,-2.99999999999998));
#20659=CARTESIAN_POINT('',(51.,0.,-2.99999999999998));
#20660=CARTESIAN_POINT('',(51.,95.,-2.99999999999998));
#20661=CARTESIAN_POINT('Origin',(51.,0.,-4.99999999999999));
#20662=CARTESIAN_POINT('',(51.,0.,-4.99999999999999));
#20663=CARTESIAN_POINT('',(51.,0.,-4.99999999999999));
#20664=CARTESIAN_POINT('',(51.,95.,-4.99999999999999));
#20665=CARTESIAN_POINT('',(51.,0.,-4.99999999999999));
#20666=CARTESIAN_POINT('',(51.,95.,-4.99999999999999));
#20667=CARTESIAN_POINT('Origin',(49.9899989998,0.,-4.99999999999998));
#20668=CARTESIAN_POINT('',(49.9899989998,95.,-4.99999999999998));
#20669=CARTESIAN_POINT('',(49.9899989998,0.,-4.99999999999998));
#20670=CARTESIAN_POINT('Origin',(49.9899989998,0.,0.999999999999973));
#20671=CARTESIAN_POINT('',(51.,0.,0.999999999999982));
#20672=CARTESIAN_POINT('',(49.9899989998,0.,0.999999999999973));
#20673=CARTESIAN_POINT('',(51.,95.,0.999999999999982));
#20674=CARTESIAN_POINT('',(51.,0.,0.999999999999982));
#20675=CARTESIAN_POINT('',(49.9899989998,95.,0.999999999999973));
#20676=CARTESIAN_POINT('Origin',(50.4949994999,0.,-2.33146835171283E-14));
#20677=CARTESIAN_POINT('',(51.,0.,-1.00000000000002));
#20678=CARTESIAN_POINT('',(51.,0.,-1.00000000000002));
#20679=CARTESIAN_POINT('',(51.,0.,0.999999999999982));
#20680=CARTESIAN_POINT('Origin',(51.,0.,-1.00000000000002));
#20681=CARTESIAN_POINT('',(51.,95.,-1.00000000000002));
#20682=CARTESIAN_POINT('',(51.,95.,-1.00000000000002));
#20683=CARTESIAN_POINT('',(51.,0.,-1.00000000000002));
#20684=CARTESIAN_POINT('Origin',(51.,0.,0.999999999999982));
#20685=CARTESIAN_POINT('',(51.,95.,0.999999999999982));
#20686=CARTESIAN_POINT('Origin',(50.4949994999,95.,-2.33146835171283E-14));
#20687=UNCERTAINTY_MEASURE_WITH_UNIT(LENGTH_MEASURE(0.01),#20691,
'DISTANCE_ACCURACY_VALUE',
'Maximum model space distance between geometric entities at asserted c
onnectivities');
#20688=UNCERTAINTY_MEASURE_WITH_UNIT(LENGTH_MEASURE(0.01),#20691,
'DISTANCE_ACCURACY_VALUE',
'Maximum model space distance between geometric entities at asserted c
onnectivities');
#20689=(
GEOMETRIC_REPRESENTATION_CONTEXT(3)
GLOBAL_UNCERTAINTY_ASSIGNED_CONTEXT((#20687))
GLOBAL_UNIT_ASSIGNED_CONTEXT((#20691,#20693,#20694))
REPRESENTATION_CONTEXT('','3D')
);
#20690=(
GEOMETRIC_REPRESENTATION_CONTEXT(3)
GLOBAL_UNCERTAINTY_ASSIGNED_CONTEXT((#20688))
GLOBAL_UNIT_ASSIGNED_CONTEXT((#20691,#20693,#20694))
REPRESENTATION_CONTEXT('','3D')
);
#20691=(
LENGTH_UNIT()
NAMED_UNIT(*)
SI_UNIT(.MILLI.,.METRE.)
);
#20692=(
LENGTH_UNIT()
NAMED_UNIT(*)
SI_UNIT(.CENTI.,.METRE.)
);
#20693=(
NAMED_UNIT(*)
PLANE_ANGLE_UNIT()
SI_UNIT($,.RADIAN.)
);
#20694=(
NAMED_UNIT(*)
SI_UNIT($,.STERADIAN.)
SOLID_ANGLE_UNIT()
);
#20695=SHAPE_DEFINITION_REPRESENTATION(#20696,#20697);
#20696=PRODUCT_DEFINITION_SHAPE('',$,#20699);
#20697=SHAPE_REPRESENTATION('',(#12911),#20689);
#20698=PRODUCT_DEFINITION_CONTEXT('part definition',#20703,'design');
#20699=PRODUCT_DEFINITION('Beh\X\E4lter Bad','Beh\X\E4lter Bad',#20700,
#20698);
#20700=PRODUCT_DEFINITION_FORMATION('',$,#20705);
#20701=PRODUCT_RELATED_PRODUCT_CATEGORY('Beh\X\E4lter Bad',
'Beh\X\E4lter Bad',(#20705));
#20702=APPLICATION_PROTOCOL_DEFINITION('international standard',
'automotive_design',2009,#20703);
#20703=APPLICATION_CONTEXT(
'Core Data for Automotive Mechanical Design Process');
#20704=PRODUCT_CONTEXT('part definition',#20703,'mechanical');
#20705=PRODUCT('Beh\X\E4lter Bad','Beh\X\E4lter Bad',$,(#20704));
#20706=PRESENTATION_STYLE_ASSIGNMENT((#20707));
#20707=SURFACE_STYLE_USAGE(.BOTH.,#20710);
#20708=SURFACE_STYLE_RENDERING_WITH_PROPERTIES($,#20714,(#20709));
#20709=SURFACE_STYLE_TRANSPARENT(0.);
#20710=SURFACE_SIDE_STYLE('',(#20711,#20708));
#20711=SURFACE_STYLE_FILL_AREA(#20712);
#20712=FILL_AREA_STYLE('',(#20713));
#20713=FILL_AREA_STYLE_COLOUR('',#20714);
#20714=COLOUR_RGB('',0.580392156862745,0.541176470588235,0.443137254901961);
ENDSEC;
END-ISO-10303-21;
